[lock] GPU busy (94%), settling (1/30)
+ cd /Users/andoroid/dev/jolt-wasm-prover/.worktrees/u3b-verify
+ export PW_CHANNEL=chrome BENCH_BASE=http://localhost:8247
+ PW_CHANNEL=chrome
+ BENCH_BASE=http://localhost:8247
+ SAMPLER=43741
+ BENCH_TRACING=0
+ BENCH_WEBGPU='{}'
+ node bench-chain.mjs 1111 10
+ true
+ ps axo rss,comm
+ grep -i 'Google Chrome Helper (GPU)'
+ sort -rn
+ head -1
++ date +%T
+ awk -v t=10:47:43 '{printf "[rss] %s gpu-helper %.0f MB\n", t, $1/1024}'
+ sleep 20
[page] jolt-wasm-prover build tag 2
[page] jolt-wasm-prover build tag 2
[page] [worker] webgpu up: gpu-worker 3ms, device+pipelines 1420ms
[page] [worker] webgpu up: gpu-worker 5ms, device+pipelines 1432ms
worker ready, sha2-chain loaded (tracing=false, webgpu={})
+ true
+ ps axo rss,comm
+ grep -i 'Google Chrome Helper (GPU)'
+ sort -rn
+ head -1
++ date +%T
+ awk -v t=10:48:03 '{printf "[rss] %s gpu-helper %.0f MB\n", t, $1/1024}'
+ sleep 20
+ true
+ ps axo rss,comm
+ grep -i 'Google Chrome Helper (GPU)'
+ sort -rn
+ head -1
++ date +%T
+ awk -v t=10:48:23 '{printf "[rss] %s gpu-helper %.0f MB\n", t, $1/1024}'
+ sleep 20
{"iters":1111,"run":1,"log2Padded":22,"proofSha256":"456a5012da2e5185a1381c6eff398a2fdf4522ba9068d50f6a8c11b73518cedf","proveSeconds":31.263644999980926,"verifySeconds":0.2890299999713898,"valid":true,"numCycles":3405195,"paddedCycles":4194304,"proofSize":91019,"peakMemory":2431451136,"millerServed":50,"mhz":0.13415914874937196}
iters=1111 run 1: prove 31.26s (2^22 padded, 0.134 MHz), verify 0.29s, valid=true, peak 2319 MB, miller 50
+ true
+ ps axo rss,comm
+ grep -i 'Google Chrome Helper (GPU)'
+ sort -rn
+ head -1
++ date +%T
+ awk -v t=10:48:43 '{printf "[rss] %s gpu-helper %.0f MB\n", t, $1/1024}'
+ sleep 20
{"iters":1111,"run":2,"log2Padded":22,"proofSha256":"456a5012da2e5185a1381c6eff398a2fdf4522ba9068d50f6a8c11b73518cedf","proveSeconds":28.875414999961855,"verifySeconds":0.29255999994277954,"valid":true,"numCycles":3405195,"paddedCycles":4194304,"proofSize":91019,"peakMemory":2431451136,"millerServed":100,"mhz":0.1452551937350698}
iters=1111 run 2: prove 28.88s (2^22 padded, 0.145 MHz), verify 0.29s, valid=true, peak 2319 MB, miller 100
+ true
+ ps axo rss,comm
+ sort -rn
+ grep -i 'Google Chrome Helper (GPU)'
+ head -1
++ date +%T
+ awk -v t=10:49:03 '{printf "[rss] %s gpu-helper %.0f MB\n", t, $1/1024}'
+ sleep 20
+ true
+ head -1
+ ps axo rss,comm
+ grep -i 'Google Chrome Helper (GPU)'
+ sort -rn
++ date +%T
+ awk -v t=10:49:23 '{printf "[rss] %s gpu-helper %.0f MB\n", t, $1/1024}'
+ sleep 20
{"iters":1111,"run":3,"log2Padded":22,"proofSha256":"456a5012da2e5185a1381c6eff398a2fdf4522ba9068d50f6a8c11b73518cedf","proveSeconds":28.751049999952315,"verifySeconds":0.29051500010490416,"valid":true,"numCycles":3405195,"paddedCycles":4194304,"proofSize":91019,"peakMemory":2431451136,"millerServed":150,"mhz":0.14588350686346954}
iters=1111 run 3: prove 28.75s (2^22 padded, 0.146 MHz), verify 0.29s, valid=true, peak 2319 MB, miller 150
+ true
+ sort -rn
+ grep -i 'Google Chrome Helper (GPU)'
+ ps axo rss,comm
+ head -1
++ date +%T
+ awk -v t=10:49:43 '{printf "[rss] %s gpu-helper %.0f MB\n", t, $1/1024}'
+ sleep 20
{"iters":1111,"run":4,"log2Padded":22,"proofSha256":"456a5012da2e5185a1381c6eff398a2fdf4522ba9068d50f6a8c11b73518cedf","proveSeconds":29.025894999980927,"verifySeconds":0.28534000015258787,"valid":true,"numCycles":3405195,"paddedCycles":4194304,"proofSize":91019,"peakMemory":2431451136,"millerServed":200,"mhz":0.14450214196677677}
iters=1111 run 4: prove 29.03s (2^22 padded, 0.145 MHz), verify 0.29s, valid=true, peak 2319 MB, miller 200
+ true
+ ps axo rss,comm
+ grep -i 'Google Chrome Helper (GPU)'
+ sort -rn
+ head -1
++ date +%T
+ awk -v t=10:50:04 '{printf "[rss] %s gpu-helper %.0f MB\n", t, $1/1024}'
+ sleep 20
[page] [jolt-webgpu] device LOST (Unknown): A valid external Instance reference no longer exists.
[page] [jolt-webgpu] device LOST (Unknown): A valid external Instance reference no longer exists.
[page] [gpu-worker][wedge] {"kind":"device","drainTraps":0,"rescuedWakeups":0,"signal":1,"engine":{"jobs_submitted":1,"jobs_started":1,"jobs_finished":1,"current_job_start_ms":0,"last_submit_ms":1785595670420,"last_drain_enter_ms":1785595820800,"last_drain_exit_ms":1785595820800,"device_errors":0,"device_lost":1,"caller_stall_probes":0,"pending_readbacks":0,"queue_len":0,"signal":1,"now_ms":1785595820825},"t":1785595820827}
[page] [gpu-worker][wedge] {"kind":"device","drainTraps":0,"rescuedWakeups":0,"signal":1421,"engine":{"jobs_submitted":1420,"jobs_started":1420,"jobs_finished":1420,"current_job_start_ms":0,"last_submit_ms":1785595818686,"last_drain_enter_ms":1785595818686,"last_drain_exit_ms":1785595820844,"device_errors":0,"device_lost":1,"caller_stall_probes":0,"pending_readbacks":0,"queue_len":0,"signal":1420,"now_ms":1785595820845},"t":1785595820845}
[page] panicked at /Users/andoroid/.cargo/registry/src/index.crates.io-1949cf8c6b5b557f/wgpu-29.0.4/src/backend/webgpu.rs:2331:63:
called `Result::unwrap()` on an `Err` value: JsValue(RangeError: Failed to execute 'createBuffer' on 'GPUDevice': createBuffer failed, size (4096) is too large for the implementation when mappedAtCreation == true
RangeError: createBuffer failed, size (4096) is too large for the implementation when mappedAtCreation == true
    at http://localhost:8247/pkg/jolt_wasm_prover.js:490:30
    at handleError (http://localhost:8247/pkg/jolt_wasm_prover.js:1324:18)
    at __wbg_createBuffer_2f08c0205e04efca (http://localhost:8247/pkg/jolt_wasm_prover.js:489:66)
    at jolt_wasm_prover.wasm.<wgpu[393afdffd2b50308]::backend::webgpu::webgpu_sys::gen_GpuDevice::GpuDevice>::create_buffer::__wbg_createBuffer_2f08c0205e04efca externref shim (http://localhost:8247/pkg/jolt_wasm_prover_bg.wasm:wasm-function[7536]:0xad9973)
    at jolt_wasm_prover.wasm.<wgpu[393afdffd2b50308]::backend::webgpu::WebDevice as wgpu[393afdffd2b50308]::dispatch::DeviceInterface>::create_buffer (http://localhost:8247/pkg/jolt_wasm_prover_bg.wasm:wasm-function[5130]:0xa7358a)
    at jolt_wasm_prover.wasm.<wgpu[393afdffd2b50308]::api::device::Device as wgpu[393afdffd2b50308]::util::device::DeviceExt>::create_buffer_init (http://localhost:8247/pkg/jolt_wasm_prover_bg.wasm:wasm-function[1469]:0x7b986d)
    at jolt_wasm_prover.wasm.<jolt_kernels[871592169d3f2361]::webgpu::slots::bytecode_read_raf::WebGpuBytecodeCycleKernel>::device_round::{closure#0}::{closure#0} (http://localhost:8247/pkg/jolt_wasm_prover_bg.wasm:wasm-function[772]:0x631599)
    at jolt_wasm_prover.wasm.<jolt_kernels[871592169d3f2361]::webgpu::engine::WebGpuEngine>::run::<alloc[f4032eb4356d4e33]::vec::Vec<u8>, <jolt_kernels[871592169d3f2361]::webgpu::slots::joint_opening::FoldEngine>::device_fold::{closure#0}>::{closure#0}::{closure#0} (http://localhost:8247/pkg/jolt_wasm_prover_bg.wasm:wasm-function[3842]:0x9e4078)
    at jolt_wasm_prover.wasm.wasm_bindgen_futures[7ecca09fc939117]::future_to_promise::<jolt_kernels[871592169d3f2361]::webgpu::engine::_::__wasm_bindgen_generated_jolt_webgpu_drain::{closure#0}>::{closure#0}::{closure#0} (http://localhost:8247/pkg/jolt_wasm_prover_bg.wasm:wasm-function[2515]:0x8e1057)
    at jolt_wasm_prover.wasm.<wasm_bindgen_futures[7ecca09fc939117]::task::multithread::Task>::run (http://localhost:8247/pkg/jolt_wasm_prover_bg.wasm:wasm-function[3879]:0x9e9db3))

Stack:

Error
    at __wbg_new_227d7c05414eb861 (http://localhost:8247/pkg/jolt_wasm_prover.js:810:25)
    at jolt_wasm_prover.wasm.<console_error_panic_hook[b32ec98883b4775b]::Error>::new::__wbg_new_227d7c05414eb861 externref shim (http://localhost:8247/pkg/jolt_wasm_prover_bg.wasm:wasm-function[7700]:0xada999)
    at jolt_wasm_prover.wasm.console_error_panic_hook[b32ec98883b4775b]::hook (http://localhost:8247/pkg/jolt_wasm_prover_bg.wasm:wasm-function[2187]:0x88ff81)
    at jolt_wasm_prover.wasm.<console_error_panic_hook[b32ec98883b4775b]::hook as core[150b7b1393586f74]::ops::function::Fn<(&std[250caa4097ed3c5d]::panic::PanicHookInfo,)>>::call (http://localhost:8247/pkg/jolt_wasm_prover_bg.wasm:wasm-function[7981]:0xadb7af)
    at jolt_wasm_prover.wasm.std[250caa4097ed3c5d]::panicking::panic_with_hook (http://localhost:8247/pkg/jolt_wasm_prover_bg.wasm:wasm-function[5334]:0xa81479)
    at jolt_wasm_prover.wasm.std[250caa4097ed3c5d]::panicking::panic_handler::{closure#0} (http://localhost:8247/pkg/jolt_wasm_prover_bg.wasm:wasm-function[6764]:0xacab62)
    at jolt_wasm_prover.wasm.std[250caa4097ed3c5d]::sys::backtrace::__rust_end_short_backtrace::<std[250caa4097ed3c5d]::panicking::panic_handler::{closure#0}, !> (http://localhost:8247/pkg/jolt_wasm_prover_bg.wasm:wasm-function[7896]:0xadb494)
    at jolt_wasm_prover.wasm.__rustc[7df315d423e9549c]::rust_begin_unwind (http://localhost:8247/pkg/jolt_wasm_prover_bg.wasm:wasm-function[7373]:0xad8196)
    at jolt_wasm_prover.wasm.core[150b7b1393586f74]::panicking::panic_fmt (http://localhost:8247/pkg/jolt_wasm_prover_bg.wasm:wasm-function[7264]:0xad69ee)
    at jolt_wasm_prover.wasm.core[150b7b1393586f74]::result::unwrap_failed (http://localhost:8247/pkg/jolt_wasm_prover_bg.wasm:wasm-function[6992]:0xad12b7)


+ true
+ ps axo rss,comm
+ grep -i 'Google Chrome Helper (GPU)'
+ sort -rn
+ head -1
++ date +%T
+ awk -v t=10:50:24 '{printf "[rss] %s gpu-helper %.0f MB\n", t, $1/1024}'
+ sleep 20
[page] [gpu-worker][wedge] {"kind":"device","drainTraps":0,"rescuedWakeups":0,"signal":1,"engine":{"jobs_submitted":1,"jobs_started":1,"jobs_finished":1,"current_job_start_ms":0,"last_submit_ms":1785595670420,"last_drain_enter_ms":1785595825352,"last_drain_exit_ms":1785595825352,"device_errors":0,"device_lost":1,"caller_stall_probes":0,"pending_readbacks":0,"queue_len":0,"signal":1,"now_ms":1785595825539},"t":1785595825539}
[page] [gpu-worker][wedge] {"kind":"device","drainTraps":0,"rescuedWakeups":0,"signal":1421,"engine":{"jobs_submitted":1421,"jobs_started":1421,"jobs_finished":1420,"current_job_start_ms":1785595820846,"last_submit_ms":1785595820845,"last_drain_enter_ms":1785595820846,"last_drain_exit_ms":1785595820844,"device_errors":0,"device_lost":1,"caller_stall_probes":0,"pending_readbacks":0,"queue_len":0,"signal":1421,"now_ms":1785595825546},"t":1785595825546}
[page] [jolt-webgpu] engine.run caller stalled 5077 ms: {"jobs_submitted":1421,"jobs_started":1421,"jobs_finished":1420,"current_job_start_ms":1785595820846,"last_submit_ms":1785595820845,"last_drain_enter_ms":1785595820846,"last_drain_exit_ms":1785595820844,"device_errors":0,"device_lost":1,"caller_stall_probes":1,"pending_readbacks":0,"queue_len":0,"signal":1421,"now_ms":1785595825922}
[page] [gpu-worker][wedge] {"kind":"device","drainTraps":0,"rescuedWakeups":0,"signal":1,"engine":{"jobs_submitted":1,"jobs_started":1,"jobs_finished":1,"current_job_start_ms":0,"last_submit_ms":1785595670420,"last_drain_enter_ms":1785595830336,"last_drain_exit_ms":1785595830336,"device_errors":0,"device_lost":1,"caller_stall_probes":0,"pending_readbacks":0,"queue_len":0,"signal":1,"now_ms":1785595830541},"t":1785595830541}
[page] [gpu-worker][wedge] {"kind":"stall","jobDied":false,"stuckJob":true,"jobAgeMs":9695,"drainTraps":0,"rescuedWakeups":0,"signal":1421,"engine":{"jobs_submitted":1421,"jobs_started":1421,"jobs_finished":1420,"current_job_start_ms":1785595820846,"last_submit_ms":1785595820845,"last_drain_enter_ms":1785595820846,"last_drain_exit_ms":1785595820844,"device_errors":0,"device_lost":1,"caller_stall_probes":1,"pending_readbacks":0,"queue_len":0,"signal":1421,"now_ms":1785595830542},"t":1785595830542}
[page] [jolt-webgpu] engine.run caller stalled 10704 ms: {"jobs_submitted":1421,"jobs_started":1421,"jobs_finished":1420,"current_job_start_ms":1785595820846,"last_submit_ms":1785595820845,"last_drain_enter_ms":1785595820846,"last_drain_exit_ms":1785595820844,"device_errors":0,"device_lost":1,"caller_stall_probes":2,"pending_readbacks":0,"queue_len":0,"signal":1421,"now_ms":1785595831549}
[page] [gpu-worker][wedge] {"kind":"device","drainTraps":0,"rescuedWakeups":0,"signal":1,"engine":{"jobs_submitted":1,"jobs_started":1,"jobs_finished":1,"current_job_start_ms":0,"last_submit_ms":1785595670420,"last_drain_enter_ms":1785595835408,"last_drain_exit_ms":1785595835408,"device_errors":0,"device_lost":1,"caller_stall_probes":0,"pending_readbacks":0,"queue_len":0,"signal":1,"now_ms":1785595835431},"t":1785595835431}
[page] [gpu-worker][wedge] {"kind":"stall","jobDied":false,"stuckJob":true,"jobAgeMs":14586,"drainTraps":0,"rescuedWakeups":0,"signal":1421,"engine":{"jobs_submitted":1421,"jobs_started":1421,"jobs_finished":1420,"current_job_start_ms":1785595820846,"last_submit_ms":1785595820845,"last_drain_enter_ms":1785595820846,"last_drain_exit_ms":1785595820844,"device_errors":0,"device_lost":1,"caller_stall_probes":2,"pending_readbacks":0,"queue_len":0,"signal":1421,"now_ms":1785595835432},"t":1785595835432}
[page] [jolt-webgpu] engine.run caller stalled 15796 ms: {"jobs_submitted":1421,"jobs_started":1421,"jobs_finished":1420,"current_job_start_ms":1785595820846,"last_submit_ms":1785595820845,"last_drain_enter_ms":1785595820846,"last_drain_exit_ms":1785595820844,"device_errors":0,"device_lost":1,"caller_stall_probes":3,"pending_readbacks":0,"queue_len":0,"signal":1421,"now_ms":1785595836641}
[page] [gpu-worker][wedge] {"kind":"stall","jobDied":false,"stuckJob":true,"jobAgeMs":19679,"drainTraps":0,"rescuedWakeups":0,"signal":1421,"engine":{"jobs_submitted":1421,"jobs_started":1421,"jobs_finished":1420,"current_job_start_ms":1785595820846,"last_submit_ms":1785595820845,"last_drain_enter_ms":1785595820846,"last_drain_exit_ms":1785595820844,"device_errors":0,"device_lost":1,"caller_stall_probes":3,"pending_readbacks":0,"queue_len":0,"signal":1421,"now_ms":1785595840525},"t":1785595840525}
[page] [gpu-worker][wedge] {"kind":"device","drainTraps":0,"rescuedWakeups":0,"signal":1,"engine":{"jobs_submitted":1,"jobs_started":1,"jobs_finished":1,"current_job_start_ms":0,"last_submit_ms":1785595670420,"last_drain_enter_ms":1785595840526,"last_drain_exit_ms":1785595840526,"device_errors":0,"device_lost":1,"caller_stall_probes":0,"pending_readbacks":0,"queue_len":0,"signal":1,"now_ms":1785595840526},"t":1785595840526}
[page] [jolt-webgpu] engine.run caller stalled 20915 ms: {"jobs_submitted":1421,"jobs_started":1421,"jobs_finished":1420,"current_job_start_ms":1785595820846,"last_submit_ms":1785595820845,"last_drain_enter_ms":1785595820846,"last_drain_exit_ms":1785595820844,"device_errors":0,"device_lost":1,"caller_stall_probes":4,"pending_readbacks":0,"queue_len":0,"signal":1421,"now_ms":1785595841760}
+ true
+ ps axo rss,comm
+ grep -i 'Google Chrome Helper (GPU)'
+ sort -rn
+ head -1
++ date +%T
+ awk -v t=10:50:44 '{printf "[rss] %s gpu-helper %.0f MB\n", t, $1/1024}'
+ sleep 20
[page] [gpu-worker][wedge] {"kind":"device","drainTraps":0,"rescuedWakeups":0,"signal":1,"engine":{"jobs_submitted":1,"jobs_started":1,"jobs_finished":1,"current_job_start_ms":0,"last_submit_ms":1785595670420,"last_drain_enter_ms":1785595845534,"last_drain_exit_ms":1785595845534,"device_errors":0,"device_lost":1,"caller_stall_probes":0,"pending_readbacks":0,"queue_len":0,"signal":1,"now_ms":1785595845534},"t":1785595845534}
[page] [gpu-worker][wedge] {"kind":"stall","jobDied":false,"stuckJob":true,"jobAgeMs":24689,"drainTraps":0,"rescuedWakeups":0,"signal":1421,"engine":{"jobs_submitted":1421,"jobs_started":1421,"jobs_finished":1420,"current_job_start_ms":1785595820846,"last_submit_ms":1785595820845,"last_drain_enter_ms":1785595820846,"last_drain_exit_ms":1785595820844,"device_errors":0,"device_lost":1,"caller_stall_probes":4,"pending_readbacks":0,"queue_len":0,"signal":1421,"now_ms":1785595845535},"t":1785595845535}
[page] [jolt-webgpu] engine.run caller stalled 25970 ms: {"jobs_submitted":1421,"jobs_started":1421,"jobs_finished":1420,"current_job_start_ms":1785595820846,"last_submit_ms":1785595820845,"last_drain_enter_ms":1785595820846,"last_drain_exit_ms":1785595820844,"device_errors":0,"device_lost":1,"caller_stall_probes":5,"pending_readbacks":0,"queue_len":0,"signal":1421,"now_ms":1785595846815}
[page] [gpu-worker][wedge] {"kind":"stall","jobDied":false,"stuckJob":true,"jobAgeMs":29586,"drainTraps":0,"rescuedWakeups":0,"signal":1421,"engine":{"jobs_submitted":1421,"jobs_started":1421,"jobs_finished":1420,"current_job_start_ms":1785595820846,"last_submit_ms":1785595820845,"last_drain_enter_ms":1785595820846,"last_drain_exit_ms":1785595820844,"device_errors":0,"device_lost":1,"caller_stall_probes":5,"pending_readbacks":0,"queue_len":0,"signal":1421,"now_ms":1785595850432},"t":1785595850432}
[page] [gpu-worker][wedge] {"kind":"device","drainTraps":0,"rescuedWakeups":0,"signal":1,"engine":{"jobs_submitted":1,"jobs_started":1,"jobs_finished":1,"current_job_start_ms":0,"last_submit_ms":1785595670420,"last_drain_enter_ms":1785595850345,"last_drain_exit_ms":1785595850345,"device_errors":0,"device_lost":1,"caller_stall_probes":0,"pending_readbacks":0,"queue_len":0,"signal":1,"now_ms":1785595850433},"t":1785595850433}
[page] [jolt-webgpu] engine.run caller stalled 31064 ms: {"jobs_submitted":1421,"jobs_started":1421,"jobs_finished":1420,"current_job_start_ms":1785595820846,"last_submit_ms":1785595820845,"last_drain_enter_ms":1785595820846,"last_drain_exit_ms":1785595820844,"device_errors":0,"device_lost":1,"caller_stall_probes":6,"pending_readbacks":0,"queue_len":0,"signal":1421,"now_ms":1785595851909}
[page] [gpu-worker][wedge] {"kind":"stall","jobDied":false,"stuckJob":true,"jobAgeMs":34640,"drainTraps":0,"rescuedWakeups":0,"signal":1421,"engine":{"jobs_submitted":1421,"jobs_started":1421,"jobs_finished":1420,"current_job_start_ms":1785595820846,"last_submit_ms":1785595820845,"last_drain_enter_ms":1785595820846,"last_drain_exit_ms":1785595820844,"device_errors":0,"device_lost":1,"caller_stall_probes":6,"pending_readbacks":0,"queue_len":0,"signal":1421,"now_ms":1785595855486},"t":1785595855486}
[page] [gpu-worker][wedge] {"kind":"device","drainTraps":0,"rescuedWakeups":0,"signal":1,"engine":{"jobs_submitted":1,"jobs_started":1,"jobs_finished":1,"current_job_start_ms":0,"last_submit_ms":1785595670420,"last_drain_enter_ms":1785595855341,"last_drain_exit_ms":1785595855341,"device_errors":0,"device_lost":1,"caller_stall_probes":0,"pending_readbacks":0,"queue_len":0,"signal":1,"now_ms":1785595855486},"t":1785595855486}
[page] [jolt-webgpu] engine.run caller stalled 36078 ms: {"jobs_submitted":1421,"jobs_started":1421,"jobs_finished":1420,"current_job_start_ms":1785595820846,"last_submit_ms":1785595820845,"last_drain_enter_ms":1785595820846,"last_drain_exit_ms":1785595820844,"device_errors":0,"device_lost":1,"caller_stall_probes":7,"pending_readbacks":0,"queue_len":0,"signal":1421,"now_ms":1785595856923}
[page] [gpu-worker][wedge] {"kind":"device","drainTraps":0,"rescuedWakeups":0,"signal":1,"engine":{"jobs_submitted":1,"jobs_started":1,"jobs_finished":1,"current_job_start_ms":0,"last_submit_ms":1785595670420,"last_drain_enter_ms":1785595860433,"last_drain_exit_ms":1785595860433,"device_errors":0,"device_lost":1,"caller_stall_probes":0,"pending_readbacks":0,"queue_len":0,"signal":1,"now_ms":1785595860433},"t":1785595860433}
[page] [gpu-worker][wedge] {"kind":"stall","jobDied":false,"stuckJob":true,"jobAgeMs":39588,"drainTraps":0,"rescuedWakeups":0,"signal":1421,"engine":{"jobs_submitted":1421,"jobs_started":1421,"jobs_finished":1420,"current_job_start_ms":1785595820846,"last_submit_ms":1785595820845,"last_drain_enter_ms":1785595820846,"last_drain_exit_ms":1785595820844,"device_errors":0,"device_lost":1,"caller_stall_probes":7,"pending_readbacks":0,"queue_len":0,"signal":1421,"now_ms":1785595860434},"t":1785595860434}
[page] [jolt-webgpu] engine.run caller stalled 41194 ms: {"jobs_submitted":1421,"jobs_started":1421,"jobs_finished":1420,"current_job_start_ms":1785595820846,"last_submit_ms":1785595820845,"last_drain_enter_ms":1785595820846,"last_drain_exit_ms":1785595820844,"device_errors":0,"device_lost":1,"caller_stall_probes":8,"pending_readbacks":0,"queue_len":0,"signal":1421,"now_ms":1785595862039}
+ true
+ ps axo rss,comm
+ grep -i 'Google Chrome Helper (GPU)'
+ sort -rn
+ head -1
++ date +%T
+ awk -v t=10:51:04 '{printf "[rss] %s gpu-helper %.0f MB\n", t, $1/1024}'
+ sleep 20
[page] [gpu-worker][wedge] {"kind":"stall","jobDied":false,"stuckJob":true,"jobAgeMs":44679,"drainTraps":0,"rescuedWakeups":0,"signal":1421,"engine":{"jobs_submitted":1421,"jobs_started":1421,"jobs_finished":1420,"current_job_start_ms":1785595820846,"last_submit_ms":1785595820845,"last_drain_enter_ms":1785595820846,"last_drain_exit_ms":1785595820844,"device_errors":0,"device_lost":1,"caller_stall_probes":8,"pending_readbacks":0,"queue_len":0,"signal":1421,"now_ms":1785595865525},"t":1785595865525}
[page] [gpu-worker][wedge] {"kind":"device","drainTraps":0,"rescuedWakeups":0,"signal":1,"engine":{"jobs_submitted":1,"jobs_started":1,"jobs_finished":1,"current_job_start_ms":0,"last_submit_ms":1785595670420,"last_drain_enter_ms":1785595865322,"last_drain_exit_ms":1785595865322,"device_errors":0,"device_lost":1,"caller_stall_probes":0,"pending_readbacks":0,"queue_len":0,"signal":1,"now_ms":1785595865525},"t":1785595865525}
[page] [jolt-webgpu] engine.run caller stalled 46320 ms: {"jobs_submitted":1421,"jobs_started":1421,"jobs_finished":1420,"current_job_start_ms":1785595820846,"last_submit_ms":1785595820845,"last_drain_enter_ms":1785595820846,"last_drain_exit_ms":1785595820844,"device_errors":0,"device_lost":1,"caller_stall_probes":9,"pending_readbacks":0,"queue_len":0,"signal":1421,"now_ms":1785595867165}
[page] [gpu-worker][wedge] {"kind":"device","drainTraps":0,"rescuedWakeups":0,"signal":1,"engine":{"jobs_submitted":1,"jobs_started":1,"jobs_finished":1,"current_job_start_ms":0,"last_submit_ms":1785595670420,"last_drain_enter_ms":1785595870420,"last_drain_exit_ms":1785595870420,"device_errors":0,"device_lost":1,"caller_stall_probes":0,"pending_readbacks":0,"queue_len":0,"signal":1,"now_ms":1785595870428},"t":1785595870428}
[page] [gpu-worker][wedge] {"kind":"stall","jobDied":false,"stuckJob":true,"jobAgeMs":49582,"drainTraps":0,"rescuedWakeups":0,"signal":1421,"engine":{"jobs_submitted":1421,"jobs_started":1421,"jobs_finished":1420,"current_job_start_ms":1785595820846,"last_submit_ms":1785595820845,"last_drain_enter_ms":1785595820846,"last_drain_exit_ms":1785595820844,"device_errors":0,"device_lost":1,"caller_stall_probes":9,"pending_readbacks":0,"queue_len":0,"signal":1421,"now_ms":1785595870428},"t":1785595870428}
[page] [jolt-webgpu] engine.run caller stalled 51439 ms: {"jobs_submitted":1421,"jobs_started":1421,"jobs_finished":1420,"current_job_start_ms":1785595820846,"last_submit_ms":1785595820845,"last_drain_enter_ms":1785595820846,"last_drain_exit_ms":1785595820844,"device_errors":0,"device_lost":1,"caller_stall_probes":10,"pending_readbacks":0,"queue_len":0,"signal":1421,"now_ms":1785595872284}
[page] [gpu-worker][wedge] {"kind":"stall","jobDied":false,"stuckJob":true,"jobAgeMs":54612,"drainTraps":0,"rescuedWakeups":0,"signal":1421,"engine":{"jobs_submitted":1421,"jobs_started":1421,"jobs_finished":1420,"current_job_start_ms":1785595820846,"last_submit_ms":1785595820845,"last_drain_enter_ms":1785595820846,"last_drain_exit_ms":1785595820844,"device_errors":0,"device_lost":1,"caller_stall_probes":10,"pending_readbacks":0,"queue_len":0,"signal":1421,"now_ms":1785595875458},"t":1785595875458}
[page] [gpu-worker][wedge] {"kind":"device","drainTraps":0,"rescuedWakeups":0,"signal":1,"engine":{"jobs_submitted":1,"jobs_started":1,"jobs_finished":1,"current_job_start_ms":0,"last_submit_ms":1785595670420,"last_drain_enter_ms":1785595875377,"last_drain_exit_ms":1785595875377,"device_errors":0,"device_lost":1,"caller_stall_probes":0,"pending_readbacks":0,"queue_len":0,"signal":1,"now_ms":1785595875460},"t":1785595875460}
[page] [jolt-webgpu] engine.run caller stalled 56541 ms: {"jobs_submitted":1421,"jobs_started":1421,"jobs_finished":1420,"current_job_start_ms":1785595820846,"last_submit_ms":1785595820845,"last_drain_enter_ms":1785595820846,"last_drain_exit_ms":1785595820844,"device_errors":0,"device_lost":1,"caller_stall_probes":11,"pending_readbacks":0,"queue_len":0,"signal":1421,"now_ms":1785595877386}
[page] [gpu-worker][wedge] {"kind":"stall","jobDied":false,"stuckJob":true,"jobAgeMs":59674,"drainTraps":0,"rescuedWakeups":0,"signal":1421,"engine":{"jobs_submitted":1421,"jobs_started":1421,"jobs_finished":1420,"current_job_start_ms":1785595820846,"last_submit_ms":1785595820845,"last_drain_enter_ms":1785595820846,"last_drain_exit_ms":1785595820844,"device_errors":0,"device_lost":1,"caller_stall_probes":11,"pending_readbacks":0,"queue_len":0,"signal":1421,"now_ms":1785595880520},"t":1785595880520}
[page] [gpu-worker][wedge] {"kind":"device","drainTraps":0,"rescuedWakeups":0,"signal":1,"engine":{"jobs_submitted":1,"jobs_started":1,"jobs_finished":1,"current_job_start_ms":0,"last_submit_ms":1785595670420,"last_drain_enter_ms":1785595880520,"last_drain_exit_ms":1785595880520,"device_errors":0,"device_lost":1,"caller_stall_probes":0,"pending_readbacks":0,"queue_len":0,"signal":1,"now_ms":1785595880520},"t":1785595880520}
[page] [jolt-webgpu] engine.run caller stalled 61691 ms: {"jobs_submitted":1421,"jobs_started":1421,"jobs_finished":1420,"current_job_start_ms":1785595820846,"last_submit_ms":1785595820845,"last_drain_enter_ms":1785595820846,"last_drain_exit_ms":1785595820844,"device_errors":0,"device_lost":1,"caller_stall_probes":12,"pending_readbacks":0,"queue_len":0,"signal":1421,"now_ms":1785595882536}
+ true
+ ps axo rss,comm
+ grep -i 'Google Chrome Helper (GPU)'
+ sort -rn
+ head -1
++ date +%T
+ awk -v t=10:51:24 '{printf "[rss] %s gpu-helper %.0f MB\n", t, $1/1024}'
+ sleep 20
[page] [gpu-worker][wedge] {"kind":"stall","jobDied":false,"stuckJob":true,"jobAgeMs":64664,"drainTraps":0,"rescuedWakeups":0,"signal":1421,"engine":{"jobs_submitted":1421,"jobs_started":1421,"jobs_finished":1420,"current_job_start_ms":1785595820846,"last_submit_ms":1785595820845,"last_drain_enter_ms":1785595820846,"last_drain_exit_ms":1785595820844,"device_errors":0,"device_lost":1,"caller_stall_probes":12,"pending_readbacks":0,"queue_len":0,"signal":1421,"now_ms":1785595885510},"t":1785595885510}
[page] [gpu-worker][wedge] {"kind":"device","drainTraps":0,"rescuedWakeups":0,"signal":1,"engine":{"jobs_submitted":1,"jobs_started":1,"jobs_finished":1,"current_job_start_ms":0,"last_submit_ms":1785595670420,"last_drain_enter_ms":1785595885510,"last_drain_exit_ms":1785595885510,"device_errors":0,"device_lost":1,"caller_stall_probes":0,"pending_readbacks":0,"queue_len":0,"signal":1,"now_ms":1785595885510},"t":1785595885510}
[page] [jolt-webgpu] engine.run caller stalled 66821 ms: {"jobs_submitted":1421,"jobs_started":1421,"jobs_finished":1420,"current_job_start_ms":1785595820846,"last_submit_ms":1785595820845,"last_drain_enter_ms":1785595820846,"last_drain_exit_ms":1785595820844,"device_errors":0,"device_lost":1,"caller_stall_probes":13,"pending_readbacks":0,"queue_len":0,"signal":1421,"now_ms":1785595887666}
[page] [gpu-worker][wedge] {"kind":"stall","jobDied":false,"stuckJob":true,"jobAgeMs":69599,"drainTraps":0,"rescuedWakeups":0,"signal":1421,"engine":{"jobs_submitted":1421,"jobs_started":1421,"jobs_finished":1420,"current_job_start_ms":1785595820846,"last_submit_ms":1785595820845,"last_drain_enter_ms":1785595820846,"last_drain_exit_ms":1785595820844,"device_errors":0,"device_lost":1,"caller_stall_probes":13,"pending_readbacks":0,"queue_len":0,"signal":1421,"now_ms":1785595890445},"t":1785595890445}
[page] [gpu-worker][wedge] {"kind":"device","drainTraps":0,"rescuedWakeups":0,"signal":1,"engine":{"jobs_submitted":1,"jobs_started":1,"jobs_finished":1,"current_job_start_ms":0,"last_submit_ms":1785595670420,"last_drain_enter_ms":1785595890411,"last_drain_exit_ms":1785595890411,"device_errors":0,"device_lost":1,"caller_stall_probes":0,"pending_readbacks":0,"queue_len":0,"signal":1,"now_ms":1785595890446},"t":1785595890446}
[page] [jolt-webgpu] engine.run caller stalled 71932 ms: {"jobs_submitted":1421,"jobs_started":1421,"jobs_finished":1420,"current_job_start_ms":1785595820846,"last_submit_ms":1785595820845,"last_drain_enter_ms":1785595820846,"last_drain_exit_ms":1785595820844,"device_errors":0,"device_lost":1,"caller_stall_probes":14,"pending_readbacks":0,"queue_len":0,"signal":1421,"now_ms":1785595892777}
[page] [gpu-worker][wedge] {"kind":"stall","jobDied":false,"stuckJob":true,"jobAgeMs":74602,"drainTraps":0,"rescuedWakeups":0,"signal":1421,"engine":{"jobs_submitted":1421,"jobs_started":1421,"jobs_finished":1420,"current_job_start_ms":1785595820846,"last_submit_ms":1785595820845,"last_drain_enter_ms":1785595820846,"last_drain_exit_ms":1785595820844,"device_errors":0,"device_lost":1,"caller_stall_probes":14,"pending_readbacks":0,"queue_len":0,"signal":1421,"now_ms":1785595895448},"t":1785595895449}
[page] [gpu-worker][wedge] {"kind":"device","drainTraps":0,"rescuedWakeups":0,"signal":1,"engine":{"jobs_submitted":1,"jobs_started":1,"jobs_finished":1,"current_job_start_ms":0,"last_submit_ms":1785595670420,"last_drain_enter_ms":1785595895348,"last_drain_exit_ms":1785595895348,"device_errors":0,"device_lost":1,"caller_stall_probes":0,"pending_readbacks":0,"queue_len":0,"signal":1,"now_ms":1785595895449},"t":1785595895449}
[page] [jolt-webgpu] engine.run caller stalled 77082 ms: {"jobs_submitted":1421,"jobs_started":1421,"jobs_finished":1420,"current_job_start_ms":1785595820846,"last_submit_ms":1785595820845,"last_drain_enter_ms":1785595820846,"last_drain_exit_ms":1785595820844,"device_errors":0,"device_lost":1,"caller_stall_probes":15,"pending_readbacks":0,"queue_len":0,"signal":1421,"now_ms":1785595897927}
[page] [gpu-worker][wedge] {"kind":"device","drainTraps":0,"rescuedWakeups":0,"signal":1,"engine":{"jobs_submitted":1,"jobs_started":1,"jobs_finished":1,"current_job_start_ms":0,"last_submit_ms":1785595670420,"last_drain_enter_ms":1785595900427,"last_drain_exit_ms":1785595900427,"device_errors":0,"device_lost":1,"caller_stall_probes":0,"pending_readbacks":0,"queue_len":0,"signal":1,"now_ms":1785595900427},"t":1785595900427}
[page] [gpu-worker][wedge] {"kind":"stall","jobDied":false,"stuckJob":true,"jobAgeMs":79582,"drainTraps":0,"rescuedWakeups":0,"signal":1421,"engine":{"jobs_submitted":1421,"jobs_started":1421,"jobs_finished":1420,"current_job_start_ms":1785595820846,"last_submit_ms":1785595820845,"last_drain_enter_ms":1785595820846,"last_drain_exit_ms":1785595820844,"device_errors":0,"device_lost":1,"caller_stall_probes":15,"pending_readbacks":0,"queue_len":0,"signal":1421,"now_ms":1785595900428},"t":1785595900428}
[page] [jolt-webgpu] engine.run caller stalled 82188 ms: {"jobs_submitted":1421,"jobs_started":1421,"jobs_finished":1420,"current_job_start_ms":1785595820846,"last_submit_ms":1785595820845,"last_drain_enter_ms":1785595820846,"last_drain_exit_ms":1785595820844,"device_errors":0,"device_lost":1,"caller_stall_probes":16,"pending_readbacks":0,"queue_len":0,"signal":1421,"now_ms":1785595903033}
+ true
+ ps axo rss,comm
+ grep -i 'Google Chrome Helper (GPU)'
+ sort -rn
+ head -1
++ date +%T
+ awk -v t=10:51:44 '{printf "[rss] %s gpu-helper %.0f MB\n", t, $1/1024}'
+ sleep 20
[page] [gpu-worker][wedge] {"kind":"stall","jobDied":false,"stuckJob":true,"jobAgeMs":84644,"drainTraps":0,"rescuedWakeups":0,"signal":1421,"engine":{"jobs_submitted":1421,"jobs_started":1421,"jobs_finished":1420,"current_job_start_ms":1785595820846,"last_submit_ms":1785595820845,"last_drain_enter_ms":1785595820846,"last_drain_exit_ms":1785595820844,"device_errors":0,"device_lost":1,"caller_stall_probes":16,"pending_readbacks":0,"queue_len":0,"signal":1421,"now_ms":1785595905490},"t":1785595905490}
[page] [gpu-worker][wedge] {"kind":"device","drainTraps":0,"rescuedWakeups":0,"signal":1,"engine":{"jobs_submitted":1,"jobs_started":1,"jobs_finished":1,"current_job_start_ms":0,"last_submit_ms":1785595670420,"last_drain_enter_ms":1785595905341,"last_drain_exit_ms":1785595905341,"device_errors":0,"device_lost":1,"caller_stall_probes":0,"pending_readbacks":0,"queue_len":0,"signal":1,"now_ms":1785595905490},"t":1785595905490}
[page] [jolt-webgpu] engine.run caller stalled 87272 ms: {"jobs_submitted":1421,"jobs_started":1421,"jobs_finished":1420,"current_job_start_ms":1785595820846,"last_submit_ms":1785595820845,"last_drain_enter_ms":1785595820846,"last_drain_exit_ms":1785595820844,"device_errors":0,"device_lost":1,"caller_stall_probes":17,"pending_readbacks":0,"queue_len":0,"signal":1421,"now_ms":1785595908117}
[page] [gpu-worker][wedge] {"kind":"stall","jobDied":false,"stuckJob":true,"jobAgeMs":89715,"drainTraps":0,"rescuedWakeups":0,"signal":1421,"engine":{"jobs_submitted":1421,"jobs_started":1421,"jobs_finished":1420,"current_job_start_ms":1785595820846,"last_submit_ms":1785595820845,"last_drain_enter_ms":1785595820846,"last_drain_exit_ms":1785595820844,"device_errors":0,"device_lost":1,"caller_stall_probes":17,"pending_readbacks":0,"queue_len":0,"signal":1421,"now_ms":1785595910561},"t":1785595910561}
[page] [gpu-worker][wedge] {"kind":"device","drainTraps":0,"rescuedWakeups":0,"signal":1,"engine":{"jobs_submitted":1,"jobs_started":1,"jobs_finished":1,"current_job_start_ms":0,"last_submit_ms":1785595670420,"last_drain_enter_ms":1785595910361,"last_drain_exit_ms":1785595910361,"device_errors":0,"device_lost":1,"caller_stall_probes":0,"pending_readbacks":0,"queue_len":0,"signal":1,"now_ms":1785595910561},"t":1785595910561}
[page] [jolt-webgpu] engine.run caller stalled 92295 ms: {"jobs_submitted":1421,"jobs_started":1421,"jobs_finished":1420,"current_job_start_ms":1785595820846,"last_submit_ms":1785595820845,"last_drain_enter_ms":1785595820846,"last_drain_exit_ms":1785595820844,"device_errors":0,"device_lost":1,"caller_stall_probes":18,"pending_readbacks":0,"queue_len":0,"signal":1421,"now_ms":1785595913140}
[page] [gpu-worker][wedge] {"kind":"device","drainTraps":0,"rescuedWakeups":0,"signal":1,"engine":{"jobs_submitted":1,"jobs_started":1,"jobs_finished":1,"current_job_start_ms":0,"last_submit_ms":1785595670420,"last_drain_enter_ms":1785595915461,"last_drain_exit_ms":1785595915461,"device_errors":0,"device_lost":1,"caller_stall_probes":0,"pending_readbacks":0,"queue_len":0,"signal":1,"now_ms":1785595915461},"t":1785595915461}
[page] [gpu-worker][wedge] {"kind":"stall","jobDied":false,"stuckJob":true,"jobAgeMs":94616,"drainTraps":0,"rescuedWakeups":0,"signal":1421,"engine":{"jobs_submitted":1421,"jobs_started":1421,"jobs_finished":1420,"current_job_start_ms":1785595820846,"last_submit_ms":1785595820845,"last_drain_enter_ms":1785595820846,"last_drain_exit_ms":1785595820844,"device_errors":0,"device_lost":1,"caller_stall_probes":18,"pending_readbacks":0,"queue_len":0,"signal":1421,"now_ms":1785595915462},"t":1785595915462}
[page] [jolt-webgpu] engine.run caller stalled 97430 ms: {"jobs_submitted":1421,"jobs_started":1421,"jobs_finished":1420,"current_job_start_ms":1785595820846,"last_submit_ms":1785595820845,"last_drain_enter_ms":1785595820846,"last_drain_exit_ms":1785595820844,"device_errors":0,"device_lost":1,"caller_stall_probes":19,"pending_readbacks":0,"queue_len":0,"signal":1421,"now_ms":1785595918275}
[page] [gpu-worker][wedge] {"kind":"device","drainTraps":0,"rescuedWakeups":0,"signal":1,"engine":{"jobs_submitted":1,"jobs_started":1,"jobs_finished":1,"current_job_start_ms":0,"last_submit_ms":1785595670420,"last_drain_enter_ms":1785595920409,"last_drain_exit_ms":1785595920409,"device_errors":0,"device_lost":1,"caller_stall_probes":0,"pending_readbacks":0,"queue_len":0,"signal":1,"now_ms":1785595920465},"t":1785595920465}
[page] [gpu-worker][wedge] {"kind":"stall","jobDied":false,"stuckJob":true,"jobAgeMs":99619,"drainTraps":0,"rescuedWakeups":0,"signal":1421,"engine":{"jobs_submitted":1421,"jobs_started":1421,"jobs_finished":1420,"current_job_start_ms":1785595820846,"last_submit_ms":1785595820845,"last_drain_enter_ms":1785595820846,"last_drain_exit_ms":1785595820844,"device_errors":0,"device_lost":1,"caller_stall_probes":19,"pending_readbacks":0,"queue_len":0,"signal":1421,"now_ms":1785595920466},"t":1785595920466}
[page] [jolt-webgpu] engine.run caller stalled 102435 ms: {"jobs_submitted":1421,"jobs_started":1421,"jobs_finished":1420,"current_job_start_ms":1785595820846,"last_submit_ms":1785595820845,"last_drain_enter_ms":1785595820846,"last_drain_exit_ms":1785595820844,"device_errors":0,"device_lost":1,"caller_stall_probes":20,"pending_readbacks":0,"queue_len":0,"signal":1421,"now_ms":1785595923280}
+ true
+ ps axo rss,comm
+ grep -i 'Google Chrome Helper (GPU)'
+ sort -rn
+ head -1
++ date +%T
+ awk -v t=10:52:05 '{printf "[rss] %s gpu-helper %.0f MB\n", t, $1/1024}'
+ sleep 20
[page] [gpu-worker][wedge] {"kind":"device","drainTraps":0,"rescuedWakeups":0,"signal":1,"engine":{"jobs_submitted":1,"jobs_started":1,"jobs_finished":1,"current_job_start_ms":0,"last_submit_ms":1785595670420,"last_drain_enter_ms":1785595925430,"last_drain_exit_ms":1785595925430,"device_errors":0,"device_lost":1,"caller_stall_probes":0,"pending_readbacks":0,"queue_len":0,"signal":1,"now_ms":1785595925430},"t":1785595925430}
[page] [gpu-worker][wedge] {"kind":"stall","jobDied":false,"stuckJob":true,"jobAgeMs":104585,"drainTraps":0,"rescuedWakeups":0,"signal":1421,"engine":{"jobs_submitted":1421,"jobs_started":1421,"jobs_finished":1420,"current_job_start_ms":1785595820846,"last_submit_ms":1785595820845,"last_drain_enter_ms":1785595820846,"last_drain_exit_ms":1785595820844,"device_errors":0,"device_lost":1,"caller_stall_probes":20,"pending_readbacks":0,"queue_len":0,"signal":1421,"now_ms":1785595925431},"t":1785595925431}
[page] [jolt-webgpu] engine.run caller stalled 107571 ms: {"jobs_submitted":1421,"jobs_started":1421,"jobs_finished":1420,"current_job_start_ms":1785595820846,"last_submit_ms":1785595820845,"last_drain_enter_ms":1785595820846,"last_drain_exit_ms":1785595820844,"device_errors":0,"device_lost":1,"caller_stall_probes":21,"pending_readbacks":0,"queue_len":0,"signal":1421,"now_ms":1785595928416}
[page] [gpu-worker][wedge] {"kind":"stall","jobDied":false,"stuckJob":true,"jobAgeMs":109645,"drainTraps":0,"rescuedWakeups":0,"signal":1421,"engine":{"jobs_submitted":1421,"jobs_started":1421,"jobs_finished":1420,"current_job_start_ms":1785595820846,"last_submit_ms":1785595820845,"last_drain_enter_ms":1785595820846,"last_drain_exit_ms":1785595820844,"device_errors":0,"device_lost":1,"caller_stall_probes":21,"pending_readbacks":0,"queue_len":0,"signal":1421,"now_ms":1785595930492},"t":1785595930492}
[page] [gpu-worker][wedge] {"kind":"device","drainTraps":0,"rescuedWakeups":0,"signal":1,"engine":{"jobs_submitted":1,"jobs_started":1,"jobs_finished":1,"current_job_start_ms":0,"last_submit_ms":1785595670420,"last_drain_enter_ms":1785595930492,"last_drain_exit_ms":1785595930492,"device_errors":0,"device_lost":1,"caller_stall_probes":0,"pending_readbacks":0,"queue_len":0,"signal":1,"now_ms":1785595930492},"t":1785595930492}
[page] [jolt-webgpu] engine.run caller stalled 112716 ms: {"jobs_submitted":1421,"jobs_started":1421,"jobs_finished":1420,"current_job_start_ms":1785595820846,"last_submit_ms":1785595820845,"last_drain_enter_ms":1785595820846,"last_drain_exit_ms":1785595820844,"device_errors":0,"device_lost":1,"caller_stall_probes":22,"pending_readbacks":0,"queue_len":0,"signal":1421,"now_ms":1785595933561}
[page] [gpu-worker][wedge] {"kind":"device","drainTraps":0,"rescuedWakeups":0,"signal":1,"engine":{"jobs_submitted":1,"jobs_started":1,"jobs_finished":1,"current_job_start_ms":0,"last_submit_ms":1785595670420,"last_drain_enter_ms":1785595935534,"last_drain_exit_ms":1785595935534,"device_errors":0,"device_lost":1,"caller_stall_probes":0,"pending_readbacks":0,"queue_len":0,"signal":1,"now_ms":1785595935534},"t":1785595935534}
[page] [gpu-worker][wedge] {"kind":"stall","jobDied":false,"stuckJob":true,"jobAgeMs":114689,"drainTraps":0,"rescuedWakeups":0,"signal":1421,"engine":{"jobs_submitted":1421,"jobs_started":1421,"jobs_finished":1420,"current_job_start_ms":1785595820846,"last_submit_ms":1785595820845,"last_drain_enter_ms":1785595820846,"last_drain_exit_ms":1785595820844,"device_errors":0,"device_lost":1,"caller_stall_probes":22,"pending_readbacks":0,"queue_len":0,"signal":1421,"now_ms":1785595935535},"t":1785595935535}
[page] [jolt-webgpu] engine.run caller stalled 117746 ms: {"jobs_submitted":1421,"jobs_started":1421,"jobs_finished":1420,"current_job_start_ms":1785595820846,"last_submit_ms":1785595820845,"last_drain_enter_ms":1785595820846,"last_drain_exit_ms":1785595820844,"device_errors":0,"device_lost":1,"caller_stall_probes":23,"pending_readbacks":0,"queue_len":0,"signal":1421,"now_ms":1785595938591}
[page] [gpu-worker][wedge] {"kind":"device","drainTraps":0,"rescuedWakeups":0,"signal":1,"engine":{"jobs_submitted":1,"jobs_started":1,"jobs_finished":1,"current_job_start_ms":0,"last_submit_ms":1785595670420,"last_drain_enter_ms":1785595940425,"last_drain_exit_ms":1785595940425,"device_errors":0,"device_lost":1,"caller_stall_probes":0,"pending_readbacks":0,"queue_len":0,"signal":1,"now_ms":1785595940426},"t":1785595940426}
[page] [gpu-worker][wedge] {"kind":"stall","jobDied":false,"stuckJob":true,"jobAgeMs":119580,"drainTraps":0,"rescuedWakeups":0,"signal":1421,"engine":{"jobs_submitted":1421,"jobs_started":1421,"jobs_finished":1420,"current_job_start_ms":1785595820846,"last_submit_ms":1785595820845,"last_drain_enter_ms":1785595820846,"last_drain_exit_ms":1785595820844,"device_errors":0,"device_lost":1,"caller_stall_probes":23,"pending_readbacks":0,"queue_len":0,"signal":1421,"now_ms":1785595940426},"t":1785595940426}
[page] [jolt-webgpu] engine.run caller stalled 122882 ms: {"jobs_submitted":1421,"jobs_started":1421,"jobs_finished":1420,"current_job_start_ms":1785595820846,"last_submit_ms":1785595820845,"last_drain_enter_ms":1785595820846,"last_drain_exit_ms":1785595820844,"device_errors":0,"device_lost":1,"caller_stall_probes":24,"pending_readbacks":0,"queue_len":0,"signal":1421,"now_ms":1785595943727}
+ true
+ ps axo rss,comm
+ grep -i 'Google Chrome Helper (GPU)'
+ sort -rn
+ head -1
++ date +%T
+ awk -v t=10:52:25 '{printf "[rss] %s gpu-helper %.0f MB\n", t, $1/1024}'
+ sleep 20
[page] [gpu-worker][wedge] {"kind":"device","drainTraps":0,"rescuedWakeups":0,"signal":1,"engine":{"jobs_submitted":1,"jobs_started":1,"jobs_finished":1,"current_job_start_ms":0,"last_submit_ms":1785595670420,"last_drain_enter_ms":1785595945375,"last_drain_exit_ms":1785595945375,"device_errors":0,"device_lost":1,"caller_stall_probes":0,"pending_readbacks":0,"queue_len":0,"signal":1,"now_ms":1785595945447},"t":1785595945447}
[page] [gpu-worker][wedge] {"kind":"stall","jobDied":false,"stuckJob":true,"jobAgeMs":124602,"drainTraps":0,"rescuedWakeups":0,"signal":1421,"engine":{"jobs_submitted":1421,"jobs_started":1421,"jobs_finished":1420,"current_job_start_ms":1785595820846,"last_submit_ms":1785595820845,"last_drain_enter_ms":1785595820846,"last_drain_exit_ms":1785595820844,"device_errors":0,"device_lost":1,"caller_stall_probes":24,"pending_readbacks":0,"queue_len":0,"signal":1421,"now_ms":1785595945448},"t":1785595945448}
[page] [jolt-webgpu] engine.run caller stalled 127893 ms: {"jobs_submitted":1421,"jobs_started":1421,"jobs_finished":1420,"current_job_start_ms":1785595820846,"last_submit_ms":1785595820845,"last_drain_enter_ms":1785595820846,"last_drain_exit_ms":1785595820844,"device_errors":0,"device_lost":1,"caller_stall_probes":25,"pending_readbacks":0,"queue_len":0,"signal":1421,"now_ms":1785595948738}
[page] [gpu-worker][wedge] {"kind":"device","drainTraps":0,"rescuedWakeups":0,"signal":1,"engine":{"jobs_submitted":1,"jobs_started":1,"jobs_finished":1,"current_job_start_ms":0,"last_submit_ms":1785595670420,"last_drain_enter_ms":1785595950458,"last_drain_exit_ms":1785595950458,"device_errors":0,"device_lost":1,"caller_stall_probes":0,"pending_readbacks":0,"queue_len":0,"signal":1,"now_ms":1785595950458},"t":1785595950458}
[page] [gpu-worker][wedge] {"kind":"stall","jobDied":false,"stuckJob":true,"jobAgeMs":129613,"drainTraps":0,"rescuedWakeups":0,"signal":1421,"engine":{"jobs_submitted":1421,"jobs_started":1421,"jobs_finished":1420,"current_job_start_ms":1785595820846,"last_submit_ms":1785595820845,"last_drain_enter_ms":1785595820846,"last_drain_exit_ms":1785595820844,"device_errors":0,"device_lost":1,"caller_stall_probes":25,"pending_readbacks":0,"queue_len":0,"signal":1421,"now_ms":1785595950459},"t":1785595950459}
[page] [jolt-webgpu] engine.run caller stalled 133043 ms: {"jobs_submitted":1421,"jobs_started":1421,"jobs_finished":1420,"current_job_start_ms":1785595820846,"last_submit_ms":1785595820845,"last_drain_enter_ms":1785595820846,"last_drain_exit_ms":1785595820844,"device_errors":0,"device_lost":1,"caller_stall_probes":26,"pending_readbacks":0,"queue_len":0,"signal":1421,"now_ms":1785595953888}
[page] [gpu-worker][wedge] {"kind":"stall","jobDied":false,"stuckJob":true,"jobAgeMs":134714,"drainTraps":0,"rescuedWakeups":0,"signal":1421,"engine":{"jobs_submitted":1421,"jobs_started":1421,"jobs_finished":1420,"current_job_start_ms":1785595820846,"last_submit_ms":1785595820845,"last_drain_enter_ms":1785595820846,"last_drain_exit_ms":1785595820844,"device_errors":0,"device_lost":1,"caller_stall_probes":26,"pending_readbacks":0,"queue_len":0,"signal":1421,"now_ms":1785595955560},"t":1785595955560}
[page] [gpu-worker][wedge] {"kind":"device","drainTraps":0,"rescuedWakeups":0,"signal":1,"engine":{"jobs_submitted":1,"jobs_started":1,"jobs_finished":1,"current_job_start_ms":0,"last_submit_ms":1785595670420,"last_drain_enter_ms":1785595955345,"last_drain_exit_ms":1785595955345,"device_errors":0,"device_lost":1,"caller_stall_probes":0,"pending_readbacks":0,"queue_len":0,"signal":1,"now_ms":1785595955560},"t":1785595955560}
[page] [jolt-webgpu] engine.run caller stalled 138186 ms: {"jobs_submitted":1421,"jobs_started":1421,"jobs_finished":1420,"current_job_start_ms":1785595820846,"last_submit_ms":1785595820845,"last_drain_enter_ms":1785595820846,"last_drain_exit_ms":1785595820844,"device_errors":0,"device_lost":1,"caller_stall_probes":27,"pending_readbacks":0,"queue_len":0,"signal":1421,"now_ms":1785595959031}
[page] [gpu-worker][wedge] {"kind":"device","drainTraps":0,"rescuedWakeups":0,"signal":1,"engine":{"jobs_submitted":1,"jobs_started":1,"jobs_finished":1,"current_job_start_ms":0,"last_submit_ms":1785595670420,"last_drain_enter_ms":1785595960511,"last_drain_exit_ms":1785595960511,"device_errors":0,"device_lost":1,"caller_stall_probes":0,"pending_readbacks":0,"queue_len":0,"signal":1,"now_ms":1785595960511},"t":1785595960511}
[page] [gpu-worker][wedge] {"kind":"stall","jobDied":false,"stuckJob":true,"jobAgeMs":139665,"drainTraps":0,"rescuedWakeups":0,"signal":1421,"engine":{"jobs_submitted":1421,"jobs_started":1421,"jobs_finished":1420,"current_job_start_ms":1785595820846,"last_submit_ms":1785595820845,"last_drain_enter_ms":1785595820846,"last_drain_exit_ms":1785595820844,"device_errors":0,"device_lost":1,"caller_stall_probes":27,"pending_readbacks":0,"queue_len":0,"signal":1421,"now_ms":1785595960512},"t":1785595960512}
[page] [jolt-webgpu] engine.run caller stalled 143278 ms: {"jobs_submitted":1421,"jobs_started":1421,"jobs_finished":1420,"current_job_start_ms":1785595820846,"last_submit_ms":1785595820845,"last_drain_enter_ms":1785595820846,"last_drain_exit_ms":1785595820844,"device_errors":0,"device_lost":1,"caller_stall_probes":28,"pending_readbacks":0,"queue_len":0,"signal":1421,"now_ms":1785595964123}
+ true
+ ps axo rss,comm
+ grep -i 'Google Chrome Helper (GPU)'
+ sort -rn
+ head -1
++ date +%T
+ awk -v t=10:52:45 '{printf "[rss] %s gpu-helper %.0f MB\n", t, $1/1024}'
+ sleep 20
[page] [gpu-worker][wedge] {"kind":"device","drainTraps":0,"rescuedWakeups":0,"signal":1,"engine":{"jobs_submitted":1,"jobs_started":1,"jobs_finished":1,"current_job_start_ms":0,"last_submit_ms":1785595670420,"last_drain_enter_ms":1785595965333,"last_drain_exit_ms":1785595965333,"device_errors":0,"device_lost":1,"caller_stall_probes":0,"pending_readbacks":0,"queue_len":0,"signal":1,"now_ms":1785595965561},"t":1785595965561}
[page] [gpu-worker][wedge] {"kind":"stall","jobDied":false,"stuckJob":true,"jobAgeMs":144715,"drainTraps":0,"rescuedWakeups":0,"signal":1421,"engine":{"jobs_submitted":1421,"jobs_started":1421,"jobs_finished":1420,"current_job_start_ms":1785595820846,"last_submit_ms":1785595820845,"last_drain_enter_ms":1785595820846,"last_drain_exit_ms":1785595820844,"device_errors":0,"device_lost":1,"caller_stall_probes":28,"pending_readbacks":0,"queue_len":0,"signal":1421,"now_ms":1785595965561},"t":1785595965561}
[page] [jolt-webgpu] engine.run caller stalled 148419 ms: {"jobs_submitted":1421,"jobs_started":1421,"jobs_finished":1420,"current_job_start_ms":1785595820846,"last_submit_ms":1785595820845,"last_drain_enter_ms":1785595820846,"last_drain_exit_ms":1785595820844,"device_errors":0,"device_lost":1,"caller_stall_probes":29,"pending_readbacks":0,"queue_len":0,"signal":1421,"now_ms":1785595969264}
[page] [gpu-worker][wedge] {"kind":"device","drainTraps":0,"rescuedWakeups":0,"signal":1,"engine":{"jobs_submitted":1,"jobs_started":1,"jobs_finished":1,"current_job_start_ms":0,"last_submit_ms":1785595670420,"last_drain_enter_ms":1785595970415,"last_drain_exit_ms":1785595970415,"device_errors":0,"device_lost":1,"caller_stall_probes":0,"pending_readbacks":0,"queue_len":0,"signal":1,"now_ms":1785595970452},"t":1785595970453}
[page] [gpu-worker][wedge] {"kind":"stall","jobDied":false,"stuckJob":true,"jobAgeMs":149607,"drainTraps":0,"rescuedWakeups":0,"signal":1421,"engine":{"jobs_submitted":1421,"jobs_started":1421,"jobs_finished":1420,"current_job_start_ms":1785595820846,"last_submit_ms":1785595820845,"last_drain_enter_ms":1785595820846,"last_drain_exit_ms":1785595820844,"device_errors":0,"device_lost":1,"caller_stall_probes":29,"pending_readbacks":0,"queue_len":0,"signal":1421,"now_ms":1785595970453},"t":1785595970453}
[page] [jolt-webgpu] engine.run caller stalled 153439 ms: {"jobs_submitted":1421,"jobs_started":1421,"jobs_finished":1420,"current_job_start_ms":1785595820846,"last_submit_ms":1785595820845,"last_drain_enter_ms":1785595820846,"last_drain_exit_ms":1785595820844,"device_errors":0,"device_lost":1,"caller_stall_probes":30,"pending_readbacks":0,"queue_len":0,"signal":1421,"now_ms":1785595974284}
[page] [gpu-worker][wedge] {"kind":"device","drainTraps":0,"rescuedWakeups":0,"signal":1,"engine":{"jobs_submitted":1,"jobs_started":1,"jobs_finished":1,"current_job_start_ms":0,"last_submit_ms":1785595670420,"last_drain_enter_ms":1785595975349,"last_drain_exit_ms":1785595975349,"device_errors":0,"device_lost":1,"caller_stall_probes":0,"pending_readbacks":0,"queue_len":0,"signal":1,"now_ms":1785595975557},"t":1785595975557}
[page] [gpu-worker][wedge] {"kind":"stall","jobDied":false,"stuckJob":true,"jobAgeMs":154711,"drainTraps":0,"rescuedWakeups":0,"signal":1421,"engine":{"jobs_submitted":1421,"jobs_started":1421,"jobs_finished":1420,"current_job_start_ms":1785595820846,"last_submit_ms":1785595820845,"last_drain_enter_ms":1785595820846,"last_drain_exit_ms":1785595820844,"device_errors":0,"device_lost":1,"caller_stall_probes":30,"pending_readbacks":0,"queue_len":0,"signal":1421,"now_ms":1785595975557},"t":1785595975558}
[page] [jolt-webgpu] engine.run caller stalled 158457 ms: {"jobs_submitted":1421,"jobs_started":1421,"jobs_finished":1420,"current_job_start_ms":1785595820846,"last_submit_ms":1785595820845,"last_drain_enter_ms":1785595820846,"last_drain_exit_ms":1785595820844,"device_errors":0,"device_lost":1,"caller_stall_probes":31,"pending_readbacks":0,"queue_len":0,"signal":1421,"now_ms":1785595979302}
[page] [gpu-worker][wedge] {"kind":"device","drainTraps":0,"rescuedWakeups":0,"signal":1,"engine":{"jobs_submitted":1,"jobs_started":1,"jobs_finished":1,"current_job_start_ms":0,"last_submit_ms":1785595670420,"last_drain_enter_ms":1785595980492,"last_drain_exit_ms":1785595980492,"device_errors":0,"device_lost":1,"caller_stall_probes":0,"pending_readbacks":0,"queue_len":0,"signal":1,"now_ms":1785595980492},"t":1785595980492}
[page] [gpu-worker][wedge] {"kind":"stall","jobDied":false,"stuckJob":true,"jobAgeMs":159647,"drainTraps":0,"rescuedWakeups":0,"signal":1421,"engine":{"jobs_submitted":1421,"jobs_started":1421,"jobs_finished":1420,"current_job_start_ms":1785595820846,"last_submit_ms":1785595820845,"last_drain_enter_ms":1785595820846,"last_drain_exit_ms":1785595820844,"device_errors":0,"device_lost":1,"caller_stall_probes":31,"pending_readbacks":0,"queue_len":0,"signal":1421,"now_ms":1785595980493},"t":1785595980493}
[page] [jolt-webgpu] engine.run caller stalled 163598 ms: {"jobs_submitted":1421,"jobs_started":1421,"jobs_finished":1420,"current_job_start_ms":1785595820846,"last_submit_ms":1785595820845,"last_drain_enter_ms":1785595820846,"last_drain_exit_ms":1785595820844,"device_errors":0,"device_lost":1,"caller_stall_probes":32,"pending_readbacks":0,"queue_len":0,"signal":1421,"now_ms":1785595984443}
[page] [gpu-worker][wedge] {"kind":"device","drainTraps":0,"rescuedWakeups":0,"signal":1,"engine":{"jobs_submitted":1,"jobs_started":1,"jobs_finished":1,"current_job_start_ms":0,"last_submit_ms":1785595670420,"last_drain_enter_ms":1785595985385,"last_drain_exit_ms":1785595985385,"device_errors":0,"device_lost":1,"caller_stall_probes":0,"pending_readbacks":0,"queue_len":0,"signal":1,"now_ms":1785595985542},"t":1785595985542}
[page] [gpu-worker][wedge] {"kind":"stall","jobDied":false,"stuckJob":true,"jobAgeMs":164697,"drainTraps":0,"rescuedWakeups":0,"signal":1421,"engine":{"jobs_submitted":1421,"jobs_started":1421,"jobs_finished":1420,"current_job_start_ms":1785595820846,"last_submit_ms":1785595820845,"last_drain_enter_ms":1785595820846,"last_drain_exit_ms":1785595820844,"device_errors":0,"device_lost":1,"caller_stall_probes":32,"pending_readbacks":0,"queue_len":0,"signal":1421,"now_ms":1785595985543},"t":1785595985543}
+ true
+ ps axo rss,comm
+ grep -i 'Google Chrome Helper (GPU)'
+ sort -rn
+ head -1
++ date +%T
+ awk -v t=10:53:05 '{printf "[rss] %s gpu-helper %.0f MB\n", t, $1/1024}'
+ sleep 20
[page] [jolt-webgpu] engine.run caller stalled 168747 ms: {"jobs_submitted":1421,"jobs_started":1421,"jobs_finished":1420,"current_job_start_ms":1785595820846,"last_submit_ms":1785595820845,"last_drain_enter_ms":1785595820846,"last_drain_exit_ms":1785595820844,"device_errors":0,"device_lost":1,"caller_stall_probes":33,"pending_readbacks":0,"queue_len":0,"signal":1421,"now_ms":1785595989592}
[page] [gpu-worker][wedge] {"kind":"device","drainTraps":0,"rescuedWakeups":0,"signal":1,"engine":{"jobs_submitted":1,"jobs_started":1,"jobs_finished":1,"current_job_start_ms":0,"last_submit_ms":1785595670420,"last_drain_enter_ms":1785595990359,"last_drain_exit_ms":1785595990359,"device_errors":0,"device_lost":1,"caller_stall_probes":0,"pending_readbacks":0,"queue_len":0,"signal":1,"now_ms":1785595990469},"t":1785595990469}
[page] [gpu-worker][wedge] {"kind":"stall","jobDied":false,"stuckJob":true,"jobAgeMs":169623,"drainTraps":0,"rescuedWakeups":0,"signal":1421,"engine":{"jobs_submitted":1421,"jobs_started":1421,"jobs_finished":1420,"current_job_start_ms":1785595820846,"last_submit_ms":1785595820845,"last_drain_enter_ms":1785595820846,"last_drain_exit_ms":1785595820844,"device_errors":0,"device_lost":1,"caller_stall_probes":33,"pending_readbacks":0,"queue_len":0,"signal":1421,"now_ms":1785595990470},"t":1785595990470}
[page] [jolt-webgpu] engine.run caller stalled 173893 ms: {"jobs_submitted":1421,"jobs_started":1421,"jobs_finished":1420,"current_job_start_ms":1785595820846,"last_submit_ms":1785595820845,"last_drain_enter_ms":1785595820846,"last_drain_exit_ms":1785595820844,"device_errors":0,"device_lost":1,"caller_stall_probes":34,"pending_readbacks":0,"queue_len":0,"signal":1421,"now_ms":1785595994738}
[page] [gpu-worker][wedge] {"kind":"stall","jobDied":false,"stuckJob":true,"jobAgeMs":174693,"drainTraps":0,"rescuedWakeups":0,"signal":1421,"engine":{"jobs_submitted":1421,"jobs_started":1421,"jobs_finished":1420,"current_job_start_ms":1785595820846,"last_submit_ms":1785595820845,"last_drain_enter_ms":1785595820846,"last_drain_exit_ms":1785595820844,"device_errors":0,"device_lost":1,"caller_stall_probes":34,"pending_readbacks":0,"queue_len":0,"signal":1421,"now_ms":1785595995539},"t":1785595995540}
[page] [gpu-worker][wedge] {"kind":"device","drainTraps":0,"rescuedWakeups":0,"signal":1,"engine":{"jobs_submitted":1,"jobs_started":1,"jobs_finished":1,"current_job_start_ms":0,"last_submit_ms":1785595670420,"last_drain_enter_ms":1785595995539,"last_drain_exit_ms":1785595995539,"device_errors":0,"device_lost":1,"caller_stall_probes":0,"pending_readbacks":0,"queue_len":0,"signal":1,"now_ms":1785595995540},"t":1785595995540}
[page] [jolt-webgpu] engine.run caller stalled 178992 ms: {"jobs_submitted":1421,"jobs_started":1421,"jobs_finished":1420,"current_job_start_ms":1785595820846,"last_submit_ms":1785595820845,"last_drain_enter_ms":1785595820846,"last_drain_exit_ms":1785595820844,"device_errors":0,"device_lost":1,"caller_stall_probes":35,"pending_readbacks":0,"queue_len":0,"signal":1421,"now_ms":1785595999837}
[page] [gpu-worker][wedge] {"kind":"stall","jobDied":false,"stuckJob":true,"jobAgeMs":179633,"drainTraps":0,"rescuedWakeups":0,"signal":1421,"engine":{"jobs_submitted":1421,"jobs_started":1421,"jobs_finished":1420,"current_job_start_ms":1785595820846,"last_submit_ms":1785595820845,"last_drain_enter_ms":1785595820846,"last_drain_exit_ms":1785595820844,"device_errors":0,"device_lost":1,"caller_stall_probes":35,"pending_readbacks":0,"queue_len":0,"signal":1421,"now_ms":1785596000479},"t":1785596000479}
[page] [gpu-worker][wedge] {"kind":"device","drainTraps":0,"rescuedWakeups":0,"signal":1,"engine":{"jobs_submitted":1,"jobs_started":1,"jobs_finished":1,"current_job_start_ms":0,"last_submit_ms":1785595670420,"last_drain_enter_ms":1785596000377,"last_drain_exit_ms":1785596000377,"device_errors":0,"device_lost":1,"caller_stall_probes":0,"pending_readbacks":0,"queue_len":0,"signal":1,"now_ms":1785596000479},"t":1785596000479}
[page] [jolt-webgpu] engine.run caller stalled 184134 ms: {"jobs_submitted":1421,"jobs_started":1421,"jobs_finished":1420,"current_job_start_ms":1785595820846,"last_submit_ms":1785595820845,"last_drain_enter_ms":1785595820846,"last_drain_exit_ms":1785595820844,"device_errors":0,"device_lost":1,"caller_stall_probes":36,"pending_readbacks":0,"queue_len":0,"signal":1421,"now_ms":1785596004979}
[page] [gpu-worker][wedge] {"kind":"device","drainTraps":0,"rescuedWakeups":0,"signal":1,"engine":{"jobs_submitted":1,"jobs_started":1,"jobs_finished":1,"current_job_start_ms":0,"last_submit_ms":1785595670420,"last_drain_enter_ms":1785596005476,"last_drain_exit_ms":1785596005476,"device_errors":0,"device_lost":1,"caller_stall_probes":0,"pending_readbacks":0,"queue_len":0,"signal":1,"now_ms":1785596005476},"t":1785596005476}
[page] [gpu-worker][wedge] {"kind":"stall","jobDied":false,"stuckJob":true,"jobAgeMs":184630,"drainTraps":0,"rescuedWakeups":0,"signal":1421,"engine":{"jobs_submitted":1421,"jobs_started":1421,"jobs_finished":1420,"current_job_start_ms":1785595820846,"last_submit_ms":1785595820845,"last_drain_enter_ms":1785595820846,"last_drain_exit_ms":1785595820844,"device_errors":0,"device_lost":1,"caller_stall_probes":36,"pending_readbacks":0,"queue_len":0,"signal":1421,"now_ms":1785596005476},"t":1785596005476}
+ true
+ ps axo rss,comm
+ grep -i 'Google Chrome Helper (GPU)'
+ sort -rn
+ head -1
++ date +%T
+ awk -v t=10:53:25 '{printf "[rss] %s gpu-helper %.0f MB\n", t, $1/1024}'
+ sleep 20
[page] [jolt-webgpu] engine.run caller stalled 189266 ms: {"jobs_submitted":1421,"jobs_started":1421,"jobs_finished":1420,"current_job_start_ms":1785595820846,"last_submit_ms":1785595820845,"last_drain_enter_ms":1785595820846,"last_drain_exit_ms":1785595820844,"device_errors":0,"device_lost":1,"caller_stall_probes":37,"pending_readbacks":0,"queue_len":0,"signal":1421,"now_ms":1785596010111}
[page] [gpu-worker][wedge] {"kind":"device","drainTraps":0,"rescuedWakeups":0,"signal":1,"engine":{"jobs_submitted":1,"jobs_started":1,"jobs_finished":1,"current_job_start_ms":0,"last_submit_ms":1785595670420,"last_drain_enter_ms":1785596010508,"last_drain_exit_ms":1785596010508,"device_errors":0,"device_lost":1,"caller_stall_probes":0,"pending_readbacks":0,"queue_len":0,"signal":1,"now_ms":1785596010508},"t":1785596010508}
[page] [gpu-worker][wedge] {"kind":"stall","jobDied":false,"stuckJob":true,"jobAgeMs":189663,"drainTraps":0,"rescuedWakeups":0,"signal":1421,"engine":{"jobs_submitted":1421,"jobs_started":1421,"jobs_finished":1420,"current_job_start_ms":1785595820846,"last_submit_ms":1785595820845,"last_drain_enter_ms":1785595820846,"last_drain_exit_ms":1785595820844,"device_errors":0,"device_lost":1,"caller_stall_probes":37,"pending_readbacks":0,"queue_len":0,"signal":1421,"now_ms":1785596010509},"t":1785596010509}
[page] [jolt-webgpu] engine.run caller stalled 194414 ms: {"jobs_submitted":1421,"jobs_started":1421,"jobs_finished":1420,"current_job_start_ms":1785595820846,"last_submit_ms":1785595820845,"last_drain_enter_ms":1785595820846,"last_drain_exit_ms":1785595820844,"device_errors":0,"device_lost":1,"caller_stall_probes":38,"pending_readbacks":0,"queue_len":0,"signal":1421,"now_ms":1785596015259}
[page] [gpu-worker][wedge] {"kind":"device","drainTraps":0,"rescuedWakeups":0,"signal":1,"engine":{"jobs_submitted":1,"jobs_started":1,"jobs_finished":1,"current_job_start_ms":0,"last_submit_ms":1785595670420,"last_drain_enter_ms":1785596015479,"last_drain_exit_ms":1785596015479,"device_errors":0,"device_lost":1,"caller_stall_probes":0,"pending_readbacks":0,"queue_len":0,"signal":1,"now_ms":1785596015479},"t":1785596015479}
[page] [gpu-worker][wedge] {"kind":"stall","jobDied":false,"stuckJob":true,"jobAgeMs":194634,"drainTraps":0,"rescuedWakeups":0,"signal":1421,"engine":{"jobs_submitted":1421,"jobs_started":1421,"jobs_finished":1420,"current_job_start_ms":1785595820846,"last_submit_ms":1785595820845,"last_drain_enter_ms":1785595820846,"last_drain_exit_ms":1785595820844,"device_errors":0,"device_lost":1,"caller_stall_probes":38,"pending_readbacks":0,"queue_len":0,"signal":1421,"now_ms":1785596015480},"t":1785596015480}
[page] [jolt-webgpu] engine.run caller stalled 199564 ms: {"jobs_submitted":1421,"jobs_started":1421,"jobs_finished":1420,"current_job_start_ms":1785595820846,"last_submit_ms":1785595820845,"last_drain_enter_ms":1785595820846,"last_drain_exit_ms":1785595820844,"device_errors":0,"device_lost":1,"caller_stall_probes":39,"pending_readbacks":0,"queue_len":0,"signal":1421,"now_ms":1785596020409}
[page] [gpu-worker][wedge] {"kind":"device","drainTraps":0,"rescuedWakeups":0,"signal":1,"engine":{"jobs_submitted":1,"jobs_started":1,"jobs_finished":1,"current_job_start_ms":0,"last_submit_ms":1785595670420,"last_drain_enter_ms":1785596020411,"last_drain_exit_ms":1785596020411,"device_errors":0,"device_lost":1,"caller_stall_probes":0,"pending_readbacks":0,"queue_len":0,"signal":1,"now_ms":1785596020492},"t":1785596020492}
[page] [gpu-worker][wedge] {"kind":"stall","jobDied":false,"stuckJob":true,"jobAgeMs":199646,"drainTraps":0,"rescuedWakeups":0,"signal":1421,"engine":{"jobs_submitted":1421,"jobs_started":1421,"jobs_finished":1420,"current_job_start_ms":1785595820846,"last_submit_ms":1785595820845,"last_drain_enter_ms":1785595820846,"last_drain_exit_ms":1785595820844,"device_errors":0,"device_lost":1,"caller_stall_probes":39,"pending_readbacks":0,"queue_len":0,"signal":1421,"now_ms":1785596020492},"t":1785596020492}
[page] [gpu-worker][wedge] {"kind":"device","drainTraps":0,"rescuedWakeups":0,"signal":1,"engine":{"jobs_submitted":1,"jobs_started":1,"jobs_finished":1,"current_job_start_ms":0,"last_submit_ms":1785595670420,"last_drain_enter_ms":1785596025523,"last_drain_exit_ms":1785596025523,"device_errors":0,"device_lost":1,"caller_stall_probes":0,"pending_readbacks":0,"queue_len":0,"signal":1,"now_ms":1785596025524},"t":1785596025524}
[page] [gpu-worker][wedge] {"kind":"stall","jobDied":false,"stuckJob":true,"jobAgeMs":204678,"drainTraps":0,"rescuedWakeups":0,"signal":1421,"engine":{"jobs_submitted":1421,"jobs_started":1421,"jobs_finished":1420,"current_job_start_ms":1785595820846,"last_submit_ms":1785595820845,"last_drain_enter_ms":1785595820846,"last_drain_exit_ms":1785595820844,"device_errors":0,"device_lost":1,"caller_stall_probes":39,"pending_readbacks":0,"queue_len":0,"signal":1421,"now_ms":1785596025524},"t":1785596025524}
[page] [jolt-webgpu] engine.run caller stalled 204714 ms: {"jobs_submitted":1421,"jobs_started":1421,"jobs_finished":1420,"current_job_start_ms":1785595820846,"last_submit_ms":1785595820845,"last_drain_enter_ms":1785595820846,"last_drain_exit_ms":1785595820844,"device_errors":0,"device_lost":1,"caller_stall_probes":40,"pending_readbacks":0,"queue_len":0,"signal":1421,"now_ms":1785596025559}
+ true
+ ps axo rss,comm
+ grep -i 'Google Chrome Helper (GPU)'
+ sort -rn
+ head -1
++ date +%T
+ awk -v t=10:53:46 '{printf "[rss] %s gpu-helper %.0f MB\n", t, $1/1024}'
+ sleep 20
[page] [gpu-worker][wedge] {"kind":"device","drainTraps":0,"rescuedWakeups":0,"signal":1,"engine":{"jobs_submitted":1,"jobs_started":1,"jobs_finished":1,"current_job_start_ms":0,"last_submit_ms":1785595670420,"last_drain_enter_ms":1785596030534,"last_drain_exit_ms":1785596030534,"device_errors":0,"device_lost":1,"caller_stall_probes":0,"pending_readbacks":0,"queue_len":0,"signal":1,"now_ms":1785596030535},"t":1785596030535}
[page] [gpu-worker][wedge] {"kind":"stall","jobDied":false,"stuckJob":true,"jobAgeMs":209689,"drainTraps":0,"rescuedWakeups":0,"signal":1421,"engine":{"jobs_submitted":1421,"jobs_started":1421,"jobs_finished":1420,"current_job_start_ms":1785595820846,"last_submit_ms":1785595820845,"last_drain_enter_ms":1785595820846,"last_drain_exit_ms":1785595820844,"device_errors":0,"device_lost":1,"caller_stall_probes":40,"pending_readbacks":0,"queue_len":0,"signal":1421,"now_ms":1785596030535},"t":1785596030535}
[page] [jolt-webgpu] engine.run caller stalled 209737 ms: {"jobs_submitted":1421,"jobs_started":1421,"jobs_finished":1420,"current_job_start_ms":1785595820846,"last_submit_ms":1785595820845,"last_drain_enter_ms":1785595820846,"last_drain_exit_ms":1785595820844,"device_errors":0,"device_lost":1,"caller_stall_probes":41,"pending_readbacks":0,"queue_len":0,"signal":1421,"now_ms":1785596030582}
[page] [gpu-worker][wedge] {"kind":"device","drainTraps":0,"rescuedWakeups":0,"signal":1,"engine":{"jobs_submitted":1,"jobs_started":1,"jobs_finished":1,"current_job_start_ms":0,"last_submit_ms":1785595670420,"last_drain_enter_ms":1785596035525,"last_drain_exit_ms":1785596035525,"device_errors":0,"device_lost":1,"caller_stall_probes":0,"pending_readbacks":0,"queue_len":0,"signal":1,"now_ms":1785596035525},"t":1785596035525}
[page] [gpu-worker][wedge] {"kind":"stall","jobDied":false,"stuckJob":true,"jobAgeMs":214680,"drainTraps":0,"rescuedWakeups":0,"signal":1421,"engine":{"jobs_submitted":1421,"jobs_started":1421,"jobs_finished":1420,"current_job_start_ms":1785595820846,"last_submit_ms":1785595820845,"last_drain_enter_ms":1785595820846,"last_drain_exit_ms":1785595820844,"device_errors":0,"device_lost":1,"caller_stall_probes":41,"pending_readbacks":0,"queue_len":0,"signal":1421,"now_ms":1785596035526},"t":1785596035526}
[page] [jolt-webgpu] engine.run caller stalled 214744 ms: {"jobs_submitted":1421,"jobs_started":1421,"jobs_finished":1420,"current_job_start_ms":1785595820846,"last_submit_ms":1785595820845,"last_drain_enter_ms":1785595820846,"last_drain_exit_ms":1785595820844,"device_errors":0,"device_lost":1,"caller_stall_probes":42,"pending_readbacks":0,"queue_len":0,"signal":1421,"now_ms":1785596035589}
[page] [gpu-worker][wedge] {"kind":"device","drainTraps":0,"rescuedWakeups":0,"signal":1,"engine":{"jobs_submitted":1,"jobs_started":1,"jobs_finished":1,"current_job_start_ms":0,"last_submit_ms":1785595670420,"last_drain_enter_ms":1785596040436,"last_drain_exit_ms":1785596040436,"device_errors":0,"device_lost":1,"caller_stall_probes":0,"pending_readbacks":0,"queue_len":0,"signal":1,"now_ms":1785596040436},"t":1785596040436}
[page] [gpu-worker][wedge] {"kind":"stall","jobDied":false,"stuckJob":true,"jobAgeMs":219591,"drainTraps":0,"rescuedWakeups":0,"signal":1421,"engine":{"jobs_submitted":1421,"jobs_started":1421,"jobs_finished":1420,"current_job_start_ms":1785595820846,"last_submit_ms":1785595820845,"last_drain_enter_ms":1785595820846,"last_drain_exit_ms":1785595820844,"device_errors":0,"device_lost":1,"caller_stall_probes":42,"pending_readbacks":0,"queue_len":0,"signal":1421,"now_ms":1785596040437},"t":1785596040437}
[page] [jolt-webgpu] engine.run caller stalled 219749 ms: {"jobs_submitted":1421,"jobs_started":1421,"jobs_finished":1420,"current_job_start_ms":1785595820846,"last_submit_ms":1785595820845,"last_drain_enter_ms":1785595820846,"last_drain_exit_ms":1785595820844,"device_errors":0,"device_lost":1,"caller_stall_probes":43,"pending_readbacks":0,"queue_len":0,"signal":1421,"now_ms":1785596040594}
[page] [gpu-worker][wedge] {"kind":"device","drainTraps":0,"rescuedWakeups":0,"signal":1,"engine":{"jobs_submitted":1,"jobs_started":1,"jobs_finished":1,"current_job_start_ms":0,"last_submit_ms":1785595670420,"last_drain_enter_ms":1785596045530,"last_drain_exit_ms":1785596045530,"device_errors":0,"device_lost":1,"caller_stall_probes":0,"pending_readbacks":0,"queue_len":0,"signal":1,"now_ms":1785596045531},"t":1785596045531}
[page] [gpu-worker][wedge] {"kind":"stall","jobDied":false,"stuckJob":true,"jobAgeMs":224685,"drainTraps":0,"rescuedWakeups":0,"signal":1421,"engine":{"jobs_submitted":1421,"jobs_started":1421,"jobs_finished":1420,"current_job_start_ms":1785595820846,"last_submit_ms":1785595820845,"last_drain_enter_ms":1785595820846,"last_drain_exit_ms":1785595820844,"device_errors":0,"device_lost":1,"caller_stall_probes":43,"pending_readbacks":0,"queue_len":0,"signal":1421,"now_ms":1785596045531},"t":1785596045531}
[page] [jolt-webgpu] engine.run caller stalled 224878 ms: {"jobs_submitted":1421,"jobs_started":1421,"jobs_finished":1420,"current_job_start_ms":1785595820846,"last_submit_ms":1785595820845,"last_drain_enter_ms":1785595820846,"last_drain_exit_ms":1785595820844,"device_errors":0,"device_lost":1,"caller_stall_probes":44,"pending_readbacks":0,"queue_len":0,"signal":1421,"now_ms":1785596045723}
+ true
+ ps axo rss,comm
+ grep -i 'Google Chrome Helper (GPU)'
+ sort -rn
+ head -1
++ date +%T
+ awk -v t=10:54:06 '{printf "[rss] %s gpu-helper %.0f MB\n", t, $1/1024}'
+ sleep 20
[page] [gpu-worker][wedge] {"kind":"device","drainTraps":0,"rescuedWakeups":0,"signal":1,"engine":{"jobs_submitted":1,"jobs_started":1,"jobs_finished":1,"current_job_start_ms":0,"last_submit_ms":1785595670420,"last_drain_enter_ms":1785596050377,"last_drain_exit_ms":1785596050377,"device_errors":0,"device_lost":1,"caller_stall_probes":0,"pending_readbacks":0,"queue_len":0,"signal":1,"now_ms":1785596050559},"t":1785596050559}
[page] [gpu-worker][wedge] {"kind":"stall","jobDied":false,"stuckJob":true,"jobAgeMs":229713,"drainTraps":0,"rescuedWakeups":0,"signal":1421,"engine":{"jobs_submitted":1421,"jobs_started":1421,"jobs_finished":1420,"current_job_start_ms":1785595820846,"last_submit_ms":1785595820845,"last_drain_enter_ms":1785595820846,"last_drain_exit_ms":1785595820844,"device_errors":0,"device_lost":1,"caller_stall_probes":44,"pending_readbacks":0,"queue_len":0,"signal":1421,"now_ms":1785596050559},"t":1785596050559}
[page] [jolt-webgpu] engine.run caller stalled 229955 ms: {"jobs_submitted":1421,"jobs_started":1421,"jobs_finished":1420,"current_job_start_ms":1785595820846,"last_submit_ms":1785595820845,"last_drain_enter_ms":1785595820846,"last_drain_exit_ms":1785595820844,"device_errors":0,"device_lost":1,"caller_stall_probes":45,"pending_readbacks":0,"queue_len":0,"signal":1421,"now_ms":1785596050800}
[page] [gpu-worker][wedge] {"kind":"stall","jobDied":false,"stuckJob":true,"jobAgeMs":234618,"drainTraps":0,"rescuedWakeups":0,"signal":1421,"engine":{"jobs_submitted":1421,"jobs_started":1421,"jobs_finished":1420,"current_job_start_ms":1785595820846,"last_submit_ms":1785595820845,"last_drain_enter_ms":1785595820846,"last_drain_exit_ms":1785595820844,"device_errors":0,"device_lost":1,"caller_stall_probes":45,"pending_readbacks":0,"queue_len":0,"signal":1421,"now_ms":1785596055464},"t":1785596055464}
[page] [gpu-worker][wedge] {"kind":"device","drainTraps":0,"rescuedWakeups":0,"signal":1,"engine":{"jobs_submitted":1,"jobs_started":1,"jobs_finished":1,"current_job_start_ms":0,"last_submit_ms":1785595670420,"last_drain_enter_ms":1785596055465,"last_drain_exit_ms":1785596055465,"device_errors":0,"device_lost":1,"caller_stall_probes":0,"pending_readbacks":0,"queue_len":0,"signal":1,"now_ms":1785596055465},"t":1785596055465}
[page] [jolt-webgpu] engine.run caller stalled 235098 ms: {"jobs_submitted":1421,"jobs_started":1421,"jobs_finished":1420,"current_job_start_ms":1785595820846,"last_submit_ms":1785595820845,"last_drain_enter_ms":1785595820846,"last_drain_exit_ms":1785595820844,"device_errors":0,"device_lost":1,"caller_stall_probes":46,"pending_readbacks":0,"queue_len":0,"signal":1421,"now_ms":1785596055943}
[page] [gpu-worker][wedge] {"kind":"device","drainTraps":0,"rescuedWakeups":0,"signal":1,"engine":{"jobs_submitted":1,"jobs_started":1,"jobs_finished":1,"current_job_start_ms":0,"last_submit_ms":1785595670420,"last_drain_enter_ms":1785596060419,"last_drain_exit_ms":1785596060419,"device_errors":0,"device_lost":1,"caller_stall_probes":0,"pending_readbacks":0,"queue_len":0,"signal":1,"now_ms":1785596060429},"t":1785596060429}
[page] [gpu-worker][wedge] {"kind":"stall","jobDied":false,"stuckJob":true,"jobAgeMs":239583,"drainTraps":0,"rescuedWakeups":0,"signal":1421,"engine":{"jobs_submitted":1421,"jobs_started":1421,"jobs_finished":1420,"current_job_start_ms":1785595820846,"last_submit_ms":1785595820845,"last_drain_enter_ms":1785595820846,"last_drain_exit_ms":1785595820844,"device_errors":0,"device_lost":1,"caller_stall_probes":46,"pending_readbacks":0,"queue_len":0,"signal":1421,"now_ms":1785596060429},"t":1785596060429}
[page] [jolt-webgpu] engine.run caller stalled 240109 ms: {"jobs_submitted":1421,"jobs_started":1421,"jobs_finished":1420,"current_job_start_ms":1785595820846,"last_submit_ms":1785595820845,"last_drain_enter_ms":1785595820846,"last_drain_exit_ms":1785595820844,"device_errors":0,"device_lost":1,"caller_stall_probes":47,"pending_readbacks":0,"queue_len":0,"signal":1421,"now_ms":1785596060954}
[page] [gpu-worker][wedge] {"kind":"stall","jobDied":false,"stuckJob":true,"jobAgeMs":244722,"drainTraps":0,"rescuedWakeups":0,"signal":1421,"engine":{"jobs_submitted":1421,"jobs_started":1421,"jobs_finished":1420,"current_job_start_ms":1785595820846,"last_submit_ms":1785595820845,"last_drain_enter_ms":1785595820846,"last_drain_exit_ms":1785595820844,"device_errors":0,"device_lost":1,"caller_stall_probes":47,"pending_readbacks":0,"queue_len":0,"signal":1421,"now_ms":1785596065568},"t":1785596065568}
[page] [gpu-worker][wedge] {"kind":"device","drainTraps":0,"rescuedWakeups":0,"signal":1,"engine":{"jobs_submitted":1,"jobs_started":1,"jobs_finished":1,"current_job_start_ms":0,"last_submit_ms":1785595670420,"last_drain_enter_ms":1785596065383,"last_drain_exit_ms":1785596065383,"device_errors":0,"device_lost":1,"caller_stall_probes":0,"pending_readbacks":0,"queue_len":0,"signal":1,"now_ms":1785596065569},"t":1785596065569}
[page] [jolt-webgpu] engine.run caller stalled 245114 ms: {"jobs_submitted":1421,"jobs_started":1421,"jobs_finished":1420,"current_job_start_ms":1785595820846,"last_submit_ms":1785595820845,"last_drain_enter_ms":1785595820846,"last_drain_exit_ms":1785595820844,"device_errors":0,"device_lost":1,"caller_stall_probes":48,"pending_readbacks":0,"queue_len":0,"signal":1421,"now_ms":1785596065959}
+ true
+ ps axo rss,comm
+ grep -i 'Google Chrome Helper (GPU)'
+ sort -rn
+ head -1
++ date +%T
+ awk -v t=10:54:26 '{printf "[rss] %s gpu-helper %.0f MB\n", t, $1/1024}'
+ sleep 20
[page] [gpu-worker][wedge] {"kind":"device","drainTraps":0,"rescuedWakeups":0,"signal":1,"engine":{"jobs_submitted":1,"jobs_started":1,"jobs_finished":1,"current_job_start_ms":0,"last_submit_ms":1785595670420,"last_drain_enter_ms":1785596070329,"last_drain_exit_ms":1785596070329,"device_errors":0,"device_lost":1,"caller_stall_probes":0,"pending_readbacks":0,"queue_len":0,"signal":1,"now_ms":1785596070497},"t":1785596070497}
[page] [gpu-worker][wedge] {"kind":"stall","jobDied":false,"stuckJob":true,"jobAgeMs":249651,"drainTraps":0,"rescuedWakeups":0,"signal":1421,"engine":{"jobs_submitted":1421,"jobs_started":1421,"jobs_finished":1420,"current_job_start_ms":1785595820846,"last_submit_ms":1785595820845,"last_drain_enter_ms":1785595820846,"last_drain_exit_ms":1785595820844,"device_errors":0,"device_lost":1,"caller_stall_probes":48,"pending_readbacks":0,"queue_len":0,"signal":1421,"now_ms":1785596070497},"t":1785596070497}
[page] [jolt-webgpu] engine.run caller stalled 250226 ms: {"jobs_submitted":1421,"jobs_started":1421,"jobs_finished":1420,"current_job_start_ms":1785595820846,"last_submit_ms":1785595820845,"last_drain_enter_ms":1785595820846,"last_drain_exit_ms":1785595820844,"device_errors":0,"device_lost":1,"caller_stall_probes":49,"pending_readbacks":0,"queue_len":0,"signal":1421,"now_ms":1785596071071}
[page] [gpu-worker][wedge] {"kind":"stall","jobDied":false,"stuckJob":true,"jobAgeMs":254709,"drainTraps":0,"rescuedWakeups":0,"signal":1421,"engine":{"jobs_submitted":1421,"jobs_started":1421,"jobs_finished":1420,"current_job_start_ms":1785595820846,"last_submit_ms":1785595820845,"last_drain_enter_ms":1785595820846,"last_drain_exit_ms":1785595820844,"device_errors":0,"device_lost":1,"caller_stall_probes":49,"pending_readbacks":0,"queue_len":0,"signal":1421,"now_ms":1785596075555},"t":1785596075555}
[page] [gpu-worker][wedge] {"kind":"device","drainTraps":0,"rescuedWakeups":0,"signal":1,"engine":{"jobs_submitted":1,"jobs_started":1,"jobs_finished":1,"current_job_start_ms":0,"last_submit_ms":1785595670420,"last_drain_enter_ms":1785596075375,"last_drain_exit_ms":1785596075375,"device_errors":0,"device_lost":1,"caller_stall_probes":0,"pending_readbacks":0,"queue_len":0,"signal":1,"now_ms":1785596075555},"t":1785596075555}
[page] [jolt-webgpu] engine.run caller stalled 255314 ms: {"jobs_submitted":1421,"jobs_started":1421,"jobs_finished":1420,"current_job_start_ms":1785595820846,"last_submit_ms":1785595820845,"last_drain_enter_ms":1785595820846,"last_drain_exit_ms":1785595820844,"device_errors":0,"device_lost":1,"caller_stall_probes":50,"pending_readbacks":0,"queue_len":0,"signal":1421,"now_ms":1785596076159}
[page] [gpu-worker][wedge] {"kind":"stall","jobDied":false,"stuckJob":true,"jobAgeMs":259582,"drainTraps":0,"rescuedWakeups":0,"signal":1421,"engine":{"jobs_submitted":1421,"jobs_started":1421,"jobs_finished":1420,"current_job_start_ms":1785595820846,"last_submit_ms":1785595820845,"last_drain_enter_ms":1785595820846,"last_drain_exit_ms":1785595820844,"device_errors":0,"device_lost":1,"caller_stall_probes":50,"pending_readbacks":0,"queue_len":0,"signal":1421,"now_ms":1785596080428},"t":1785596080428}
[page] [gpu-worker][wedge] {"kind":"device","drainTraps":0,"rescuedWakeups":0,"signal":1,"engine":{"jobs_submitted":1,"jobs_started":1,"jobs_finished":1,"current_job_start_ms":0,"last_submit_ms":1785595670420,"last_drain_enter_ms":1785596080428,"last_drain_exit_ms":1785596080428,"device_errors":0,"device_lost":1,"caller_stall_probes":0,"pending_readbacks":0,"queue_len":0,"signal":1,"now_ms":1785596080429},"t":1785596080429}
[page] [jolt-webgpu] engine.run caller stalled 260426 ms: {"jobs_submitted":1421,"jobs_started":1421,"jobs_finished":1420,"current_job_start_ms":1785595820846,"last_submit_ms":1785595820845,"last_drain_enter_ms":1785595820846,"last_drain_exit_ms":1785595820844,"device_errors":0,"device_lost":1,"caller_stall_probes":51,"pending_readbacks":0,"queue_len":0,"signal":1421,"now_ms":1785596081271}
[page] [gpu-worker][wedge] {"kind":"device","drainTraps":0,"rescuedWakeups":0,"signal":1,"engine":{"jobs_submitted":1,"jobs_started":1,"jobs_finished":1,"current_job_start_ms":0,"last_submit_ms":1785595670420,"last_drain_enter_ms":1785596085444,"last_drain_exit_ms":1785596085444,"device_errors":0,"device_lost":1,"caller_stall_probes":0,"pending_readbacks":0,"queue_len":0,"signal":1,"now_ms":1785596085444},"t":1785596085444}
[page] [gpu-worker][wedge] {"kind":"stall","jobDied":false,"stuckJob":true,"jobAgeMs":264599,"drainTraps":0,"rescuedWakeups":0,"signal":1421,"engine":{"jobs_submitted":1421,"jobs_started":1421,"jobs_finished":1420,"current_job_start_ms":1785595820846,"last_submit_ms":1785595820845,"last_drain_enter_ms":1785595820846,"last_drain_exit_ms":1785595820844,"device_errors":0,"device_lost":1,"caller_stall_probes":51,"pending_readbacks":0,"queue_len":0,"signal":1421,"now_ms":1785596085445},"t":1785596085445}
[page] [jolt-webgpu] engine.run caller stalled 265572 ms: {"jobs_submitted":1421,"jobs_started":1421,"jobs_finished":1420,"current_job_start_ms":1785595820846,"last_submit_ms":1785595820845,"last_drain_enter_ms":1785595820846,"last_drain_exit_ms":1785595820844,"device_errors":0,"device_lost":1,"caller_stall_probes":52,"pending_readbacks":0,"queue_len":0,"signal":1421,"now_ms":1785596086417}
+ true
+ ps axo rss,comm
+ grep -i 'Google Chrome Helper (GPU)'
+ sort -rn
+ head -1
++ date +%T
+ awk -v t=10:54:46 '{printf "[rss] %s gpu-helper %.0f MB\n", t, $1/1024}'
+ sleep 20
[page] [gpu-worker][wedge] {"kind":"stall","jobDied":false,"stuckJob":true,"jobAgeMs":269706,"drainTraps":0,"rescuedWakeups":0,"signal":1421,"engine":{"jobs_submitted":1421,"jobs_started":1421,"jobs_finished":1420,"current_job_start_ms":1785595820846,"last_submit_ms":1785595820845,"last_drain_enter_ms":1785595820846,"last_drain_exit_ms":1785595820844,"device_errors":0,"device_lost":1,"caller_stall_probes":52,"pending_readbacks":0,"queue_len":0,"signal":1421,"now_ms":1785596090553},"t":1785596090553}
[page] [gpu-worker][wedge] {"kind":"device","drainTraps":0,"rescuedWakeups":0,"signal":1,"engine":{"jobs_submitted":1,"jobs_started":1,"jobs_finished":1,"current_job_start_ms":0,"last_submit_ms":1785595670420,"last_drain_enter_ms":1785596090391,"last_drain_exit_ms":1785596090391,"device_errors":0,"device_lost":1,"caller_stall_probes":0,"pending_readbacks":0,"queue_len":0,"signal":1,"now_ms":1785596090553},"t":1785596090553}
[page] [jolt-webgpu] engine.run caller stalled 270577 ms: {"jobs_submitted":1421,"jobs_started":1421,"jobs_finished":1420,"current_job_start_ms":1785595820846,"last_submit_ms":1785595820845,"last_drain_enter_ms":1785595820846,"last_drain_exit_ms":1785595820844,"device_errors":0,"device_lost":1,"caller_stall_probes":53,"pending_readbacks":0,"queue_len":0,"signal":1421,"now_ms":1785596091422}
[page] [gpu-worker][wedge] {"kind":"device","drainTraps":0,"rescuedWakeups":0,"signal":1,"engine":{"jobs_submitted":1,"jobs_started":1,"jobs_finished":1,"current_job_start_ms":0,"last_submit_ms":1785595670420,"last_drain_enter_ms":1785596095332,"last_drain_exit_ms":1785596095332,"device_errors":0,"device_lost":1,"caller_stall_probes":0,"pending_readbacks":0,"queue_len":0,"signal":1,"now_ms":1785596095546},"t":1785596095547}
[page] [gpu-worker][wedge] {"kind":"stall","jobDied":false,"stuckJob":true,"jobAgeMs":274701,"drainTraps":0,"rescuedWakeups":0,"signal":1421,"engine":{"jobs_submitted":1421,"jobs_started":1421,"jobs_finished":1420,"current_job_start_ms":1785595820846,"last_submit_ms":1785595820845,"last_drain_enter_ms":1785595820846,"last_drain_exit_ms":1785595820844,"device_errors":0,"device_lost":1,"caller_stall_probes":53,"pending_readbacks":0,"queue_len":0,"signal":1421,"now_ms":1785596095547},"t":1785596095547}
[page] [jolt-webgpu] engine.run caller stalled 275706 ms: {"jobs_submitted":1421,"jobs_started":1421,"jobs_finished":1420,"current_job_start_ms":1785595820846,"last_submit_ms":1785595820845,"last_drain_enter_ms":1785595820846,"last_drain_exit_ms":1785595820844,"device_errors":0,"device_lost":1,"caller_stall_probes":54,"pending_readbacks":0,"queue_len":0,"signal":1421,"now_ms":1785596096551}
[page] [gpu-worker][wedge] {"kind":"stall","jobDied":false,"stuckJob":true,"jobAgeMs":279679,"drainTraps":0,"rescuedWakeups":0,"signal":1421,"engine":{"jobs_submitted":1421,"jobs_started":1421,"jobs_finished":1420,"current_job_start_ms":1785595820846,"last_submit_ms":1785595820845,"last_drain_enter_ms":1785595820846,"last_drain_exit_ms":1785595820844,"device_errors":0,"device_lost":1,"caller_stall_probes":54,"pending_readbacks":0,"queue_len":0,"signal":1421,"now_ms":1785596100525},"t":1785596100525}
[page] [gpu-worker][wedge] {"kind":"device","drainTraps":0,"rescuedWakeups":0,"signal":1,"engine":{"jobs_submitted":1,"jobs_started":1,"jobs_finished":1,"current_job_start_ms":0,"last_submit_ms":1785595670420,"last_drain_enter_ms":1785596100374,"last_drain_exit_ms":1785596100374,"device_errors":0,"device_lost":1,"caller_stall_probes":0,"pending_readbacks":0,"queue_len":0,"signal":1,"now_ms":1785596100526},"t":1785596100526}
[page] [jolt-webgpu] engine.run caller stalled 280824 ms: {"jobs_submitted":1421,"jobs_started":1421,"jobs_finished":1420,"current_job_start_ms":1785595820846,"last_submit_ms":1785595820845,"last_drain_enter_ms":1785595820846,"last_drain_exit_ms":1785595820844,"device_errors":0,"device_lost":1,"caller_stall_probes":55,"pending_readbacks":0,"queue_len":0,"signal":1421,"now_ms":1785596101669}
[page] [gpu-worker][wedge] {"kind":"stall","jobDied":false,"stuckJob":true,"jobAgeMs":284582,"drainTraps":0,"rescuedWakeups":0,"signal":1421,"engine":{"jobs_submitted":1421,"jobs_started":1421,"jobs_finished":1420,"current_job_start_ms":1785595820846,"last_submit_ms":1785595820845,"last_drain_enter_ms":1785595820846,"last_drain_exit_ms":1785595820844,"device_errors":0,"device_lost":1,"caller_stall_probes":55,"pending_readbacks":0,"queue_len":0,"signal":1421,"now_ms":1785596105428},"t":1785596105428}
[page] [gpu-worker][wedge] {"kind":"device","drainTraps":0,"rescuedWakeups":0,"signal":1,"engine":{"jobs_submitted":1,"jobs_started":1,"jobs_finished":1,"current_job_start_ms":0,"last_submit_ms":1785595670420,"last_drain_enter_ms":1785596105343,"last_drain_exit_ms":1785596105343,"device_errors":0,"device_lost":1,"caller_stall_probes":0,"pending_readbacks":0,"queue_len":0,"signal":1,"now_ms":1785596105428},"t":1785596105428}
+ true
+ ps axo rss,comm
+ grep -i 'Google Chrome Helper (GPU)'
+ sort -rn
+ head -1
++ date +%T
+ awk -v t=10:55:06 '{printf "[rss] %s gpu-helper %.0f MB\n", t, $1/1024}'
+ sleep 20
[page] [jolt-webgpu] engine.run caller stalled 285965 ms: {"jobs_submitted":1421,"jobs_started":1421,"jobs_finished":1420,"current_job_start_ms":1785595820846,"last_submit_ms":1785595820845,"last_drain_enter_ms":1785595820846,"last_drain_exit_ms":1785595820844,"device_errors":0,"device_lost":1,"caller_stall_probes":56,"pending_readbacks":0,"queue_len":0,"signal":1421,"now_ms":1785596106810}
[page] [gpu-worker][wedge] {"kind":"device","drainTraps":0,"rescuedWakeups":0,"signal":1,"engine":{"jobs_submitted":1,"jobs_started":1,"jobs_finished":1,"current_job_start_ms":0,"last_submit_ms":1785595670420,"last_drain_enter_ms":1785596110352,"last_drain_exit_ms":1785596110352,"device_errors":0,"device_lost":1,"caller_stall_probes":0,"pending_readbacks":0,"queue_len":0,"signal":1,"now_ms":1785596110485},"t":1785596110486}
[page] [gpu-worker][wedge] {"kind":"stall","jobDied":false,"stuckJob":true,"jobAgeMs":289640,"drainTraps":0,"rescuedWakeups":0,"signal":1421,"engine":{"jobs_submitted":1421,"jobs_started":1421,"jobs_finished":1420,"current_job_start_ms":1785595820846,"last_submit_ms":1785595820845,"last_drain_enter_ms":1785595820846,"last_drain_exit_ms":1785595820844,"device_errors":0,"device_lost":1,"caller_stall_probes":56,"pending_readbacks":0,"queue_len":0,"signal":1421,"now_ms":1785596110486},"t":1785596110486}
[page] [jolt-webgpu] engine.run caller stalled 291115 ms: {"jobs_submitted":1421,"jobs_started":1421,"jobs_finished":1420,"current_job_start_ms":1785595820846,"last_submit_ms":1785595820845,"last_drain_enter_ms":1785595820846,"last_drain_exit_ms":1785595820844,"device_errors":0,"device_lost":1,"caller_stall_probes":57,"pending_readbacks":0,"queue_len":0,"signal":1421,"now_ms":1785596111960}
[page] [gpu-worker][wedge] {"kind":"device","drainTraps":0,"rescuedWakeups":0,"signal":1,"engine":{"jobs_submitted":1,"jobs_started":1,"jobs_finished":1,"current_job_start_ms":0,"last_submit_ms":1785595670420,"last_drain_enter_ms":1785596115367,"last_drain_exit_ms":1785596115367,"device_errors":0,"device_lost":1,"caller_stall_probes":0,"pending_readbacks":0,"queue_len":0,"signal":1,"now_ms":1785596115552},"t":1785596115552}
[page] [gpu-worker][wedge] {"kind":"stall","jobDied":false,"stuckJob":true,"jobAgeMs":294707,"drainTraps":0,"rescuedWakeups":0,"signal":1421,"engine":{"jobs_submitted":1421,"jobs_started":1421,"jobs_finished":1420,"current_job_start_ms":1785595820846,"last_submit_ms":1785595820845,"last_drain_enter_ms":1785595820846,"last_drain_exit_ms":1785595820844,"device_errors":0,"device_lost":1,"caller_stall_probes":57,"pending_readbacks":0,"queue_len":0,"signal":1421,"now_ms":1785596115553},"t":1785596115553}
[page] [jolt-webgpu] engine.run caller stalled 296202 ms: {"jobs_submitted":1421,"jobs_started":1421,"jobs_finished":1420,"current_job_start_ms":1785595820846,"last_submit_ms":1785595820845,"last_drain_enter_ms":1785595820846,"last_drain_exit_ms":1785595820844,"device_errors":0,"device_lost":1,"caller_stall_probes":58,"pending_readbacks":0,"queue_len":0,"signal":1421,"now_ms":1785596117047}
[page] [gpu-worker][wedge] {"kind":"device","drainTraps":0,"rescuedWakeups":0,"signal":1,"engine":{"jobs_submitted":1,"jobs_started":1,"jobs_finished":1,"current_job_start_ms":0,"last_submit_ms":1785595670420,"last_drain_enter_ms":1785596120328,"last_drain_exit_ms":1785596120328,"device_errors":0,"device_lost":1,"caller_stall_probes":0,"pending_readbacks":0,"queue_len":0,"signal":1,"now_ms":1785596120537},"t":1785596120537}
[page] [gpu-worker][wedge] {"kind":"stall","jobDied":false,"stuckJob":true,"jobAgeMs":299691,"drainTraps":0,"rescuedWakeups":0,"signal":1421,"engine":{"jobs_submitted":1421,"jobs_started":1421,"jobs_finished":1420,"current_job_start_ms":1785595820846,"last_submit_ms":1785595820845,"last_drain_enter_ms":1785595820846,"last_drain_exit_ms":1785595820844,"device_errors":0,"device_lost":1,"caller_stall_probes":58,"pending_readbacks":0,"queue_len":0,"signal":1421,"now_ms":1785596120537},"t":1785596120537}
[page] [jolt-webgpu] engine.run caller stalled 301347 ms: {"jobs_submitted":1421,"jobs_started":1421,"jobs_finished":1420,"current_job_start_ms":1785595820846,"last_submit_ms":1785595820845,"last_drain_enter_ms":1785595820846,"last_drain_exit_ms":1785595820844,"device_errors":0,"device_lost":1,"caller_stall_probes":59,"pending_readbacks":0,"queue_len":0,"signal":1421,"now_ms":1785596122192}
[page] [gpu-worker][wedge] {"kind":"device","drainTraps":0,"rescuedWakeups":0,"signal":1,"engine":{"jobs_submitted":1,"jobs_started":1,"jobs_finished":1,"current_job_start_ms":0,"last_submit_ms":1785595670420,"last_drain_enter_ms":1785596125421,"last_drain_exit_ms":1785596125421,"device_errors":0,"device_lost":1,"caller_stall_probes":0,"pending_readbacks":0,"queue_len":0,"signal":1,"now_ms":1785596125421},"t":1785596125421}
[page] [gpu-worker][wedge] {"kind":"stall","jobDied":false,"stuckJob":true,"jobAgeMs":304576,"drainTraps":0,"rescuedWakeups":0,"signal":1421,"engine":{"jobs_submitted":1421,"jobs_started":1421,"jobs_finished":1420,"current_job_start_ms":1785595820846,"last_submit_ms":1785595820845,"last_drain_enter_ms":1785595820846,"last_drain_exit_ms":1785595820844,"device_errors":0,"device_lost":1,"caller_stall_probes":59,"pending_readbacks":0,"queue_len":0,"signal":1421,"now_ms":1785596125422},"t":1785596125422}
+ true
+ ps axo rss,comm
+ grep -i 'Google Chrome Helper (GPU)'
+ sort -rn
+ head -1
++ date +%T
+ awk -v t=10:55:26 '{printf "[rss] %s gpu-helper %.0f MB\n", t, $1/1024}'
+ sleep 20
[page] [jolt-webgpu] engine.run caller stalled 306479 ms: {"jobs_submitted":1421,"jobs_started":1421,"jobs_finished":1420,"current_job_start_ms":1785595820846,"last_submit_ms":1785595820845,"last_drain_enter_ms":1785595820846,"last_drain_exit_ms":1785595820844,"device_errors":0,"device_lost":1,"caller_stall_probes":60,"pending_readbacks":0,"queue_len":0,"signal":1421,"now_ms":1785596127324}
[page] [gpu-worker][wedge] {"kind":"device","drainTraps":0,"rescuedWakeups":0,"signal":1,"engine":{"jobs_submitted":1,"jobs_started":1,"jobs_finished":1,"current_job_start_ms":0,"last_submit_ms":1785595670420,"last_drain_enter_ms":1785596130535,"last_drain_exit_ms":1785596130535,"device_errors":0,"device_lost":1,"caller_stall_probes":0,"pending_readbacks":0,"queue_len":0,"signal":1,"now_ms":1785596130535},"t":1785596130535}
[page] [gpu-worker][wedge] {"kind":"stall","jobDied":false,"stuckJob":true,"jobAgeMs":309690,"drainTraps":0,"rescuedWakeups":0,"signal":1421,"engine":{"jobs_submitted":1421,"jobs_started":1421,"jobs_finished":1420,"current_job_start_ms":1785595820846,"last_submit_ms":1785595820845,"last_drain_enter_ms":1785595820846,"last_drain_exit_ms":1785595820844,"device_errors":0,"device_lost":1,"caller_stall_probes":60,"pending_readbacks":0,"queue_len":0,"signal":1421,"now_ms":1785596130536},"t":1785596130536}
[page] [jolt-webgpu] engine.run caller stalled 311572 ms: {"jobs_submitted":1421,"jobs_started":1421,"jobs_finished":1420,"current_job_start_ms":1785595820846,"last_submit_ms":1785595820845,"last_drain_enter_ms":1785595820846,"last_drain_exit_ms":1785595820844,"device_errors":0,"device_lost":1,"caller_stall_probes":61,"pending_readbacks":0,"queue_len":0,"signal":1421,"now_ms":1785596132417}
[page] [gpu-worker][wedge] {"kind":"device","drainTraps":0,"rescuedWakeups":0,"signal":1,"engine":{"jobs_submitted":1,"jobs_started":1,"jobs_finished":1,"current_job_start_ms":0,"last_submit_ms":1785595670420,"last_drain_enter_ms":1785596135479,"last_drain_exit_ms":1785596135479,"device_errors":0,"device_lost":1,"caller_stall_probes":0,"pending_readbacks":0,"queue_len":0,"signal":1,"now_ms":1785596135480},"t":1785596135480}
[page] [gpu-worker][wedge] {"kind":"stall","jobDied":false,"stuckJob":true,"jobAgeMs":314634,"drainTraps":0,"rescuedWakeups":0,"signal":1421,"engine":{"jobs_submitted":1421,"jobs_started":1421,"jobs_finished":1420,"current_job_start_ms":1785595820846,"last_submit_ms":1785595820845,"last_drain_enter_ms":1785595820846,"last_drain_exit_ms":1785595820844,"device_errors":0,"device_lost":1,"caller_stall_probes":61,"pending_readbacks":0,"queue_len":0,"signal":1421,"now_ms":1785596135480},"t":1785596135480}
[page] [jolt-webgpu] engine.run caller stalled 316690 ms: {"jobs_submitted":1421,"jobs_started":1421,"jobs_finished":1420,"current_job_start_ms":1785595820846,"last_submit_ms":1785595820845,"last_drain_enter_ms":1785595820846,"last_drain_exit_ms":1785595820844,"device_errors":0,"device_lost":1,"caller_stall_probes":62,"pending_readbacks":0,"queue_len":0,"signal":1421,"now_ms":1785596137535}
[page] [gpu-worker][wedge] {"kind":"stall","jobDied":false,"stuckJob":true,"jobAgeMs":319598,"drainTraps":0,"rescuedWakeups":0,"signal":1421,"engine":{"jobs_submitted":1421,"jobs_started":1421,"jobs_finished":1420,"current_job_start_ms":1785595820846,"last_submit_ms":1785595820845,"last_drain_enter_ms":1785595820846,"last_drain_exit_ms":1785595820844,"device_errors":0,"device_lost":1,"caller_stall_probes":62,"pending_readbacks":0,"queue_len":0,"signal":1421,"now_ms":1785596140445},"t":1785596140445}
[page] [gpu-worker][wedge] {"kind":"device","drainTraps":0,"rescuedWakeups":0,"signal":1,"engine":{"jobs_submitted":1,"jobs_started":1,"jobs_finished":1,"current_job_start_ms":0,"last_submit_ms":1785595670420,"last_drain_enter_ms":1785596140411,"last_drain_exit_ms":1785596140411,"device_errors":0,"device_lost":1,"caller_stall_probes":0,"pending_readbacks":0,"queue_len":0,"signal":1,"now_ms":1785596140445},"t":1785596140445}
[page] [jolt-webgpu] engine.run caller stalled 321815 ms: {"jobs_submitted":1421,"jobs_started":1421,"jobs_finished":1420,"current_job_start_ms":1785595820846,"last_submit_ms":1785595820845,"last_drain_enter_ms":1785595820846,"last_drain_exit_ms":1785595820844,"device_errors":0,"device_lost":1,"caller_stall_probes":63,"pending_readbacks":0,"queue_len":0,"signal":1421,"now_ms":1785596142660}
[page] [gpu-worker][wedge] {"kind":"device","drainTraps":0,"rescuedWakeups":0,"signal":1,"engine":{"jobs_submitted":1,"jobs_started":1,"jobs_finished":1,"current_job_start_ms":0,"last_submit_ms":1785595670420,"last_drain_enter_ms":1785596145400,"last_drain_exit_ms":1785596145400,"device_errors":0,"device_lost":1,"caller_stall_probes":0,"pending_readbacks":0,"queue_len":0,"signal":1,"now_ms":1785596145542},"t":1785596145542}
[page] [gpu-worker][wedge] {"kind":"stall","jobDied":false,"stuckJob":true,"jobAgeMs":324697,"drainTraps":0,"rescuedWakeups":0,"signal":1421,"engine":{"jobs_submitted":1421,"jobs_started":1421,"jobs_finished":1420,"current_job_start_ms":1785595820846,"last_submit_ms":1785595820845,"last_drain_enter_ms":1785595820846,"last_drain_exit_ms":1785595820844,"device_errors":0,"device_lost":1,"caller_stall_probes":63,"pending_readbacks":0,"queue_len":0,"signal":1421,"now_ms":1785596145543},"t":1785596145543}
+ true
+ ps axo rss,comm
+ grep -i 'Google Chrome Helper (GPU)'
+ sort -rn
+ head -1
++ date +%T
+ awk -v t=10:55:46 '{printf "[rss] %s gpu-helper %.0f MB\n", t, $1/1024}'
+ sleep 20
[page] [jolt-webgpu] engine.run caller stalled 326965 ms: {"jobs_submitted":1421,"jobs_started":1421,"jobs_finished":1420,"current_job_start_ms":1785595820846,"last_submit_ms":1785595820845,"last_drain_enter_ms":1785595820846,"last_drain_exit_ms":1785595820844,"device_errors":0,"device_lost":1,"caller_stall_probes":64,"pending_readbacks":0,"queue_len":0,"signal":1421,"now_ms":1785596147810}
[page] [gpu-worker][wedge] {"kind":"device","drainTraps":0,"rescuedWakeups":0,"signal":1,"engine":{"jobs_submitted":1,"jobs_started":1,"jobs_finished":1,"current_job_start_ms":0,"last_submit_ms":1785595670420,"last_drain_enter_ms":1785596150436,"last_drain_exit_ms":1785596150436,"device_errors":0,"device_lost":1,"caller_stall_probes":0,"pending_readbacks":0,"queue_len":0,"signal":1,"now_ms":1785596150436},"t":1785596150436}
[page] [gpu-worker][wedge] {"kind":"stall","jobDied":false,"stuckJob":true,"jobAgeMs":329591,"drainTraps":0,"rescuedWakeups":0,"signal":1421,"engine":{"jobs_submitted":1421,"jobs_started":1421,"jobs_finished":1420,"current_job_start_ms":1785595820846,"last_submit_ms":1785595820845,"last_drain_enter_ms":1785595820846,"last_drain_exit_ms":1785595820844,"device_errors":0,"device_lost":1,"caller_stall_probes":64,"pending_readbacks":0,"queue_len":0,"signal":1421,"now_ms":1785596150437},"t":1785596150437}
[page] [jolt-webgpu] engine.run caller stalled 332114 ms: {"jobs_submitted":1421,"jobs_started":1421,"jobs_finished":1420,"current_job_start_ms":1785595820846,"last_submit_ms":1785595820845,"last_drain_enter_ms":1785595820846,"last_drain_exit_ms":1785595820844,"device_errors":0,"device_lost":1,"caller_stall_probes":65,"pending_readbacks":0,"queue_len":0,"signal":1421,"now_ms":1785596152959}
[page] [gpu-worker][wedge] {"kind":"stall","jobDied":false,"stuckJob":true,"jobAgeMs":334676,"drainTraps":0,"rescuedWakeups":0,"signal":1421,"engine":{"jobs_submitted":1421,"jobs_started":1421,"jobs_finished":1420,"current_job_start_ms":1785595820846,"last_submit_ms":1785595820845,"last_drain_enter_ms":1785595820846,"last_drain_exit_ms":1785595820844,"device_errors":0,"device_lost":1,"caller_stall_probes":65,"pending_readbacks":0,"queue_len":0,"signal":1421,"now_ms":1785596155522},"t":1785596155522}
[page] [gpu-worker][wedge] {"kind":"device","drainTraps":0,"rescuedWakeups":0,"signal":1,"engine":{"jobs_submitted":1,"jobs_started":1,"jobs_finished":1,"current_job_start_ms":0,"last_submit_ms":1785595670420,"last_drain_enter_ms":1785596155364,"last_drain_exit_ms":1785596155364,"device_errors":0,"device_lost":1,"caller_stall_probes":0,"pending_readbacks":0,"queue_len":0,"signal":1,"now_ms":1785596155522},"t":1785596155522}
[page] [jolt-webgpu] engine.run caller stalled 337264 ms: {"jobs_submitted":1421,"jobs_started":1421,"jobs_finished":1420,"current_job_start_ms":1785595820846,"last_submit_ms":1785595820845,"last_drain_enter_ms":1785595820846,"last_drain_exit_ms":1785595820844,"device_errors":0,"device_lost":1,"caller_stall_probes":66,"pending_readbacks":0,"queue_len":0,"signal":1421,"now_ms":1785596158109}
[page] [gpu-worker][wedge] {"kind":"device","drainTraps":0,"rescuedWakeups":0,"signal":1,"engine":{"jobs_submitted":1,"jobs_started":1,"jobs_finished":1,"current_job_start_ms":0,"last_submit_ms":1785595670420,"last_drain_enter_ms":1785596160554,"last_drain_exit_ms":1785596160554,"device_errors":0,"device_lost":1,"caller_stall_probes":0,"pending_readbacks":0,"queue_len":0,"signal":1,"now_ms":1785596160555},"t":1785596160555}
[page] [gpu-worker][wedge] {"kind":"stall","jobDied":false,"stuckJob":true,"jobAgeMs":339709,"drainTraps":0,"rescuedWakeups":0,"signal":1421,"engine":{"jobs_submitted":1421,"jobs_started":1421,"jobs_finished":1420,"current_job_start_ms":1785595820846,"last_submit_ms":1785595820845,"last_drain_enter_ms":1785595820846,"last_drain_exit_ms":1785595820844,"device_errors":0,"device_lost":1,"caller_stall_probes":66,"pending_readbacks":0,"queue_len":0,"signal":1421,"now_ms":1785596160555},"t":1785596160556}
[page] [jolt-webgpu] engine.run caller stalled 342277 ms: {"jobs_submitted":1421,"jobs_started":1421,"jobs_finished":1420,"current_job_start_ms":1785595820846,"last_submit_ms":1785595820845,"last_drain_enter_ms":1785595820846,"last_drain_exit_ms":1785595820844,"device_errors":0,"device_lost":1,"caller_stall_probes":67,"pending_readbacks":0,"queue_len":0,"signal":1421,"now_ms":1785596163122}
[page] [gpu-worker][wedge] {"kind":"device","drainTraps":0,"rescuedWakeups":0,"signal":1,"engine":{"jobs_submitted":1,"jobs_started":1,"jobs_finished":1,"current_job_start_ms":0,"last_submit_ms":1785595670420,"last_drain_enter_ms":1785596165453,"last_drain_exit_ms":1785596165453,"device_errors":0,"device_lost":1,"caller_stall_probes":0,"pending_readbacks":0,"queue_len":0,"signal":1,"now_ms":1785596165453},"t":1785596165453}
[page] [gpu-worker][wedge] {"kind":"stall","jobDied":false,"stuckJob":true,"jobAgeMs":344608,"drainTraps":0,"rescuedWakeups":0,"signal":1421,"engine":{"jobs_submitted":1421,"jobs_started":1421,"jobs_finished":1420,"current_job_start_ms":1785595820846,"last_submit_ms":1785595820845,"last_drain_enter_ms":1785595820846,"last_drain_exit_ms":1785595820844,"device_errors":0,"device_lost":1,"caller_stall_probes":67,"pending_readbacks":0,"queue_len":0,"signal":1421,"now_ms":1785596165454},"t":1785596165454}
+ true
+ ps axo rss,comm
+ grep -i 'Google Chrome Helper (GPU)'
+ sort -rn
+ head -1
++ date +%T
+ awk -v t=10:56:07 '{printf "[rss] %s gpu-helper %.0f MB\n", t, $1/1024}'
+ sleep 20
[page] [jolt-webgpu] engine.run caller stalled 347316 ms: {"jobs_submitted":1421,"jobs_started":1421,"jobs_finished":1420,"current_job_start_ms":1785595820846,"last_submit_ms":1785595820845,"last_drain_enter_ms":1785595820846,"last_drain_exit_ms":1785595820844,"device_errors":0,"device_lost":1,"caller_stall_probes":68,"pending_readbacks":0,"queue_len":0,"signal":1421,"now_ms":1785596168161}
[page] [gpu-worker][wedge] {"kind":"stall","jobDied":false,"stuckJob":true,"jobAgeMs":349664,"drainTraps":0,"rescuedWakeups":0,"signal":1421,"engine":{"jobs_submitted":1421,"jobs_started":1421,"jobs_finished":1420,"current_job_start_ms":1785595820846,"last_submit_ms":1785595820845,"last_drain_enter_ms":1785595820846,"last_drain_exit_ms":1785595820844,"device_errors":0,"device_lost":1,"caller_stall_probes":68,"pending_readbacks":0,"queue_len":0,"signal":1421,"now_ms":1785596170510},"t":1785596170510}
[page] [gpu-worker][wedge] {"kind":"device","drainTraps":0,"rescuedWakeups":0,"signal":1,"engine":{"jobs_submitted":1,"jobs_started":1,"jobs_finished":1,"current_job_start_ms":0,"last_submit_ms":1785595670420,"last_drain_enter_ms":1785596170361,"last_drain_exit_ms":1785596170361,"device_errors":0,"device_lost":1,"caller_stall_probes":0,"pending_readbacks":0,"queue_len":0,"signal":1,"now_ms":1785596170511},"t":1785596170511}
[page] [jolt-webgpu] engine.run caller stalled 352440 ms: {"jobs_submitted":1421,"jobs_started":1421,"jobs_finished":1420,"current_job_start_ms":1785595820846,"last_submit_ms":1785595820845,"last_drain_enter_ms":1785595820846,"last_drain_exit_ms":1785595820844,"device_errors":0,"device_lost":1,"caller_stall_probes":69,"pending_readbacks":0,"queue_len":0,"signal":1421,"now_ms":1785596173285}
[page] [gpu-worker][wedge] {"kind":"device","drainTraps":0,"rescuedWakeups":0,"signal":1,"engine":{"jobs_submitted":1,"jobs_started":1,"jobs_finished":1,"current_job_start_ms":0,"last_submit_ms":1785595670420,"last_drain_enter_ms":1785596175476,"last_drain_exit_ms":1785596175476,"device_errors":0,"device_lost":1,"caller_stall_probes":0,"pending_readbacks":0,"queue_len":0,"signal":1,"now_ms":1785596175476},"t":1785596175476}
[page] [gpu-worker][wedge] {"kind":"stall","jobDied":false,"stuckJob":true,"jobAgeMs":354631,"drainTraps":0,"rescuedWakeups":0,"signal":1421,"engine":{"jobs_submitted":1421,"jobs_started":1421,"jobs_finished":1420,"current_job_start_ms":1785595820846,"last_submit_ms":1785595820845,"last_drain_enter_ms":1785595820846,"last_drain_exit_ms":1785595820844,"device_errors":0,"device_lost":1,"caller_stall_probes":69,"pending_readbacks":0,"queue_len":0,"signal":1421,"now_ms":1785596175477},"t":1785596175477}
[page] [jolt-webgpu] engine.run caller stalled 357552 ms: {"jobs_submitted":1421,"jobs_started":1421,"jobs_finished":1420,"current_job_start_ms":1785595820846,"last_submit_ms":1785595820845,"last_drain_enter_ms":1785595820846,"last_drain_exit_ms":1785595820844,"device_errors":0,"device_lost":1,"caller_stall_probes":70,"pending_readbacks":0,"queue_len":0,"signal":1421,"now_ms":1785596178397}
[page] [gpu-worker][wedge] {"kind":"device","drainTraps":0,"rescuedWakeups":0,"signal":1,"engine":{"jobs_submitted":1,"jobs_started":1,"jobs_finished":1,"current_job_start_ms":0,"last_submit_ms":1785595670420,"last_drain_enter_ms":1785596180417,"last_drain_exit_ms":1785596180417,"device_errors":0,"device_lost":1,"caller_stall_probes":0,"pending_readbacks":0,"queue_len":0,"signal":1,"now_ms":1785596180442},"t":1785596180442}
[page] [gpu-worker][wedge] {"kind":"stall","jobDied":false,"stuckJob":true,"jobAgeMs":359596,"drainTraps":0,"rescuedWakeups":0,"signal":1421,"engine":{"jobs_submitted":1421,"jobs_started":1421,"jobs_finished":1420,"current_job_start_ms":1785595820846,"last_submit_ms":1785595820845,"last_drain_enter_ms":1785595820846,"last_drain_exit_ms":1785595820844,"device_errors":0,"device_lost":1,"caller_stall_probes":70,"pending_readbacks":0,"queue_len":0,"signal":1421,"now_ms":1785596180442},"t":1785596180442}
[page] [jolt-webgpu] engine.run caller stalled 362566 ms: {"jobs_submitted":1421,"jobs_started":1421,"jobs_finished":1420,"current_job_start_ms":1785595820846,"last_submit_ms":1785595820845,"last_drain_enter_ms":1785595820846,"last_drain_exit_ms":1785595820844,"device_errors":0,"device_lost":1,"caller_stall_probes":71,"pending_readbacks":0,"queue_len":0,"signal":1421,"now_ms":1785596183411}
[page] [gpu-worker][wedge] {"kind":"device","drainTraps":0,"rescuedWakeups":0,"signal":1,"engine":{"jobs_submitted":1,"jobs_started":1,"jobs_finished":1,"current_job_start_ms":0,"last_submit_ms":1785595670420,"last_drain_enter_ms":1785596185394,"last_drain_exit_ms":1785596185394,"device_errors":0,"device_lost":1,"caller_stall_probes":0,"pending_readbacks":0,"queue_len":0,"signal":1,"now_ms":1785596185447},"t":1785596185447}
[page] [gpu-worker][wedge] {"kind":"stall","jobDied":false,"stuckJob":true,"jobAgeMs":364602,"drainTraps":0,"rescuedWakeups":0,"signal":1421,"engine":{"jobs_submitted":1421,"jobs_started":1421,"jobs_finished":1420,"current_job_start_ms":1785595820846,"last_submit_ms":1785595820845,"last_drain_enter_ms":1785595820846,"last_drain_exit_ms":1785595820844,"device_errors":0,"device_lost":1,"caller_stall_probes":71,"pending_readbacks":0,"queue_len":0,"signal":1421,"now_ms":1785596185448},"t":1785596185448}
+ true
+ ps axo rss,comm
+ grep -i 'Google Chrome Helper (GPU)'
+ sort -rn
+ head -1
++ date +%T
+ awk -v t=10:56:27 '{printf "[rss] %s gpu-helper %.0f MB\n", t, $1/1024}'
+ sleep 20
[page] [jolt-webgpu] engine.run caller stalled 367716 ms: {"jobs_submitted":1421,"jobs_started":1421,"jobs_finished":1420,"current_job_start_ms":1785595820846,"last_submit_ms":1785595820845,"last_drain_enter_ms":1785595820846,"last_drain_exit_ms":1785595820844,"device_errors":0,"device_lost":1,"caller_stall_probes":72,"pending_readbacks":0,"queue_len":0,"signal":1421,"now_ms":1785596188561}
[page] [gpu-worker][wedge] {"kind":"device","drainTraps":0,"rescuedWakeups":0,"signal":1,"engine":{"jobs_submitted":1,"jobs_started":1,"jobs_finished":1,"current_job_start_ms":0,"last_submit_ms":1785595670420,"last_drain_enter_ms":1785596190390,"last_drain_exit_ms":1785596190390,"device_errors":0,"device_lost":1,"caller_stall_probes":0,"pending_readbacks":0,"queue_len":0,"signal":1,"now_ms":1785596190460},"t":1785596190460}
[page] [gpu-worker][wedge] {"kind":"stall","jobDied":false,"stuckJob":true,"jobAgeMs":369615,"drainTraps":0,"rescuedWakeups":0,"signal":1421,"engine":{"jobs_submitted":1421,"jobs_started":1421,"jobs_finished":1420,"current_job_start_ms":1785595820846,"last_submit_ms":1785595820845,"last_drain_enter_ms":1785595820846,"last_drain_exit_ms":1785595820844,"device_errors":0,"device_lost":1,"caller_stall_probes":72,"pending_readbacks":0,"queue_len":0,"signal":1421,"now_ms":1785596190461},"t":1785596190461}
[page] [jolt-webgpu] engine.run caller stalled 372788 ms: {"jobs_submitted":1421,"jobs_started":1421,"jobs_finished":1420,"current_job_start_ms":1785595820846,"last_submit_ms":1785595820845,"last_drain_enter_ms":1785595820846,"last_drain_exit_ms":1785595820844,"device_errors":0,"device_lost":1,"caller_stall_probes":73,"pending_readbacks":0,"queue_len":0,"signal":1421,"now_ms":1785596193633}
[page] [gpu-worker][wedge] {"kind":"stall","jobDied":false,"stuckJob":true,"jobAgeMs":374701,"drainTraps":0,"rescuedWakeups":0,"signal":1421,"engine":{"jobs_submitted":1421,"jobs_started":1421,"jobs_finished":1420,"current_job_start_ms":1785595820846,"last_submit_ms":1785595820845,"last_drain_enter_ms":1785595820846,"last_drain_exit_ms":1785595820844,"device_errors":0,"device_lost":1,"caller_stall_probes":73,"pending_readbacks":0,"queue_len":0,"signal":1421,"now_ms":1785596195547},"t":1785596195547}
[page] [gpu-worker][wedge] {"kind":"device","drainTraps":0,"rescuedWakeups":0,"signal":1,"engine":{"jobs_submitted":1,"jobs_started":1,"jobs_finished":1,"current_job_start_ms":0,"last_submit_ms":1785595670420,"last_drain_enter_ms":1785596195336,"last_drain_exit_ms":1785596195336,"device_errors":0,"device_lost":1,"caller_stall_probes":0,"pending_readbacks":0,"queue_len":0,"signal":1,"now_ms":1785596195548},"t":1785596195548}
[page] [jolt-webgpu] engine.run caller stalled 377918 ms: {"jobs_submitted":1421,"jobs_started":1421,"jobs_finished":1420,"current_job_start_ms":1785595820846,"last_submit_ms":1785595820845,"last_drain_enter_ms":1785595820846,"last_drain_exit_ms":1785595820844,"device_errors":0,"device_lost":1,"caller_stall_probes":74,"pending_readbacks":0,"queue_len":0,"signal":1421,"now_ms":1785596198763}
[page] [gpu-worker][wedge] {"kind":"device","drainTraps":0,"rescuedWakeups":0,"signal":1,"engine":{"jobs_submitted":1,"jobs_started":1,"jobs_finished":1,"current_job_start_ms":0,"last_submit_ms":1785595670420,"last_drain_enter_ms":1785596200515,"last_drain_exit_ms":1785596200515,"device_errors":0,"device_lost":1,"caller_stall_probes":0,"pending_readbacks":0,"queue_len":0,"signal":1,"now_ms":1785596200515},"t":1785596200515}
[page] [gpu-worker][wedge] {"kind":"stall","jobDied":false,"stuckJob":true,"jobAgeMs":379670,"drainTraps":0,"rescuedWakeups":0,"signal":1421,"engine":{"jobs_submitted":1421,"jobs_started":1421,"jobs_finished":1420,"current_job_start_ms":1785595820846,"last_submit_ms":1785595820845,"last_drain_enter_ms":1785595820846,"last_drain_exit_ms":1785595820844,"device_errors":0,"device_lost":1,"caller_stall_probes":74,"pending_readbacks":0,"queue_len":0,"signal":1421,"now_ms":1785596200516},"t":1785596200516}
[page] [jolt-webgpu] engine.run caller stalled 382966 ms: {"jobs_submitted":1421,"jobs_started":1421,"jobs_finished":1420,"current_job_start_ms":1785595820846,"last_submit_ms":1785595820845,"last_drain_enter_ms":1785595820846,"last_drain_exit_ms":1785595820844,"device_errors":0,"device_lost":1,"caller_stall_probes":75,"pending_readbacks":0,"queue_len":0,"signal":1421,"now_ms":1785596203811}
[page] [gpu-worker][wedge] {"kind":"device","drainTraps":0,"rescuedWakeups":0,"signal":1,"engine":{"jobs_submitted":1,"jobs_started":1,"jobs_finished":1,"current_job_start_ms":0,"last_submit_ms":1785595670420,"last_drain_enter_ms":1785596205369,"last_drain_exit_ms":1785596205369,"device_errors":0,"device_lost":1,"caller_stall_probes":0,"pending_readbacks":0,"queue_len":0,"signal":1,"now_ms":1785596205525},"t":1785596205525}
[page] [gpu-worker][wedge] {"kind":"stall","jobDied":false,"stuckJob":true,"jobAgeMs":384680,"drainTraps":0,"rescuedWakeups":0,"signal":1421,"engine":{"jobs_submitted":1421,"jobs_started":1421,"jobs_finished":1420,"current_job_start_ms":1785595820846,"last_submit_ms":1785595820845,"last_drain_enter_ms":1785595820846,"last_drain_exit_ms":1785595820844,"device_errors":0,"device_lost":1,"caller_stall_probes":75,"pending_readbacks":0,"queue_len":0,"signal":1421,"now_ms":1785596205526},"t":1785596205526}
+ true
+ ps axo rss,comm
+ grep -i 'Google Chrome Helper (GPU)'
+ sort -rn
+ head -1
++ date +%T
+ awk -v t=10:56:47 '{printf "[rss] %s gpu-helper %.0f MB\n", t, $1/1024}'
+ sleep 20
[page] [jolt-webgpu] engine.run caller stalled 388088 ms: {"jobs_submitted":1421,"jobs_started":1421,"jobs_finished":1420,"current_job_start_ms":1785595820846,"last_submit_ms":1785595820845,"last_drain_enter_ms":1785595820846,"last_drain_exit_ms":1785595820844,"device_errors":0,"device_lost":1,"caller_stall_probes":76,"pending_readbacks":0,"queue_len":0,"signal":1421,"now_ms":1785596208933}
[page] [gpu-worker][wedge] {"kind":"stall","jobDied":false,"stuckJob":true,"jobAgeMs":389580,"drainTraps":0,"rescuedWakeups":0,"signal":1421,"engine":{"jobs_submitted":1421,"jobs_started":1421,"jobs_finished":1420,"current_job_start_ms":1785595820846,"last_submit_ms":1785595820845,"last_drain_enter_ms":1785595820846,"last_drain_exit_ms":1785595820844,"device_errors":0,"device_lost":1,"caller_stall_probes":76,"pending_readbacks":0,"queue_len":0,"signal":1421,"now_ms":1785596210426},"t":1785596210426}
[page] [gpu-worker][wedge] {"kind":"device","drainTraps":0,"rescuedWakeups":0,"signal":1,"engine":{"jobs_submitted":1,"jobs_started":1,"jobs_finished":1,"current_job_start_ms":0,"last_submit_ms":1785595670420,"last_drain_enter_ms":1785596210427,"last_drain_exit_ms":1785596210427,"device_errors":0,"device_lost":1,"caller_stall_probes":0,"pending_readbacks":0,"queue_len":0,"signal":1,"now_ms":1785596210427},"t":1785596210427}
[page] [jolt-webgpu] engine.run caller stalled 393231 ms: {"jobs_submitted":1421,"jobs_started":1421,"jobs_finished":1420,"current_job_start_ms":1785595820846,"last_submit_ms":1785595820845,"last_drain_enter_ms":1785595820846,"last_drain_exit_ms":1785595820844,"device_errors":0,"device_lost":1,"caller_stall_probes":77,"pending_readbacks":0,"queue_len":0,"signal":1421,"now_ms":1785596214076}
[page] [gpu-worker][wedge] {"kind":"device","drainTraps":0,"rescuedWakeups":0,"signal":1,"engine":{"jobs_submitted":1,"jobs_started":1,"jobs_finished":1,"current_job_start_ms":0,"last_submit_ms":1785595670420,"last_drain_enter_ms":1785596215442,"last_drain_exit_ms":1785596215442,"device_errors":0,"device_lost":1,"caller_stall_probes":0,"pending_readbacks":0,"queue_len":0,"signal":1,"now_ms":1785596215443},"t":1785596215443}
[page] [gpu-worker][wedge] {"kind":"stall","jobDied":false,"stuckJob":true,"jobAgeMs":394597,"drainTraps":0,"rescuedWakeups":0,"signal":1421,"engine":{"jobs_submitted":1421,"jobs_started":1421,"jobs_finished":1420,"current_job_start_ms":1785595820846,"last_submit_ms":1785595820845,"last_drain_enter_ms":1785595820846,"last_drain_exit_ms":1785595820844,"device_errors":0,"device_lost":1,"caller_stall_probes":77,"pending_readbacks":0,"queue_len":0,"signal":1421,"now_ms":1785596215443},"t":1785596215443}
[page] [jolt-webgpu] engine.run caller stalled 398357 ms: {"jobs_submitted":1421,"jobs_started":1421,"jobs_finished":1420,"current_job_start_ms":1785595820846,"last_submit_ms":1785595820845,"last_drain_enter_ms":1785595820846,"last_drain_exit_ms":1785595820844,"device_errors":0,"device_lost":1,"caller_stall_probes":78,"pending_readbacks":0,"queue_len":0,"signal":1421,"now_ms":1785596219202}
[page] [gpu-worker][wedge] {"kind":"stall","jobDied":false,"stuckJob":true,"jobAgeMs":399723,"drainTraps":0,"rescuedWakeups":0,"signal":1421,"engine":{"jobs_submitted":1421,"jobs_started":1421,"jobs_finished":1420,"current_job_start_ms":1785595820846,"last_submit_ms":1785595820845,"last_drain_enter_ms":1785595820846,"last_drain_exit_ms":1785595820844,"device_errors":0,"device_lost":1,"caller_stall_probes":78,"pending_readbacks":0,"queue_len":0,"signal":1421,"now_ms":1785596220569},"t":1785596220570}
[page] [gpu-worker][wedge] {"kind":"device","drainTraps":0,"rescuedWakeups":0,"signal":1,"engine":{"jobs_submitted":1,"jobs_started":1,"jobs_finished":1,"current_job_start_ms":0,"last_submit_ms":1785595670420,"last_drain_enter_ms":1785596220376,"last_drain_exit_ms":1785596220376,"device_errors":0,"device_lost":1,"caller_stall_probes":0,"pending_readbacks":0,"queue_len":0,"signal":1,"now_ms":1785596220569},"t":1785596220570}
[page] [jolt-webgpu] engine.run caller stalled 403505 ms: {"jobs_submitted":1421,"jobs_started":1421,"jobs_finished":1420,"current_job_start_ms":1785595820846,"last_submit_ms":1785595820845,"last_drain_enter_ms":1785595820846,"last_drain_exit_ms":1785595820844,"device_errors":0,"device_lost":1,"caller_stall_probes":79,"pending_readbacks":0,"queue_len":0,"signal":1421,"now_ms":1785596224350}
[page] [gpu-worker][wedge] {"kind":"stall","jobDied":false,"stuckJob":true,"jobAgeMs":404713,"drainTraps":0,"rescuedWakeups":0,"signal":1421,"engine":{"jobs_submitted":1421,"jobs_started":1421,"jobs_finished":1420,"current_job_start_ms":1785595820846,"last_submit_ms":1785595820845,"last_drain_enter_ms":1785595820846,"last_drain_exit_ms":1785595820844,"device_errors":0,"device_lost":1,"caller_stall_probes":79,"pending_readbacks":0,"queue_len":0,"signal":1421,"now_ms":1785596225559},"t":1785596225559}
[page] [gpu-worker][wedge] {"kind":"device","drainTraps":0,"rescuedWakeups":0,"signal":1,"engine":{"jobs_submitted":1,"jobs_started":1,"jobs_finished":1,"current_job_start_ms":0,"last_submit_ms":1785595670420,"last_drain_enter_ms":1785596225560,"last_drain_exit_ms":1785596225560,"device_errors":0,"device_lost":1,"caller_stall_probes":0,"pending_readbacks":0,"queue_len":0,"signal":1,"now_ms":1785596225560},"t":1785596225560}
+ true
+ ps axo rss,comm
+ grep -i 'Google Chrome Helper (GPU)'
+ sort -rn
+ head -1
++ date +%T
+ awk -v t=10:57:07 '{printf "[rss] %s gpu-helper %.0f MB\n", t, $1/1024}'
+ sleep 20
[page] [jolt-webgpu] engine.run caller stalled 408518 ms: {"jobs_submitted":1421,"jobs_started":1421,"jobs_finished":1420,"current_job_start_ms":1785595820846,"last_submit_ms":1785595820845,"last_drain_enter_ms":1785595820846,"last_drain_exit_ms":1785595820844,"device_errors":0,"device_lost":1,"caller_stall_probes":80,"pending_readbacks":0,"queue_len":0,"signal":1421,"now_ms":1785596229363}
[page] [gpu-worker][wedge] {"kind":"device","drainTraps":0,"rescuedWakeups":0,"signal":1,"engine":{"jobs_submitted":1,"jobs_started":1,"jobs_finished":1,"current_job_start_ms":0,"last_submit_ms":1785595670420,"last_drain_enter_ms":1785596230479,"last_drain_exit_ms":1785596230479,"device_errors":0,"device_lost":1,"caller_stall_probes":0,"pending_readbacks":0,"queue_len":0,"signal":1,"now_ms":1785596230479},"t":1785596230479}
[page] [gpu-worker][wedge] {"kind":"stall","jobDied":false,"stuckJob":true,"jobAgeMs":409634,"drainTraps":0,"rescuedWakeups":0,"signal":1421,"engine":{"jobs_submitted":1421,"jobs_started":1421,"jobs_finished":1420,"current_job_start_ms":1785595820846,"last_submit_ms":1785595820845,"last_drain_enter_ms":1785595820846,"last_drain_exit_ms":1785595820844,"device_errors":0,"device_lost":1,"caller_stall_probes":80,"pending_readbacks":0,"queue_len":0,"signal":1421,"now_ms":1785596230480},"t":1785596230480}
[page] [jolt-webgpu] engine.run caller stalled 413642 ms: {"jobs_submitted":1421,"jobs_started":1421,"jobs_finished":1420,"current_job_start_ms":1785595820846,"last_submit_ms":1785595820845,"last_drain_enter_ms":1785595820846,"last_drain_exit_ms":1785595820844,"device_errors":0,"device_lost":1,"caller_stall_probes":81,"pending_readbacks":0,"queue_len":0,"signal":1421,"now_ms":1785596234487}
[page] [gpu-worker][wedge] {"kind":"stall","jobDied":false,"stuckJob":true,"jobAgeMs":414639,"drainTraps":0,"rescuedWakeups":0,"signal":1421,"engine":{"jobs_submitted":1421,"jobs_started":1421,"jobs_finished":1420,"current_job_start_ms":1785595820846,"last_submit_ms":1785595820845,"last_drain_enter_ms":1785595820846,"last_drain_exit_ms":1785595820844,"device_errors":0,"device_lost":1,"caller_stall_probes":81,"pending_readbacks":0,"queue_len":0,"signal":1421,"now_ms":1785596235485},"t":1785596235485}
[page] [gpu-worker][wedge] {"kind":"device","drainTraps":0,"rescuedWakeups":0,"signal":1,"engine":{"jobs_submitted":1,"jobs_started":1,"jobs_finished":1,"current_job_start_ms":0,"last_submit_ms":1785595670420,"last_drain_enter_ms":1785596235355,"last_drain_exit_ms":1785596235355,"device_errors":0,"device_lost":1,"caller_stall_probes":0,"pending_readbacks":0,"queue_len":0,"signal":1,"now_ms":1785596235485},"t":1785596235485}
[page] [jolt-webgpu] engine.run caller stalled 418662 ms: {"jobs_submitted":1421,"jobs_started":1421,"jobs_finished":1420,"current_job_start_ms":1785595820846,"last_submit_ms":1785595820845,"last_drain_enter_ms":1785595820846,"last_drain_exit_ms":1785595820844,"device_errors":0,"device_lost":1,"caller_stall_probes":82,"pending_readbacks":0,"queue_len":0,"signal":1421,"now_ms":1785596239507}
[page] [gpu-worker][wedge] {"kind":"device","drainTraps":0,"rescuedWakeups":0,"signal":1,"engine":{"jobs_submitted":1,"jobs_started":1,"jobs_finished":1,"current_job_start_ms":0,"last_submit_ms":1785595670420,"last_drain_enter_ms":1785596240434,"last_drain_exit_ms":1785596240434,"device_errors":0,"device_lost":1,"caller_stall_probes":0,"pending_readbacks":0,"queue_len":0,"signal":1,"now_ms":1785596240434},"t":1785596240434}
[page] [gpu-worker][wedge] {"kind":"stall","jobDied":false,"stuckJob":true,"jobAgeMs":419588,"drainTraps":0,"rescuedWakeups":0,"signal":1421,"engine":{"jobs_submitted":1421,"jobs_started":1421,"jobs_finished":1420,"current_job_start_ms":1785595820846,"last_submit_ms":1785595820845,"last_drain_enter_ms":1785595820846,"last_drain_exit_ms":1785595820844,"device_errors":0,"device_lost":1,"caller_stall_probes":82,"pending_readbacks":0,"queue_len":0,"signal":1421,"now_ms":1785596240434},"t":1785596240434}
[page] [jolt-webgpu] engine.run caller stalled 423805 ms: {"jobs_submitted":1421,"jobs_started":1421,"jobs_finished":1420,"current_job_start_ms":1785595820846,"last_submit_ms":1785595820845,"last_drain_enter_ms":1785595820846,"last_drain_exit_ms":1785595820844,"device_errors":0,"device_lost":1,"caller_stall_probes":83,"pending_readbacks":0,"queue_len":0,"signal":1421,"now_ms":1785596244650}
[page] [gpu-worker][wedge] {"kind":"device","drainTraps":0,"rescuedWakeups":0,"signal":1,"engine":{"jobs_submitted":1,"jobs_started":1,"jobs_finished":1,"current_job_start_ms":0,"last_submit_ms":1785595670420,"last_drain_enter_ms":1785596245409,"last_drain_exit_ms":1785596245409,"device_errors":0,"device_lost":1,"caller_stall_probes":0,"pending_readbacks":0,"queue_len":0,"signal":1,"now_ms":1785596245513},"t":1785596245513}
[page] [gpu-worker][wedge] {"kind":"stall","jobDied":false,"stuckJob":true,"jobAgeMs":424668,"drainTraps":0,"rescuedWakeups":0,"signal":1421,"engine":{"jobs_submitted":1421,"jobs_started":1421,"jobs_finished":1420,"current_job_start_ms":1785595820846,"last_submit_ms":1785595820845,"last_drain_enter_ms":1785595820846,"last_drain_exit_ms":1785595820844,"device_errors":0,"device_lost":1,"caller_stall_probes":83,"pending_readbacks":0,"queue_len":0,"signal":1421,"now_ms":1785596245514},"t":1785596245514}
+ true
+ ps axo rss,comm
+ grep -i 'Google Chrome Helper (GPU)'
+ sort -rn
+ head -1
++ date +%T
+ awk -v t=10:57:27 '{printf "[rss] %s gpu-helper %.0f MB\n", t, $1/1024}'
+ sleep 20
[page] [jolt-webgpu] engine.run caller stalled 428955 ms: {"jobs_submitted":1421,"jobs_started":1421,"jobs_finished":1420,"current_job_start_ms":1785595820846,"last_submit_ms":1785595820845,"last_drain_enter_ms":1785595820846,"last_drain_exit_ms":1785595820844,"device_errors":0,"device_lost":1,"caller_stall_probes":84,"pending_readbacks":0,"queue_len":0,"signal":1421,"now_ms":1785596249800}
[page] [gpu-worker][wedge] {"kind":"device","drainTraps":0,"rescuedWakeups":0,"signal":1,"engine":{"jobs_submitted":1,"jobs_started":1,"jobs_finished":1,"current_job_start_ms":0,"last_submit_ms":1785595670420,"last_drain_enter_ms":1785596250429,"last_drain_exit_ms":1785596250429,"device_errors":0,"device_lost":1,"caller_stall_probes":0,"pending_readbacks":0,"queue_len":0,"signal":1,"now_ms":1785596250430},"t":1785596250430}
[page] [gpu-worker][wedge] {"kind":"stall","jobDied":false,"stuckJob":true,"jobAgeMs":429584,"drainTraps":0,"rescuedWakeups":0,"signal":1421,"engine":{"jobs_submitted":1421,"jobs_started":1421,"jobs_finished":1420,"current_job_start_ms":1785595820846,"last_submit_ms":1785595820845,"last_drain_enter_ms":1785595820846,"last_drain_exit_ms":1785595820844,"device_errors":0,"device_lost":1,"caller_stall_probes":84,"pending_readbacks":0,"queue_len":0,"signal":1421,"now_ms":1785596250430},"t":1785596250430}
[page] [jolt-webgpu] engine.run caller stalled 434106 ms: {"jobs_submitted":1421,"jobs_started":1421,"jobs_finished":1420,"current_job_start_ms":1785595820846,"last_submit_ms":1785595820845,"last_drain_enter_ms":1785595820846,"last_drain_exit_ms":1785595820844,"device_errors":0,"device_lost":1,"caller_stall_probes":85,"pending_readbacks":0,"queue_len":0,"signal":1421,"now_ms":1785596254951}
[page] [gpu-worker][wedge] {"kind":"stall","jobDied":false,"stuckJob":true,"jobAgeMs":434592,"drainTraps":0,"rescuedWakeups":0,"signal":1421,"engine":{"jobs_submitted":1421,"jobs_started":1421,"jobs_finished":1420,"current_job_start_ms":1785595820846,"last_submit_ms":1785595820845,"last_drain_enter_ms":1785595820846,"last_drain_exit_ms":1785595820844,"device_errors":0,"device_lost":1,"caller_stall_probes":85,"pending_readbacks":0,"queue_len":0,"signal":1421,"now_ms":1785596255438},"t":1785596255438}
[page] [gpu-worker][wedge] {"kind":"device","drainTraps":0,"rescuedWakeups":0,"signal":1,"engine":{"jobs_submitted":1,"jobs_started":1,"jobs_finished":1,"current_job_start_ms":0,"last_submit_ms":1785595670420,"last_drain_enter_ms":1785596255439,"last_drain_exit_ms":1785596255439,"device_errors":0,"device_lost":1,"caller_stall_probes":0,"pending_readbacks":0,"queue_len":0,"signal":1,"now_ms":1785596255439},"t":1785596255439}
[page] [jolt-webgpu] engine.run caller stalled 439186 ms: {"jobs_submitted":1421,"jobs_started":1421,"jobs_finished":1420,"current_job_start_ms":1785595820846,"last_submit_ms":1785595820845,"last_drain_enter_ms":1785595820846,"last_drain_exit_ms":1785595820844,"device_errors":0,"device_lost":1,"caller_stall_probes":86,"pending_readbacks":0,"queue_len":0,"signal":1421,"now_ms":1785596260031}
[page] [gpu-worker][wedge] {"kind":"device","drainTraps":0,"rescuedWakeups":0,"signal":1,"engine":{"jobs_submitted":1,"jobs_started":1,"jobs_finished":1,"current_job_start_ms":0,"last_submit_ms":1785595670420,"last_drain_enter_ms":1785596260357,"last_drain_exit_ms":1785596260357,"device_errors":0,"device_lost":1,"caller_stall_probes":0,"pending_readbacks":0,"queue_len":0,"signal":1,"now_ms":1785596260535},"t":1785596260535}
[page] [gpu-worker][wedge] {"kind":"stall","jobDied":false,"stuckJob":true,"jobAgeMs":439690,"drainTraps":0,"rescuedWakeups":0,"signal":1421,"engine":{"jobs_submitted":1421,"jobs_started":1421,"jobs_finished":1420,"current_job_start_ms":1785595820846,"last_submit_ms":1785595820845,"last_drain_enter_ms":1785595820846,"last_drain_exit_ms":1785595820844,"device_errors":0,"device_lost":1,"caller_stall_probes":86,"pending_readbacks":0,"queue_len":0,"signal":1421,"now_ms":1785596260536},"t":1785596260536}
[page] [jolt-webgpu] engine.run caller stalled 444331 ms: {"jobs_submitted":1421,"jobs_started":1421,"jobs_finished":1420,"current_job_start_ms":1785595820846,"last_submit_ms":1785595820845,"last_drain_enter_ms":1785595820846,"last_drain_exit_ms":1785595820844,"device_errors":0,"device_lost":1,"caller_stall_probes":87,"pending_readbacks":0,"queue_len":0,"signal":1421,"now_ms":1785596265176}
[page] [gpu-worker][wedge] {"kind":"device","drainTraps":0,"rescuedWakeups":0,"signal":1,"engine":{"jobs_submitted":1,"jobs_started":1,"jobs_finished":1,"current_job_start_ms":0,"last_submit_ms":1785595670420,"last_drain_enter_ms":1785596265396,"last_drain_exit_ms":1785596265396,"device_errors":0,"device_lost":1,"caller_stall_probes":0,"pending_readbacks":0,"queue_len":0,"signal":1,"now_ms":1785596265438},"t":1785596265438}
[page] [gpu-worker][wedge] {"kind":"stall","jobDied":false,"stuckJob":true,"jobAgeMs":444593,"drainTraps":0,"rescuedWakeups":0,"signal":1421,"engine":{"jobs_submitted":1421,"jobs_started":1421,"jobs_finished":1420,"current_job_start_ms":1785595820846,"last_submit_ms":1785595820845,"last_drain_enter_ms":1785595820846,"last_drain_exit_ms":1785595820844,"device_errors":0,"device_lost":1,"caller_stall_probes":87,"pending_readbacks":0,"queue_len":0,"signal":1421,"now_ms":1785596265439},"t":1785596265439}
+ true
+ ps axo rss,comm
+ grep -i 'Google Chrome Helper (GPU)'
+ sort -rn
+ head -1
++ date +%T
+ awk -v t=10:57:48 '{printf "[rss] %s gpu-helper %.0f MB\n", t, $1/1024}'
+ sleep 20
[page] [jolt-webgpu] engine.run caller stalled 449478 ms: {"jobs_submitted":1421,"jobs_started":1421,"jobs_finished":1420,"current_job_start_ms":1785595820846,"last_submit_ms":1785595820845,"last_drain_enter_ms":1785595820846,"last_drain_exit_ms":1785595820844,"device_errors":0,"device_lost":1,"caller_stall_probes":88,"pending_readbacks":0,"queue_len":0,"signal":1421,"now_ms":1785596270323}
[page] [gpu-worker][wedge] {"kind":"device","drainTraps":0,"rescuedWakeups":0,"signal":1,"engine":{"jobs_submitted":1,"jobs_started":1,"jobs_finished":1,"current_job_start_ms":0,"last_submit_ms":1785595670420,"last_drain_enter_ms":1785596270440,"last_drain_exit_ms":1785596270440,"device_errors":0,"device_lost":1,"caller_stall_probes":0,"pending_readbacks":0,"queue_len":0,"signal":1,"now_ms":1785596270440},"t":1785596270440}
[page] [gpu-worker][wedge] {"kind":"stall","jobDied":false,"stuckJob":true,"jobAgeMs":449595,"drainTraps":0,"rescuedWakeups":0,"signal":1421,"engine":{"jobs_submitted":1421,"jobs_started":1421,"jobs_finished":1420,"current_job_start_ms":1785595820846,"last_submit_ms":1785595820845,"last_drain_enter_ms":1785595820846,"last_drain_exit_ms":1785595820844,"device_errors":0,"device_lost":1,"caller_stall_probes":88,"pending_readbacks":0,"queue_len":0,"signal":1421,"now_ms":1785596270441},"t":1785596270441}
[page] [jolt-webgpu] engine.run caller stalled 454613 ms: {"jobs_submitted":1421,"jobs_started":1421,"jobs_finished":1420,"current_job_start_ms":1785595820846,"last_submit_ms":1785595820845,"last_drain_enter_ms":1785595820846,"last_drain_exit_ms":1785595820844,"device_errors":0,"device_lost":1,"caller_stall_probes":89,"pending_readbacks":0,"queue_len":0,"signal":1421,"now_ms":1785596275458}
[page] [gpu-worker][wedge] {"kind":"stall","jobDied":false,"stuckJob":true,"jobAgeMs":454650,"drainTraps":0,"rescuedWakeups":0,"signal":1421,"engine":{"jobs_submitted":1421,"jobs_started":1421,"jobs_finished":1420,"current_job_start_ms":1785595820846,"last_submit_ms":1785595820845,"last_drain_enter_ms":1785595820846,"last_drain_exit_ms":1785595820844,"device_errors":0,"device_lost":1,"caller_stall_probes":89,"pending_readbacks":0,"queue_len":0,"signal":1421,"now_ms":1785596275496},"t":1785596275496}
[page] [gpu-worker][wedge] {"kind":"device","drainTraps":0,"rescuedWakeups":0,"signal":1,"engine":{"jobs_submitted":1,"jobs_started":1,"jobs_finished":1,"current_job_start_ms":0,"last_submit_ms":1785595670420,"last_drain_enter_ms":1785596275359,"last_drain_exit_ms":1785596275359,"device_errors":0,"device_lost":1,"caller_stall_probes":0,"pending_readbacks":0,"queue_len":0,"signal":1,"now_ms":1785596275496},"t":1785596275496}
[page] [jolt-webgpu] engine.run caller stalled 459629 ms: {"jobs_submitted":1421,"jobs_started":1421,"jobs_finished":1420,"current_job_start_ms":1785595820846,"last_submit_ms":1785595820845,"last_drain_enter_ms":1785595820846,"last_drain_exit_ms":1785595820844,"device_errors":0,"device_lost":1,"caller_stall_probes":90,"pending_readbacks":0,"queue_len":0,"signal":1421,"now_ms":1785596280474}
[page] [gpu-worker][wedge] {"kind":"device","drainTraps":0,"rescuedWakeups":0,"signal":1,"engine":{"jobs_submitted":1,"jobs_started":1,"jobs_finished":1,"current_job_start_ms":0,"last_submit_ms":1785595670420,"last_drain_enter_ms":1785596280474,"last_drain_exit_ms":1785596280474,"device_errors":0,"device_lost":1,"caller_stall_probes":0,"pending_readbacks":0,"queue_len":0,"signal":1,"now_ms":1785596280475},"t":1785596280475}
[page] [gpu-worker][wedge] {"kind":"stall","jobDied":false,"stuckJob":true,"jobAgeMs":459630,"drainTraps":0,"rescuedWakeups":0,"signal":1421,"engine":{"jobs_submitted":1421,"jobs_started":1421,"jobs_finished":1420,"current_job_start_ms":1785595820846,"last_submit_ms":1785595820845,"last_drain_enter_ms":1785595820846,"last_drain_exit_ms":1785595820844,"device_errors":0,"device_lost":1,"caller_stall_probes":90,"pending_readbacks":0,"queue_len":0,"signal":1421,"now_ms":1785596280476},"t":1785596280476}
[page] [gpu-worker][wedge] {"kind":"stall","jobDied":false,"stuckJob":true,"jobAgeMs":464632,"drainTraps":0,"rescuedWakeups":0,"signal":1421,"engine":{"jobs_submitted":1421,"jobs_started":1421,"jobs_finished":1420,"current_job_start_ms":1785595820846,"last_submit_ms":1785595820845,"last_drain_enter_ms":1785595820846,"last_drain_exit_ms":1785595820844,"device_errors":0,"device_lost":1,"caller_stall_probes":91,"pending_readbacks":0,"queue_len":0,"signal":1421,"now_ms":1785596285478},"t":1785596285478}
[page] [jolt-webgpu] engine.run caller stalled 464633 ms: {"jobs_submitted":1421,"jobs_started":1421,"jobs_finished":1420,"current_job_start_ms":1785595820846,"last_submit_ms":1785595820845,"last_drain_enter_ms":1785595820846,"last_drain_exit_ms":1785595820844,"device_errors":0,"device_lost":1,"caller_stall_probes":91,"pending_readbacks":0,"queue_len":0,"signal":1421,"now_ms":1785596285478}
[page] [gpu-worker][wedge] {"kind":"device","drainTraps":0,"rescuedWakeups":0,"signal":1,"engine":{"jobs_submitted":1,"jobs_started":1,"jobs_finished":1,"current_job_start_ms":0,"last_submit_ms":1785595670420,"last_drain_enter_ms":1785596285479,"last_drain_exit_ms":1785596285479,"device_errors":0,"device_lost":1,"caller_stall_probes":0,"pending_readbacks":0,"queue_len":0,"signal":1,"now_ms":1785596285479},"t":1785596285479}
+ true
+ ps axo rss,comm
+ grep -i 'Google Chrome Helper (GPU)'
+ sort -rn
+ head -1
++ date +%T
+ awk -v t=10:58:08 '{printf "[rss] %s gpu-helper %.0f MB\n", t, $1/1024}'
+ sleep 20
[page] [gpu-worker][wedge] {"kind":"stall","jobDied":false,"stuckJob":true,"jobAgeMs":469689,"drainTraps":0,"rescuedWakeups":0,"signal":1421,"engine":{"jobs_submitted":1421,"jobs_started":1421,"jobs_finished":1420,"current_job_start_ms":1785595820846,"last_submit_ms":1785595820845,"last_drain_enter_ms":1785595820846,"last_drain_exit_ms":1785595820844,"device_errors":0,"device_lost":1,"caller_stall_probes":92,"pending_readbacks":0,"queue_len":0,"signal":1421,"now_ms":1785596290535},"t":1785596290535}
[page] [jolt-webgpu] engine.run caller stalled 469690 ms: {"jobs_submitted":1421,"jobs_started":1421,"jobs_finished":1420,"current_job_start_ms":1785595820846,"last_submit_ms":1785595820845,"last_drain_enter_ms":1785595820846,"last_drain_exit_ms":1785595820844,"device_errors":0,"device_lost":1,"caller_stall_probes":92,"pending_readbacks":0,"queue_len":0,"signal":1421,"now_ms":1785596290535}
[page] [gpu-worker][wedge] {"kind":"device","drainTraps":0,"rescuedWakeups":0,"signal":1,"engine":{"jobs_submitted":1,"jobs_started":1,"jobs_finished":1,"current_job_start_ms":0,"last_submit_ms":1785595670420,"last_drain_enter_ms":1785596290350,"last_drain_exit_ms":1785596290350,"device_errors":0,"device_lost":1,"caller_stall_probes":0,"pending_readbacks":0,"queue_len":0,"signal":1,"now_ms":1785596290536},"t":1785596290536}
[page] [gpu-worker][wedge] {"kind":"device","drainTraps":0,"rescuedWakeups":0,"signal":1,"engine":{"jobs_submitted":1,"jobs_started":1,"jobs_finished":1,"current_job_start_ms":0,"last_submit_ms":1785595670420,"last_drain_enter_ms":1785596295377,"last_drain_exit_ms":1785596295377,"device_errors":0,"device_lost":1,"caller_stall_probes":0,"pending_readbacks":0,"queue_len":0,"signal":1,"now_ms":1785596295511},"t":1785596295511}
[page] [gpu-worker][wedge] {"kind":"stall","jobDied":false,"stuckJob":true,"jobAgeMs":474666,"drainTraps":0,"rescuedWakeups":0,"signal":1421,"engine":{"jobs_submitted":1421,"jobs_started":1421,"jobs_finished":1420,"current_job_start_ms":1785595820846,"last_submit_ms":1785595820845,"last_drain_enter_ms":1785595820846,"last_drain_exit_ms":1785595820844,"device_errors":0,"device_lost":1,"caller_stall_probes":92,"pending_readbacks":0,"queue_len":0,"signal":1421,"now_ms":1785596295512},"t":1785596295512}
[page] [jolt-webgpu] engine.run caller stalled 474703 ms: {"jobs_submitted":1421,"jobs_started":1421,"jobs_finished":1420,"current_job_start_ms":1785595820846,"last_submit_ms":1785595820845,"last_drain_enter_ms":1785595820846,"last_drain_exit_ms":1785595820844,"device_errors":0,"device_lost":1,"caller_stall_probes":93,"pending_readbacks":0,"queue_len":0,"signal":1421,"now_ms":1785596295548}
[page] [gpu-worker][wedge] {"kind":"device","drainTraps":0,"rescuedWakeups":0,"signal":1,"engine":{"jobs_submitted":1,"jobs_started":1,"jobs_finished":1,"current_job_start_ms":0,"last_submit_ms":1785595670420,"last_drain_enter_ms":1785596300394,"last_drain_exit_ms":1785596300394,"device_errors":0,"device_lost":1,"caller_stall_probes":0,"pending_readbacks":0,"queue_len":0,"signal":1,"now_ms":1785596300567},"t":1785596300567}
[page] [gpu-worker][wedge] {"kind":"stall","jobDied":false,"stuckJob":true,"jobAgeMs":479722,"drainTraps":0,"rescuedWakeups":0,"signal":1421,"engine":{"jobs_submitted":1421,"jobs_started":1421,"jobs_finished":1420,"current_job_start_ms":1785595820846,"last_submit_ms":1785595820845,"last_drain_enter_ms":1785595820846,"last_drain_exit_ms":1785595820844,"device_errors":0,"device_lost":1,"caller_stall_probes":93,"pending_readbacks":0,"queue_len":0,"signal":1421,"now_ms":1785596300568},"t":1785596300568}
[page] [jolt-webgpu] engine.run caller stalled 479760 ms: {"jobs_submitted":1421,"jobs_started":1421,"jobs_finished":1420,"current_job_start_ms":1785595820846,"last_submit_ms":1785595820845,"last_drain_enter_ms":1785595820846,"last_drain_exit_ms":1785595820844,"device_errors":0,"device_lost":1,"caller_stall_probes":94,"pending_readbacks":0,"queue_len":0,"signal":1421,"now_ms":1785596300605}
[page] [gpu-worker][wedge] {"kind":"device","drainTraps":0,"rescuedWakeups":0,"signal":1,"engine":{"jobs_submitted":1,"jobs_started":1,"jobs_finished":1,"current_job_start_ms":0,"last_submit_ms":1785595670420,"last_drain_enter_ms":1785596305409,"last_drain_exit_ms":1785596305409,"device_errors":0,"device_lost":1,"caller_stall_probes":0,"pending_readbacks":0,"queue_len":0,"signal":1,"now_ms":1785596305517},"t":1785596305517}
[page] [gpu-worker][wedge] {"kind":"stall","jobDied":false,"stuckJob":true,"jobAgeMs":484672,"drainTraps":0,"rescuedWakeups":0,"signal":1421,"engine":{"jobs_submitted":1421,"jobs_started":1421,"jobs_finished":1420,"current_job_start_ms":1785595820846,"last_submit_ms":1785595820845,"last_drain_enter_ms":1785595820846,"last_drain_exit_ms":1785595820844,"device_errors":0,"device_lost":1,"caller_stall_probes":94,"pending_readbacks":0,"queue_len":0,"signal":1421,"now_ms":1785596305518},"t":1785596305518}
[page] [jolt-webgpu] engine.run caller stalled 484911 ms: {"jobs_submitted":1421,"jobs_started":1421,"jobs_finished":1420,"current_job_start_ms":1785595820846,"last_submit_ms":1785595820845,"last_drain_enter_ms":1785595820846,"last_drain_exit_ms":1785595820844,"device_errors":0,"device_lost":1,"caller_stall_probes":95,"pending_readbacks":0,"queue_len":0,"signal":1421,"now_ms":1785596305756}
+ true
+ ps axo rss,comm
+ grep -i 'Google Chrome Helper (GPU)'
+ sort -rn
+ head -1
++ date +%T
+ awk -v t=10:58:28 '{printf "[rss] %s gpu-helper %.0f MB\n", t, $1/1024}'
+ sleep 20
[page] [gpu-worker][wedge] {"kind":"device","drainTraps":0,"rescuedWakeups":0,"signal":1,"engine":{"jobs_submitted":1,"jobs_started":1,"jobs_finished":1,"current_job_start_ms":0,"last_submit_ms":1785595670420,"last_drain_enter_ms":1785596310468,"last_drain_exit_ms":1785596310468,"device_errors":0,"device_lost":1,"caller_stall_probes":0,"pending_readbacks":0,"queue_len":0,"signal":1,"now_ms":1785596310468},"t":1785596310468}
[page] [gpu-worker][wedge] {"kind":"stall","jobDied":false,"stuckJob":true,"jobAgeMs":489623,"drainTraps":0,"rescuedWakeups":0,"signal":1421,"engine":{"jobs_submitted":1421,"jobs_started":1421,"jobs_finished":1420,"current_job_start_ms":1785595820846,"last_submit_ms":1785595820845,"last_drain_enter_ms":1785595820846,"last_drain_exit_ms":1785595820844,"device_errors":0,"device_lost":1,"caller_stall_probes":95,"pending_readbacks":0,"queue_len":0,"signal":1421,"now_ms":1785596310469},"t":1785596310469}
[page] [jolt-webgpu] engine.run caller stalled 490009 ms: {"jobs_submitted":1421,"jobs_started":1421,"jobs_finished":1420,"current_job_start_ms":1785595820846,"last_submit_ms":1785595820845,"last_drain_enter_ms":1785595820846,"last_drain_exit_ms":1785595820844,"device_errors":0,"device_lost":1,"caller_stall_probes":96,"pending_readbacks":0,"queue_len":0,"signal":1421,"now_ms":1785596310854}
[page] [gpu-worker][wedge] {"kind":"device","drainTraps":0,"rescuedWakeups":0,"signal":1,"engine":{"jobs_submitted":1,"jobs_started":1,"jobs_finished":1,"current_job_start_ms":0,"last_submit_ms":1785595670420,"last_drain_enter_ms":1785596315503,"last_drain_exit_ms":1785596315503,"device_errors":0,"device_lost":1,"caller_stall_probes":0,"pending_readbacks":0,"queue_len":0,"signal":1,"now_ms":1785596315503},"t":1785596315503}
[page] [gpu-worker][wedge] {"kind":"stall","jobDied":false,"stuckJob":true,"jobAgeMs":494658,"drainTraps":0,"rescuedWakeups":0,"signal":1421,"engine":{"jobs_submitted":1421,"jobs_started":1421,"jobs_finished":1420,"current_job_start_ms":1785595820846,"last_submit_ms":1785595820845,"last_drain_enter_ms":1785595820846,"last_drain_exit_ms":1785595820844,"device_errors":0,"device_lost":1,"caller_stall_probes":96,"pending_readbacks":0,"queue_len":0,"signal":1421,"now_ms":1785596315504},"t":1785596315504}
[page] [jolt-webgpu] engine.run caller stalled 495138 ms: {"jobs_submitted":1421,"jobs_started":1421,"jobs_finished":1420,"current_job_start_ms":1785595820846,"last_submit_ms":1785595820845,"last_drain_enter_ms":1785595820846,"last_drain_exit_ms":1785595820844,"device_errors":0,"device_lost":1,"caller_stall_probes":97,"pending_readbacks":0,"queue_len":0,"signal":1421,"now_ms":1785596315983}
[page] [gpu-worker][wedge] {"kind":"device","drainTraps":0,"rescuedWakeups":0,"signal":1,"engine":{"jobs_submitted":1,"jobs_started":1,"jobs_finished":1,"current_job_start_ms":0,"last_submit_ms":1785595670420,"last_drain_enter_ms":1785596320492,"last_drain_exit_ms":1785596320492,"device_errors":0,"device_lost":1,"caller_stall_probes":0,"pending_readbacks":0,"queue_len":0,"signal":1,"now_ms":1785596320492},"t":1785596320492}
[page] [gpu-worker][wedge] {"kind":"stall","jobDied":false,"stuckJob":true,"jobAgeMs":499647,"drainTraps":0,"rescuedWakeups":0,"signal":1421,"engine":{"jobs_submitted":1421,"jobs_started":1421,"jobs_finished":1420,"current_job_start_ms":1785595820846,"last_submit_ms":1785595820845,"last_drain_enter_ms":1785595820846,"last_drain_exit_ms":1785595820844,"device_errors":0,"device_lost":1,"caller_stall_probes":97,"pending_readbacks":0,"queue_len":0,"signal":1421,"now_ms":1785596320493},"t":1785596320493}
[page] [jolt-webgpu] engine.run caller stalled 500289 ms: {"jobs_submitted":1421,"jobs_started":1421,"jobs_finished":1420,"current_job_start_ms":1785595820846,"last_submit_ms":1785595820845,"last_drain_enter_ms":1785595820846,"last_drain_exit_ms":1785595820844,"device_errors":0,"device_lost":1,"caller_stall_probes":98,"pending_readbacks":0,"queue_len":0,"signal":1421,"now_ms":1785596321134}
[page] [gpu-worker][wedge] {"kind":"device","drainTraps":0,"rescuedWakeups":0,"signal":1,"engine":{"jobs_submitted":1,"jobs_started":1,"jobs_finished":1,"current_job_start_ms":0,"last_submit_ms":1785595670420,"last_drain_enter_ms":1785596325337,"last_drain_exit_ms":1785596325337,"device_errors":0,"device_lost":1,"caller_stall_probes":0,"pending_readbacks":0,"queue_len":0,"signal":1,"now_ms":1785596325566},"t":1785596325567}
[page] [gpu-worker][wedge] {"kind":"stall","jobDied":false,"stuckJob":true,"jobAgeMs":504720,"drainTraps":0,"rescuedWakeups":0,"signal":1421,"engine":{"jobs_submitted":1421,"jobs_started":1421,"jobs_finished":1420,"current_job_start_ms":1785595820846,"last_submit_ms":1785595820845,"last_drain_enter_ms":1785595820846,"last_drain_exit_ms":1785595820844,"device_errors":0,"device_lost":1,"caller_stall_probes":98,"pending_readbacks":0,"queue_len":0,"signal":1421,"now_ms":1785596325566},"t":1785596325567}
[page] [jolt-webgpu] engine.run caller stalled 505439 ms: {"jobs_submitted":1421,"jobs_started":1421,"jobs_finished":1420,"current_job_start_ms":1785595820846,"last_submit_ms":1785595820845,"last_drain_enter_ms":1785595820846,"last_drain_exit_ms":1785595820844,"device_errors":0,"device_lost":1,"caller_stall_probes":99,"pending_readbacks":0,"queue_len":0,"signal":1421,"now_ms":1785596326284}
+ true
+ ps axo rss,comm
+ grep -i 'Google Chrome Helper (GPU)'
+ sort -rn
+ head -1
++ date +%T
+ awk -v t=10:58:48 '{printf "[rss] %s gpu-helper %.0f MB\n", t, $1/1024}'
+ sleep 20
[page] [gpu-worker][wedge] {"kind":"device","drainTraps":0,"rescuedWakeups":0,"signal":1,"engine":{"jobs_submitted":1,"jobs_started":1,"jobs_finished":1,"current_job_start_ms":0,"last_submit_ms":1785595670420,"last_drain_enter_ms":1785596330394,"last_drain_exit_ms":1785596330394,"device_errors":0,"device_lost":1,"caller_stall_probes":0,"pending_readbacks":0,"queue_len":0,"signal":1,"now_ms":1785596330430},"t":1785596330430}
[page] [gpu-worker][wedge] {"kind":"stall","jobDied":false,"stuckJob":true,"jobAgeMs":509584,"drainTraps":0,"rescuedWakeups":0,"signal":1421,"engine":{"jobs_submitted":1421,"jobs_started":1421,"jobs_finished":1420,"current_job_start_ms":1785595820846,"last_submit_ms":1785595820845,"last_drain_enter_ms":1785595820846,"last_drain_exit_ms":1785595820844,"device_errors":0,"device_lost":1,"caller_stall_probes":99,"pending_readbacks":0,"queue_len":0,"signal":1421,"now_ms":1785596330430},"t":1785596330430}
[page] [jolt-webgpu] engine.run caller stalled 510546 ms: {"jobs_submitted":1421,"jobs_started":1421,"jobs_finished":1420,"current_job_start_ms":1785595820846,"last_submit_ms":1785595820845,"last_drain_enter_ms":1785595820846,"last_drain_exit_ms":1785595820844,"device_errors":0,"device_lost":1,"caller_stall_probes":100,"pending_readbacks":0,"queue_len":0,"signal":1421,"now_ms":1785596331391}
[page] [gpu-worker][wedge] {"kind":"device","drainTraps":0,"rescuedWakeups":0,"signal":1,"engine":{"jobs_submitted":1,"jobs_started":1,"jobs_finished":1,"current_job_start_ms":0,"last_submit_ms":1785595670420,"last_drain_enter_ms":1785596335405,"last_drain_exit_ms":1785596335405,"device_errors":0,"device_lost":1,"caller_stall_probes":0,"pending_readbacks":0,"queue_len":0,"signal":1,"now_ms":1785596335534},"t":1785596335534}
[page] [gpu-worker][wedge] {"kind":"stall","jobDied":false,"stuckJob":true,"jobAgeMs":514689,"drainTraps":0,"rescuedWakeups":0,"signal":1421,"engine":{"jobs_submitted":1421,"jobs_started":1421,"jobs_finished":1420,"current_job_start_ms":1785595820846,"last_submit_ms":1785595820845,"last_drain_enter_ms":1785595820846,"last_drain_exit_ms":1785595820844,"device_errors":0,"device_lost":1,"caller_stall_probes":100,"pending_readbacks":0,"queue_len":0,"signal":1421,"now_ms":1785596335535},"t":1785596335535}
[page] [jolt-webgpu] engine.run caller stalled 515592 ms: {"jobs_submitted":1421,"jobs_started":1421,"jobs_finished":1420,"current_job_start_ms":1785595820846,"last_submit_ms":1785595820845,"last_drain_enter_ms":1785595820846,"last_drain_exit_ms":1785595820844,"device_errors":0,"device_lost":1,"caller_stall_probes":101,"pending_readbacks":0,"queue_len":0,"signal":1421,"now_ms":1785596336437}
[page] [gpu-worker][wedge] {"kind":"device","drainTraps":0,"rescuedWakeups":0,"signal":1,"engine":{"jobs_submitted":1,"jobs_started":1,"jobs_finished":1,"current_job_start_ms":0,"last_submit_ms":1785595670420,"last_drain_enter_ms":1785596340527,"last_drain_exit_ms":1785596340527,"device_errors":0,"device_lost":1,"caller_stall_probes":0,"pending_readbacks":0,"queue_len":0,"signal":1,"now_ms":1785596340528},"t":1785596340528}
[page] [gpu-worker][wedge] {"kind":"stall","jobDied":false,"stuckJob":true,"jobAgeMs":519682,"drainTraps":0,"rescuedWakeups":0,"signal":1421,"engine":{"jobs_submitted":1421,"jobs_started":1421,"jobs_finished":1420,"current_job_start_ms":1785595820846,"last_submit_ms":1785595820845,"last_drain_enter_ms":1785595820846,"last_drain_exit_ms":1785595820844,"device_errors":0,"device_lost":1,"caller_stall_probes":101,"pending_readbacks":0,"queue_len":0,"signal":1421,"now_ms":1785596340528},"t":1785596340528}
[page] [jolt-webgpu] engine.run caller stalled 520637 ms: {"jobs_submitted":1421,"jobs_started":1421,"jobs_finished":1420,"current_job_start_ms":1785595820846,"last_submit_ms":1785595820845,"last_drain_enter_ms":1785595820846,"last_drain_exit_ms":1785595820844,"device_errors":0,"device_lost":1,"caller_stall_probes":102,"pending_readbacks":0,"queue_len":0,"signal":1421,"now_ms":1785596341482}
[page] [gpu-worker][wedge] {"kind":"stall","jobDied":false,"stuckJob":true,"jobAgeMs":524591,"drainTraps":0,"rescuedWakeups":0,"signal":1421,"engine":{"jobs_submitted":1421,"jobs_started":1421,"jobs_finished":1420,"current_job_start_ms":1785595820846,"last_submit_ms":1785595820845,"last_drain_enter_ms":1785595820846,"last_drain_exit_ms":1785595820844,"device_errors":0,"device_lost":1,"caller_stall_probes":102,"pending_readbacks":0,"queue_len":0,"signal":1421,"now_ms":1785596345437},"t":1785596345437}
[page] [gpu-worker][wedge] {"kind":"device","drainTraps":0,"rescuedWakeups":0,"signal":1,"engine":{"jobs_submitted":1,"jobs_started":1,"jobs_finished":1,"current_job_start_ms":0,"last_submit_ms":1785595670420,"last_drain_enter_ms":1785596345419,"last_drain_exit_ms":1785596345419,"device_errors":0,"device_lost":1,"caller_stall_probes":0,"pending_readbacks":0,"queue_len":0,"signal":1,"now_ms":1785596345437},"t":1785596345437}
[page] [jolt-webgpu] engine.run caller stalled 525783 ms: {"jobs_submitted":1421,"jobs_started":1421,"jobs_finished":1420,"current_job_start_ms":1785595820846,"last_submit_ms":1785595820845,"last_drain_enter_ms":1785595820846,"last_drain_exit_ms":1785595820844,"device_errors":0,"device_lost":1,"caller_stall_probes":103,"pending_readbacks":0,"queue_len":0,"signal":1421,"now_ms":1785596346628}
+ true
+ ps axo rss,comm
+ grep -i 'Google Chrome Helper (GPU)'
+ sort -rn
+ head -1
++ date +%T
+ awk -v t=10:59:08 '{printf "[rss] %s gpu-helper %.0f MB\n", t, $1/1024}'
+ sleep 20
[page] [gpu-worker][wedge] {"kind":"device","drainTraps":0,"rescuedWakeups":0,"signal":1,"engine":{"jobs_submitted":1,"jobs_started":1,"jobs_finished":1,"current_job_start_ms":0,"last_submit_ms":1785595670420,"last_drain_enter_ms":1785596350443,"last_drain_exit_ms":1785596350443,"device_errors":0,"device_lost":1,"caller_stall_probes":0,"pending_readbacks":0,"queue_len":0,"signal":1,"now_ms":1785596350443},"t":1785596350443}
[page] [gpu-worker][wedge] {"kind":"stall","jobDied":false,"stuckJob":true,"jobAgeMs":529598,"drainTraps":0,"rescuedWakeups":0,"signal":1421,"engine":{"jobs_submitted":1421,"jobs_started":1421,"jobs_finished":1420,"current_job_start_ms":1785595820846,"last_submit_ms":1785595820845,"last_drain_enter_ms":1785595820846,"last_drain_exit_ms":1785595820844,"device_errors":0,"device_lost":1,"caller_stall_probes":103,"pending_readbacks":0,"queue_len":0,"signal":1421,"now_ms":1785596350444},"t":1785596350444}
[page] [jolt-webgpu] engine.run caller stalled 530931 ms: {"jobs_submitted":1421,"jobs_started":1421,"jobs_finished":1420,"current_job_start_ms":1785595820846,"last_submit_ms":1785595820845,"last_drain_enter_ms":1785595820846,"last_drain_exit_ms":1785595820844,"device_errors":0,"device_lost":1,"caller_stall_probes":104,"pending_readbacks":0,"queue_len":0,"signal":1421,"now_ms":1785596351776}
[page] [gpu-worker][wedge] {"kind":"device","drainTraps":0,"rescuedWakeups":0,"signal":1,"engine":{"jobs_submitted":1,"jobs_started":1,"jobs_finished":1,"current_job_start_ms":0,"last_submit_ms":1785595670420,"last_drain_enter_ms":1785596355442,"last_drain_exit_ms":1785596355442,"device_errors":0,"device_lost":1,"caller_stall_probes":0,"pending_readbacks":0,"queue_len":0,"signal":1,"now_ms":1785596355442},"t":1785596355442}
[page] [gpu-worker][wedge] {"kind":"stall","jobDied":false,"stuckJob":true,"jobAgeMs":534596,"drainTraps":0,"rescuedWakeups":0,"signal":1421,"engine":{"jobs_submitted":1421,"jobs_started":1421,"jobs_finished":1420,"current_job_start_ms":1785595820846,"last_submit_ms":1785595820845,"last_drain_enter_ms":1785595820846,"last_drain_exit_ms":1785595820844,"device_errors":0,"device_lost":1,"caller_stall_probes":104,"pending_readbacks":0,"queue_len":0,"signal":1421,"now_ms":1785596355442},"t":1785596355442}
[page] [jolt-webgpu] engine.run caller stalled 535979 ms: {"jobs_submitted":1421,"jobs_started":1421,"jobs_finished":1420,"current_job_start_ms":1785595820846,"last_submit_ms":1785595820845,"last_drain_enter_ms":1785595820846,"last_drain_exit_ms":1785595820844,"device_errors":0,"device_lost":1,"caller_stall_probes":105,"pending_readbacks":0,"queue_len":0,"signal":1421,"now_ms":1785596356824}
[page] [gpu-worker][wedge] {"kind":"device","drainTraps":0,"rescuedWakeups":0,"signal":1,"engine":{"jobs_submitted":1,"jobs_started":1,"jobs_finished":1,"current_job_start_ms":0,"last_submit_ms":1785595670420,"last_drain_enter_ms":1785596360416,"last_drain_exit_ms":1785596360416,"device_errors":0,"device_lost":1,"caller_stall_probes":0,"pending_readbacks":0,"queue_len":0,"signal":1,"now_ms":1785596360453},"t":1785596360453}
[page] [gpu-worker][wedge] {"kind":"stall","jobDied":false,"stuckJob":true,"jobAgeMs":539607,"drainTraps":0,"rescuedWakeups":0,"signal":1421,"engine":{"jobs_submitted":1421,"jobs_started":1421,"jobs_finished":1420,"current_job_start_ms":1785595820846,"last_submit_ms":1785595820845,"last_drain_enter_ms":1785595820846,"last_drain_exit_ms":1785595820844,"device_errors":0,"device_lost":1,"caller_stall_probes":105,"pending_readbacks":0,"queue_len":0,"signal":1421,"now_ms":1785596360453},"t":1785596360453}
[page] [jolt-webgpu] engine.run caller stalled 541115 ms: {"jobs_submitted":1421,"jobs_started":1421,"jobs_finished":1420,"current_job_start_ms":1785595820846,"last_submit_ms":1785595820845,"last_drain_enter_ms":1785595820846,"last_drain_exit_ms":1785595820844,"device_errors":0,"device_lost":1,"caller_stall_probes":106,"pending_readbacks":0,"queue_len":0,"signal":1421,"now_ms":1785596361960}
[page] [gpu-worker][wedge] {"kind":"device","drainTraps":0,"rescuedWakeups":0,"signal":1,"engine":{"jobs_submitted":1,"jobs_started":1,"jobs_finished":1,"current_job_start_ms":0,"last_submit_ms":1785595670420,"last_drain_enter_ms":1785596365334,"last_drain_exit_ms":1785596365334,"device_errors":0,"device_lost":1,"caller_stall_probes":0,"pending_readbacks":0,"queue_len":0,"signal":1,"now_ms":1785596365535},"t":1785596365535}
[page] [gpu-worker][wedge] {"kind":"stall","jobDied":false,"stuckJob":true,"jobAgeMs":544690,"drainTraps":0,"rescuedWakeups":0,"signal":1421,"engine":{"jobs_submitted":1421,"jobs_started":1421,"jobs_finished":1420,"current_job_start_ms":1785595820846,"last_submit_ms":1785595820845,"last_drain_enter_ms":1785595820846,"last_drain_exit_ms":1785595820844,"device_errors":0,"device_lost":1,"caller_stall_probes":106,"pending_readbacks":0,"queue_len":0,"signal":1421,"now_ms":1785596365536},"t":1785596365536}
[page] [jolt-webgpu] engine.run caller stalled 546264 ms: {"jobs_submitted":1421,"jobs_started":1421,"jobs_finished":1420,"current_job_start_ms":1785595820846,"last_submit_ms":1785595820845,"last_drain_enter_ms":1785595820846,"last_drain_exit_ms":1785595820844,"device_errors":0,"device_lost":1,"caller_stall_probes":107,"pending_readbacks":0,"queue_len":0,"signal":1421,"now_ms":1785596367109}
+ true
+ ps axo rss,comm
+ grep -i 'Google Chrome Helper (GPU)'
+ sort -rn
+ head -1
++ date +%T
+ awk -v t=10:59:28 '{printf "[rss] %s gpu-helper %.0f MB\n", t, $1/1024}'
+ sleep 20
[page] [gpu-worker][wedge] {"kind":"device","drainTraps":0,"rescuedWakeups":0,"signal":1,"engine":{"jobs_submitted":1,"jobs_started":1,"jobs_finished":1,"current_job_start_ms":0,"last_submit_ms":1785595670420,"last_drain_enter_ms":1785596370409,"last_drain_exit_ms":1785596370409,"device_errors":0,"device_lost":1,"caller_stall_probes":0,"pending_readbacks":0,"queue_len":0,"signal":1,"now_ms":1785596370517},"t":1785596370517}
[page] [gpu-worker][wedge] {"kind":"stall","jobDied":false,"stuckJob":true,"jobAgeMs":549672,"drainTraps":0,"rescuedWakeups":0,"signal":1421,"engine":{"jobs_submitted":1421,"jobs_started":1421,"jobs_finished":1420,"current_job_start_ms":1785595820846,"last_submit_ms":1785595820845,"last_drain_enter_ms":1785595820846,"last_drain_exit_ms":1785595820844,"device_errors":0,"device_lost":1,"caller_stall_probes":107,"pending_readbacks":0,"queue_len":0,"signal":1421,"now_ms":1785596370518},"t":1785596370518}
[page] [jolt-webgpu] engine.run caller stalled 551408 ms: {"jobs_submitted":1421,"jobs_started":1421,"jobs_finished":1420,"current_job_start_ms":1785595820846,"last_submit_ms":1785595820845,"last_drain_enter_ms":1785595820846,"last_drain_exit_ms":1785595820844,"device_errors":0,"device_lost":1,"caller_stall_probes":108,"pending_readbacks":0,"queue_len":0,"signal":1421,"now_ms":1785596372253}
[page] [gpu-worker][wedge] {"kind":"stall","jobDied":false,"stuckJob":true,"jobAgeMs":554694,"drainTraps":0,"rescuedWakeups":0,"signal":1421,"engine":{"jobs_submitted":1421,"jobs_started":1421,"jobs_finished":1420,"current_job_start_ms":1785595820846,"last_submit_ms":1785595820845,"last_drain_enter_ms":1785595820846,"last_drain_exit_ms":1785595820844,"device_errors":0,"device_lost":1,"caller_stall_probes":108,"pending_readbacks":0,"queue_len":0,"signal":1421,"now_ms":1785596375540},"t":1785596375540}
[page] [gpu-worker][wedge] {"kind":"device","drainTraps":0,"rescuedWakeups":0,"signal":1,"engine":{"jobs_submitted":1,"jobs_started":1,"jobs_finished":1,"current_job_start_ms":0,"last_submit_ms":1785595670420,"last_drain_enter_ms":1785596375376,"last_drain_exit_ms":1785596375376,"device_errors":0,"device_lost":1,"caller_stall_probes":0,"pending_readbacks":0,"queue_len":0,"signal":1,"now_ms":1785596375541},"t":1785596375541}
[page] [jolt-webgpu] engine.run caller stalled 556442 ms: {"jobs_submitted":1421,"jobs_started":1421,"jobs_finished":1420,"current_job_start_ms":1785595820846,"last_submit_ms":1785595820845,"last_drain_enter_ms":1785595820846,"last_drain_exit_ms":1785595820844,"device_errors":0,"device_lost":1,"caller_stall_probes":109,"pending_readbacks":0,"queue_len":0,"signal":1421,"now_ms":1785596377287}
[page] [gpu-worker][wedge] {"kind":"stall","jobDied":false,"stuckJob":true,"jobAgeMs":559642,"drainTraps":0,"rescuedWakeups":0,"signal":1421,"engine":{"jobs_submitted":1421,"jobs_started":1421,"jobs_finished":1420,"current_job_start_ms":1785595820846,"last_submit_ms":1785595820845,"last_drain_enter_ms":1785595820846,"last_drain_exit_ms":1785595820844,"device_errors":0,"device_lost":1,"caller_stall_probes":109,"pending_readbacks":0,"queue_len":0,"signal":1421,"now_ms":1785596380488},"t":1785596380488}
[page] [gpu-worker][wedge] {"kind":"device","drainTraps":0,"rescuedWakeups":0,"signal":1,"engine":{"jobs_submitted":1,"jobs_started":1,"jobs_finished":1,"current_job_start_ms":0,"last_submit_ms":1785595670420,"last_drain_enter_ms":1785596380351,"last_drain_exit_ms":1785596380351,"device_errors":0,"device_lost":1,"caller_stall_probes":0,"pending_readbacks":0,"queue_len":0,"signal":1,"now_ms":1785596380488},"t":1785596380489}
[page] [jolt-webgpu] engine.run caller stalled 561589 ms: {"jobs_submitted":1421,"jobs_started":1421,"jobs_finished":1420,"current_job_start_ms":1785595820846,"last_submit_ms":1785595820845,"last_drain_enter_ms":1785595820846,"last_drain_exit_ms":1785595820844,"device_errors":0,"device_lost":1,"caller_stall_probes":110,"pending_readbacks":0,"queue_len":0,"signal":1421,"now_ms":1785596382434}
[page] [gpu-worker][wedge] {"kind":"stall","jobDied":false,"stuckJob":true,"jobAgeMs":564662,"drainTraps":0,"rescuedWakeups":0,"signal":1421,"engine":{"jobs_submitted":1421,"jobs_started":1421,"jobs_finished":1420,"current_job_start_ms":1785595820846,"last_submit_ms":1785595820845,"last_drain_enter_ms":1785595820846,"last_drain_exit_ms":1785595820844,"device_errors":0,"device_lost":1,"caller_stall_probes":110,"pending_readbacks":0,"queue_len":0,"signal":1421,"now_ms":1785596385508},"t":1785596385508}
[page] [gpu-worker][wedge] {"kind":"device","drainTraps":0,"rescuedWakeups":0,"signal":1,"engine":{"jobs_submitted":1,"jobs_started":1,"jobs_finished":1,"current_job_start_ms":0,"last_submit_ms":1785595670420,"last_drain_enter_ms":1785596385509,"last_drain_exit_ms":1785596385509,"device_errors":0,"device_lost":1,"caller_stall_probes":0,"pending_readbacks":0,"queue_len":0,"signal":1,"now_ms":1785596385509},"t":1785596385509}
[page] [jolt-webgpu] engine.run caller stalled 566629 ms: {"jobs_submitted":1421,"jobs_started":1421,"jobs_finished":1420,"current_job_start_ms":1785595820846,"last_submit_ms":1785595820845,"last_drain_enter_ms":1785595820846,"last_drain_exit_ms":1785595820844,"device_errors":0,"device_lost":1,"caller_stall_probes":111,"pending_readbacks":0,"queue_len":0,"signal":1421,"now_ms":1785596387474}
+ true
+ ps axo rss,comm
+ grep -i 'Google Chrome Helper (GPU)'
+ sort -rn
+ head -1
++ date +%T
+ awk -v t=10:59:49 '{printf "[rss] %s gpu-helper %.0f MB\n", t, $1/1024}'
+ sleep 20
[page] [gpu-worker][wedge] {"kind":"device","drainTraps":0,"rescuedWakeups":0,"signal":1,"engine":{"jobs_submitted":1,"jobs_started":1,"jobs_finished":1,"current_job_start_ms":0,"last_submit_ms":1785595670420,"last_drain_enter_ms":1785596390546,"last_drain_exit_ms":1785596390546,"device_errors":0,"device_lost":1,"caller_stall_probes":0,"pending_readbacks":0,"queue_len":0,"signal":1,"now_ms":1785596390547},"t":1785596390547}
[page] [gpu-worker][wedge] {"kind":"stall","jobDied":false,"stuckJob":true,"jobAgeMs":569701,"drainTraps":0,"rescuedWakeups":0,"signal":1421,"engine":{"jobs_submitted":1421,"jobs_started":1421,"jobs_finished":1420,"current_job_start_ms":1785595820846,"last_submit_ms":1785595820845,"last_drain_enter_ms":1785595820846,"last_drain_exit_ms":1785595820844,"device_errors":0,"device_lost":1,"caller_stall_probes":111,"pending_readbacks":0,"queue_len":0,"signal":1421,"now_ms":1785596390547},"t":1785596390547}
[page] [jolt-webgpu] engine.run caller stalled 571781 ms: {"jobs_submitted":1421,"jobs_started":1421,"jobs_finished":1420,"current_job_start_ms":1785595820846,"last_submit_ms":1785595820845,"last_drain_enter_ms":1785595820846,"last_drain_exit_ms":1785595820844,"device_errors":0,"device_lost":1,"caller_stall_probes":112,"pending_readbacks":0,"queue_len":0,"signal":1421,"now_ms":1785596392626}
[page] [gpu-worker][wedge] {"kind":"device","drainTraps":0,"rescuedWakeups":0,"signal":1,"engine":{"jobs_submitted":1,"jobs_started":1,"jobs_finished":1,"current_job_start_ms":0,"last_submit_ms":1785595670420,"last_drain_enter_ms":1785596395480,"last_drain_exit_ms":1785596395480,"device_errors":0,"device_lost":1,"caller_stall_probes":0,"pending_readbacks":0,"queue_len":0,"signal":1,"now_ms":1785596395480},"t":1785596395480}
[page] [gpu-worker][wedge] {"kind":"stall","jobDied":false,"stuckJob":true,"jobAgeMs":574635,"drainTraps":0,"rescuedWakeups":0,"signal":1421,"engine":{"jobs_submitted":1421,"jobs_started":1421,"jobs_finished":1420,"current_job_start_ms":1785595820846,"last_submit_ms":1785595820845,"last_drain_enter_ms":1785595820846,"last_drain_exit_ms":1785595820844,"device_errors":0,"device_lost":1,"caller_stall_probes":112,"pending_readbacks":0,"queue_len":0,"signal":1421,"now_ms":1785596395481},"t":1785596395481}
[page] [jolt-webgpu] engine.run caller stalled 576886 ms: {"jobs_submitted":1421,"jobs_started":1421,"jobs_finished":1420,"current_job_start_ms":1785595820846,"last_submit_ms":1785595820845,"last_drain_enter_ms":1785595820846,"last_drain_exit_ms":1785595820844,"device_errors":0,"device_lost":1,"caller_stall_probes":113,"pending_readbacks":0,"queue_len":0,"signal":1421,"now_ms":1785596397731}
[page] [gpu-worker][wedge] {"kind":"device","drainTraps":0,"rescuedWakeups":0,"signal":1,"engine":{"jobs_submitted":1,"jobs_started":1,"jobs_finished":1,"current_job_start_ms":0,"last_submit_ms":1785595670420,"last_drain_enter_ms":1785596400529,"last_drain_exit_ms":1785596400529,"device_errors":0,"device_lost":1,"caller_stall_probes":0,"pending_readbacks":0,"queue_len":0,"signal":1,"now_ms":1785596400529},"t":1785596400529}
[page] [gpu-worker][wedge] {"kind":"stall","jobDied":false,"stuckJob":true,"jobAgeMs":579683,"drainTraps":0,"rescuedWakeups":0,"signal":1421,"engine":{"jobs_submitted":1421,"jobs_started":1421,"jobs_finished":1420,"current_job_start_ms":1785595820846,"last_submit_ms":1785595820845,"last_drain_enter_ms":1785595820846,"last_drain_exit_ms":1785595820844,"device_errors":0,"device_lost":1,"caller_stall_probes":113,"pending_readbacks":0,"queue_len":0,"signal":1421,"now_ms":1785596400529},"t":1785596400529}
[page] [jolt-webgpu] engine.run caller stalled 582031 ms: {"jobs_submitted":1421,"jobs_started":1421,"jobs_finished":1420,"current_job_start_ms":1785595820846,"last_submit_ms":1785595820845,"last_drain_enter_ms":1785595820846,"last_drain_exit_ms":1785595820844,"device_errors":0,"device_lost":1,"caller_stall_probes":114,"pending_readbacks":0,"queue_len":0,"signal":1421,"now_ms":1785596402876}
[page] [gpu-worker][wedge] {"kind":"device","drainTraps":0,"rescuedWakeups":0,"signal":1,"engine":{"jobs_submitted":1,"jobs_started":1,"jobs_finished":1,"current_job_start_ms":0,"last_submit_ms":1785595670420,"last_drain_enter_ms":1785596405554,"last_drain_exit_ms":1785596405554,"device_errors":0,"device_lost":1,"caller_stall_probes":0,"pending_readbacks":0,"queue_len":0,"signal":1,"now_ms":1785596405554},"t":1785596405554}
[page] [gpu-worker][wedge] {"kind":"stall","jobDied":false,"stuckJob":true,"jobAgeMs":584708,"drainTraps":0,"rescuedWakeups":0,"signal":1421,"engine":{"jobs_submitted":1421,"jobs_started":1421,"jobs_finished":1420,"current_job_start_ms":1785595820846,"last_submit_ms":1785595820845,"last_drain_enter_ms":1785595820846,"last_drain_exit_ms":1785595820844,"device_errors":0,"device_lost":1,"caller_stall_probes":114,"pending_readbacks":0,"queue_len":0,"signal":1421,"now_ms":1785596405555},"t":1785596405555}
[page] [jolt-webgpu] engine.run caller stalled 587181 ms: {"jobs_submitted":1421,"jobs_started":1421,"jobs_finished":1420,"current_job_start_ms":1785595820846,"last_submit_ms":1785595820845,"last_drain_enter_ms":1785595820846,"last_drain_exit_ms":1785595820844,"device_errors":0,"device_lost":1,"caller_stall_probes":115,"pending_readbacks":0,"queue_len":0,"signal":1421,"now_ms":1785596408026}
+ true
+ ps axo rss,comm
+ grep -i 'Google Chrome Helper (GPU)'
+ sort -rn
+ head -1
++ date +%T
+ awk -v t=11:00:09 '{printf "[rss] %s gpu-helper %.0f MB\n", t, $1/1024}'
+ sleep 20
[page] [gpu-worker][wedge] {"kind":"device","drainTraps":0,"rescuedWakeups":0,"signal":1,"engine":{"jobs_submitted":1,"jobs_started":1,"jobs_finished":1,"current_job_start_ms":0,"last_submit_ms":1785595670420,"last_drain_enter_ms":1785596410413,"last_drain_exit_ms":1785596410413,"device_errors":0,"device_lost":1,"caller_stall_probes":0,"pending_readbacks":0,"queue_len":0,"signal":1,"now_ms":1785596410484},"t":1785596410484}
[page] [gpu-worker][wedge] {"kind":"stall","jobDied":false,"stuckJob":true,"jobAgeMs":589639,"drainTraps":0,"rescuedWakeups":0,"signal":1421,"engine":{"jobs_submitted":1421,"jobs_started":1421,"jobs_finished":1420,"current_job_start_ms":1785595820846,"last_submit_ms":1785595820845,"last_drain_enter_ms":1785595820846,"last_drain_exit_ms":1785595820844,"device_errors":0,"device_lost":1,"caller_stall_probes":115,"pending_readbacks":0,"queue_len":0,"signal":1421,"now_ms":1785596410485},"t":1785596410485}
[page] [jolt-webgpu] engine.run caller stalled 592331 ms: {"jobs_submitted":1421,"jobs_started":1421,"jobs_finished":1420,"current_job_start_ms":1785595820846,"last_submit_ms":1785595820845,"last_drain_enter_ms":1785595820846,"last_drain_exit_ms":1785595820844,"device_errors":0,"device_lost":1,"caller_stall_probes":116,"pending_readbacks":0,"queue_len":0,"signal":1421,"now_ms":1785596413176}
[page] [gpu-worker][wedge] {"kind":"device","drainTraps":0,"rescuedWakeups":0,"signal":1,"engine":{"jobs_submitted":1,"jobs_started":1,"jobs_finished":1,"current_job_start_ms":0,"last_submit_ms":1785595670420,"last_drain_enter_ms":1785596415385,"last_drain_exit_ms":1785596415385,"device_errors":0,"device_lost":1,"caller_stall_probes":0,"pending_readbacks":0,"queue_len":0,"signal":1,"now_ms":1785596415535},"t":1785596415535}
[page] [gpu-worker][wedge] {"kind":"stall","jobDied":false,"stuckJob":true,"jobAgeMs":594689,"drainTraps":0,"rescuedWakeups":0,"signal":1421,"engine":{"jobs_submitted":1421,"jobs_started":1421,"jobs_finished":1420,"current_job_start_ms":1785595820846,"last_submit_ms":1785595820845,"last_drain_enter_ms":1785595820846,"last_drain_exit_ms":1785595820844,"device_errors":0,"device_lost":1,"caller_stall_probes":116,"pending_readbacks":0,"queue_len":0,"signal":1421,"now_ms":1785596415535},"t":1785596415535}
[page] [jolt-webgpu] engine.run caller stalled 597347 ms: {"jobs_submitted":1421,"jobs_started":1421,"jobs_finished":1420,"current_job_start_ms":1785595820846,"last_submit_ms":1785595820845,"last_drain_enter_ms":1785595820846,"last_drain_exit_ms":1785595820844,"device_errors":0,"device_lost":1,"caller_stall_probes":117,"pending_readbacks":0,"queue_len":0,"signal":1421,"now_ms":1785596418192}
[page] [gpu-worker][wedge] {"kind":"device","drainTraps":0,"rescuedWakeups":0,"signal":1,"engine":{"jobs_submitted":1,"jobs_started":1,"jobs_finished":1,"current_job_start_ms":0,"last_submit_ms":1785595670420,"last_drain_enter_ms":1785596420463,"last_drain_exit_ms":1785596420463,"device_errors":0,"device_lost":1,"caller_stall_probes":0,"pending_readbacks":0,"queue_len":0,"signal":1,"now_ms":1785596420464},"t":1785596420464}
[page] [gpu-worker][wedge] {"kind":"stall","jobDied":false,"stuckJob":true,"jobAgeMs":599618,"drainTraps":0,"rescuedWakeups":0,"signal":1421,"engine":{"jobs_submitted":1421,"jobs_started":1421,"jobs_finished":1420,"current_job_start_ms":1785595820846,"last_submit_ms":1785595820845,"last_drain_enter_ms":1785595820846,"last_drain_exit_ms":1785595820844,"device_errors":0,"device_lost":1,"caller_stall_probes":117,"pending_readbacks":0,"queue_len":0,"signal":1421,"now_ms":1785596420464},"t":1785596420464}
[page] [jolt-webgpu] engine.run caller stalled 602444 ms: {"jobs_submitted":1421,"jobs_started":1421,"jobs_finished":1420,"current_job_start_ms":1785595820846,"last_submit_ms":1785595820845,"last_drain_enter_ms":1785595820846,"last_drain_exit_ms":1785595820844,"device_errors":0,"device_lost":1,"caller_stall_probes":118,"pending_readbacks":0,"queue_len":0,"signal":1421,"now_ms":1785596423289}
[page] [gpu-worker][wedge] {"kind":"device","drainTraps":0,"rescuedWakeups":0,"signal":1,"engine":{"jobs_submitted":1,"jobs_started":1,"jobs_finished":1,"current_job_start_ms":0,"last_submit_ms":1785595670420,"last_drain_enter_ms":1785596425479,"last_drain_exit_ms":1785596425479,"device_errors":0,"device_lost":1,"caller_stall_probes":0,"pending_readbacks":0,"queue_len":0,"signal":1,"now_ms":1785596425479},"t":1785596425479}
[page] [gpu-worker][wedge] {"kind":"stall","jobDied":false,"stuckJob":true,"jobAgeMs":604633,"drainTraps":0,"rescuedWakeups":0,"signal":1421,"engine":{"jobs_submitted":1421,"jobs_started":1421,"jobs_finished":1420,"current_job_start_ms":1785595820846,"last_submit_ms":1785595820845,"last_drain_enter_ms":1785595820846,"last_drain_exit_ms":1785595820844,"device_errors":0,"device_lost":1,"caller_stall_probes":118,"pending_readbacks":0,"queue_len":0,"signal":1421,"now_ms":1785596425480},"t":1785596425480}
[page] [jolt-webgpu] engine.run caller stalled 607474 ms: {"jobs_submitted":1421,"jobs_started":1421,"jobs_finished":1420,"current_job_start_ms":1785595820846,"last_submit_ms":1785595820845,"last_drain_enter_ms":1785595820846,"last_drain_exit_ms":1785595820844,"device_errors":0,"device_lost":1,"caller_stall_probes":119,"pending_readbacks":0,"queue_len":0,"signal":1421,"now_ms":1785596428319}
+ true
+ ps axo rss,comm
+ grep -i 'Google Chrome Helper (GPU)'
+ sort -rn
+ head -1
++ date +%T
+ awk -v t=11:00:29 '{printf "[rss] %s gpu-helper %.0f MB\n", t, $1/1024}'
+ sleep 20
[page] [gpu-worker][wedge] {"kind":"device","drainTraps":0,"rescuedWakeups":0,"signal":1,"engine":{"jobs_submitted":1,"jobs_started":1,"jobs_finished":1,"current_job_start_ms":0,"last_submit_ms":1785595670420,"last_drain_enter_ms":1785596430385,"last_drain_exit_ms":1785596430385,"device_errors":0,"device_lost":1,"caller_stall_probes":0,"pending_readbacks":0,"queue_len":0,"signal":1,"now_ms":1785596430567},"t":1785596430567}
[page] [gpu-worker][wedge] {"kind":"stall","jobDied":false,"stuckJob":true,"jobAgeMs":609722,"drainTraps":0,"rescuedWakeups":0,"signal":1421,"engine":{"jobs_submitted":1421,"jobs_started":1421,"jobs_finished":1420,"current_job_start_ms":1785595820846,"last_submit_ms":1785595820845,"last_drain_enter_ms":1785595820846,"last_drain_exit_ms":1785595820844,"device_errors":0,"device_lost":1,"caller_stall_probes":119,"pending_readbacks":0,"queue_len":0,"signal":1421,"now_ms":1785596430568},"t":1785596430568}
[page] [jolt-webgpu] engine.run caller stalled 612621 ms: {"jobs_submitted":1421,"jobs_started":1421,"jobs_finished":1420,"current_job_start_ms":1785595820846,"last_submit_ms":1785595820845,"last_drain_enter_ms":1785595820846,"last_drain_exit_ms":1785595820844,"device_errors":0,"device_lost":1,"caller_stall_probes":120,"pending_readbacks":0,"queue_len":0,"signal":1421,"now_ms":1785596433466}
[page] [gpu-worker][wedge] {"kind":"stall","jobDied":false,"stuckJob":true,"jobAgeMs":614623,"drainTraps":0,"rescuedWakeups":0,"signal":1421,"engine":{"jobs_submitted":1421,"jobs_started":1421,"jobs_finished":1420,"current_job_start_ms":1785595820846,"last_submit_ms":1785595820845,"last_drain_enter_ms":1785595820846,"last_drain_exit_ms":1785595820844,"device_errors":0,"device_lost":1,"caller_stall_probes":120,"pending_readbacks":0,"queue_len":0,"signal":1421,"now_ms":1785596435469},"t":1785596435470}
[page] [gpu-worker][wedge] {"kind":"device","drainTraps":0,"rescuedWakeups":0,"signal":1,"engine":{"jobs_submitted":1,"jobs_started":1,"jobs_finished":1,"current_job_start_ms":0,"last_submit_ms":1785595670420,"last_drain_enter_ms":1785596435333,"last_drain_exit_ms":1785596435333,"device_errors":0,"device_lost":1,"caller_stall_probes":0,"pending_readbacks":0,"queue_len":0,"signal":1,"now_ms":1785596435470},"t":1785596435470}
[page] [jolt-webgpu] engine.run caller stalled 617649 ms: {"jobs_submitted":1421,"jobs_started":1421,"jobs_finished":1420,"current_job_start_ms":1785595820846,"last_submit_ms":1785595820845,"last_drain_enter_ms":1785595820846,"last_drain_exit_ms":1785595820844,"device_errors":0,"device_lost":1,"caller_stall_probes":121,"pending_readbacks":0,"queue_len":0,"signal":1421,"now_ms":1785596438494}
[page] [gpu-worker][wedge] {"kind":"device","drainTraps":0,"rescuedWakeups":0,"signal":1,"engine":{"jobs_submitted":1,"jobs_started":1,"jobs_finished":1,"current_job_start_ms":0,"last_submit_ms":1785595670420,"last_drain_enter_ms":1785596440409,"last_drain_exit_ms":1785596440409,"device_errors":0,"device_lost":1,"caller_stall_probes":0,"pending_readbacks":0,"queue_len":0,"signal":1,"now_ms":1785596440518},"t":1785596440518}
[page] [gpu-worker][wedge] {"kind":"stall","jobDied":false,"stuckJob":true,"jobAgeMs":619673,"drainTraps":0,"rescuedWakeups":0,"signal":1421,"engine":{"jobs_submitted":1421,"jobs_started":1421,"jobs_finished":1420,"current_job_start_ms":1785595820846,"last_submit_ms":1785595820845,"last_drain_enter_ms":1785595820846,"last_drain_exit_ms":1785595820844,"device_errors":0,"device_lost":1,"caller_stall_probes":121,"pending_readbacks":0,"queue_len":0,"signal":1421,"now_ms":1785596440519},"t":1785596440519}
[page] [jolt-webgpu] engine.run caller stalled 622681 ms: {"jobs_submitted":1421,"jobs_started":1421,"jobs_finished":1420,"current_job_start_ms":1785595820846,"last_submit_ms":1785595820845,"last_drain_enter_ms":1785595820846,"last_drain_exit_ms":1785595820844,"device_errors":0,"device_lost":1,"caller_stall_probes":122,"pending_readbacks":0,"queue_len":0,"signal":1421,"now_ms":1785596443526}
[page] [gpu-worker][wedge] {"kind":"device","drainTraps":0,"rescuedWakeups":0,"signal":1,"engine":{"jobs_submitted":1,"jobs_started":1,"jobs_finished":1,"current_job_start_ms":0,"last_submit_ms":1785595670420,"last_drain_enter_ms":1785596445535,"last_drain_exit_ms":1785596445535,"device_errors":0,"device_lost":1,"caller_stall_probes":0,"pending_readbacks":0,"queue_len":0,"signal":1,"now_ms":1785596445535},"t":1785596445535}
[page] [gpu-worker][wedge] {"kind":"stall","jobDied":false,"stuckJob":true,"jobAgeMs":624690,"drainTraps":0,"rescuedWakeups":0,"signal":1421,"engine":{"jobs_submitted":1421,"jobs_started":1421,"jobs_finished":1420,"current_job_start_ms":1785595820846,"last_submit_ms":1785595820845,"last_drain_enter_ms":1785595820846,"last_drain_exit_ms":1785595820844,"device_errors":0,"device_lost":1,"caller_stall_probes":122,"pending_readbacks":0,"queue_len":0,"signal":1421,"now_ms":1785596445536},"t":1785596445536}
[page] [jolt-webgpu] engine.run caller stalled 627817 ms: {"jobs_submitted":1421,"jobs_started":1421,"jobs_finished":1420,"current_job_start_ms":1785595820846,"last_submit_ms":1785595820845,"last_drain_enter_ms":1785595820846,"last_drain_exit_ms":1785595820844,"device_errors":0,"device_lost":1,"caller_stall_probes":123,"pending_readbacks":0,"queue_len":0,"signal":1421,"now_ms":1785596448662}
+ true
+ ps axo rss,comm
+ grep -i 'Google Chrome Helper (GPU)'
+ sort -rn
+ head -1
++ date +%T
+ awk -v t=11:00:49 '{printf "[rss] %s gpu-helper %.0f MB\n", t, $1/1024}'
+ sleep 20
[page] [gpu-worker][wedge] {"kind":"device","drainTraps":0,"rescuedWakeups":0,"signal":1,"engine":{"jobs_submitted":1,"jobs_started":1,"jobs_finished":1,"current_job_start_ms":0,"last_submit_ms":1785595670420,"last_drain_enter_ms":1785596450411,"last_drain_exit_ms":1785596450411,"device_errors":0,"device_lost":1,"caller_stall_probes":0,"pending_readbacks":0,"queue_len":0,"signal":1,"now_ms":1785596450493},"t":1785596450493}
[page] [gpu-worker][wedge] {"kind":"stall","jobDied":false,"stuckJob":true,"jobAgeMs":629647,"drainTraps":0,"rescuedWakeups":0,"signal":1421,"engine":{"jobs_submitted":1421,"jobs_started":1421,"jobs_finished":1420,"current_job_start_ms":1785595820846,"last_submit_ms":1785595820845,"last_drain_enter_ms":1785595820846,"last_drain_exit_ms":1785595820844,"device_errors":0,"device_lost":1,"caller_stall_probes":123,"pending_readbacks":0,"queue_len":0,"signal":1421,"now_ms":1785596450493},"t":1785596450494}
[page] [jolt-webgpu] engine.run caller stalled 632868 ms: {"jobs_submitted":1421,"jobs_started":1421,"jobs_finished":1420,"current_job_start_ms":1785595820846,"last_submit_ms":1785595820845,"last_drain_enter_ms":1785595820846,"last_drain_exit_ms":1785595820844,"device_errors":0,"device_lost":1,"caller_stall_probes":124,"pending_readbacks":0,"queue_len":0,"signal":1421,"now_ms":1785596453713}
[page] [gpu-worker][wedge] {"kind":"device","drainTraps":0,"rescuedWakeups":0,"signal":1,"engine":{"jobs_submitted":1,"jobs_started":1,"jobs_finished":1,"current_job_start_ms":0,"last_submit_ms":1785595670420,"last_drain_enter_ms":1785596455510,"last_drain_exit_ms":1785596455510,"device_errors":0,"device_lost":1,"caller_stall_probes":0,"pending_readbacks":0,"queue_len":0,"signal":1,"now_ms":1785596455510},"t":1785596455510}
[page] [gpu-worker][wedge] {"kind":"stall","jobDied":false,"stuckJob":true,"jobAgeMs":634664,"drainTraps":0,"rescuedWakeups":0,"signal":1421,"engine":{"jobs_submitted":1421,"jobs_started":1421,"jobs_finished":1420,"current_job_start_ms":1785595820846,"last_submit_ms":1785595820845,"last_drain_enter_ms":1785595820846,"last_drain_exit_ms":1785595820844,"device_errors":0,"device_lost":1,"caller_stall_probes":124,"pending_readbacks":0,"queue_len":0,"signal":1421,"now_ms":1785596455511},"t":1785596455511}
[page] [jolt-webgpu] engine.run caller stalled 637877 ms: {"jobs_submitted":1421,"jobs_started":1421,"jobs_finished":1420,"current_job_start_ms":1785595820846,"last_submit_ms":1785595820845,"last_drain_enter_ms":1785595820846,"last_drain_exit_ms":1785595820844,"device_errors":0,"device_lost":1,"caller_stall_probes":125,"pending_readbacks":0,"queue_len":0,"signal":1421,"now_ms":1785596458722}
[page] [gpu-worker][wedge] {"kind":"device","drainTraps":0,"rescuedWakeups":0,"signal":1,"engine":{"jobs_submitted":1,"jobs_started":1,"jobs_finished":1,"current_job_start_ms":0,"last_submit_ms":1785595670420,"last_drain_enter_ms":1785596460434,"last_drain_exit_ms":1785596460434,"device_errors":0,"device_lost":1,"caller_stall_probes":0,"pending_readbacks":0,"queue_len":0,"signal":1,"now_ms":1785596460434},"t":1785596460434}
[page] [gpu-worker][wedge] {"kind":"stall","jobDied":false,"stuckJob":true,"jobAgeMs":639588,"drainTraps":0,"rescuedWakeups":0,"signal":1421,"engine":{"jobs_submitted":1421,"jobs_started":1421,"jobs_finished":1420,"current_job_start_ms":1785595820846,"last_submit_ms":1785595820845,"last_drain_enter_ms":1785595820846,"last_drain_exit_ms":1785595820844,"device_errors":0,"device_lost":1,"caller_stall_probes":125,"pending_readbacks":0,"queue_len":0,"signal":1421,"now_ms":1785596460434},"t":1785596460434}
[page] [jolt-webgpu] engine.run caller stalled 642916 ms: {"jobs_submitted":1421,"jobs_started":1421,"jobs_finished":1420,"current_job_start_ms":1785595820846,"last_submit_ms":1785595820845,"last_drain_enter_ms":1785595820846,"last_drain_exit_ms":1785595820844,"device_errors":0,"device_lost":1,"caller_stall_probes":126,"pending_readbacks":0,"queue_len":0,"signal":1421,"now_ms":1785596463761}
[page] [gpu-worker][wedge] {"kind":"stall","jobDied":false,"stuckJob":true,"jobAgeMs":644707,"drainTraps":0,"rescuedWakeups":0,"signal":1421,"engine":{"jobs_submitted":1421,"jobs_started":1421,"jobs_finished":1420,"current_job_start_ms":1785595820846,"last_submit_ms":1785595820845,"last_drain_enter_ms":1785595820846,"last_drain_exit_ms":1785595820844,"device_errors":0,"device_lost":1,"caller_stall_probes":126,"pending_readbacks":0,"queue_len":0,"signal":1421,"now_ms":1785596465553},"t":1785596465553}
[page] [gpu-worker][wedge] {"kind":"device","drainTraps":0,"rescuedWakeups":0,"signal":1,"engine":{"jobs_submitted":1,"jobs_started":1,"jobs_finished":1,"current_job_start_ms":0,"last_submit_ms":1785595670420,"last_drain_enter_ms":1785596465360,"last_drain_exit_ms":1785596465360,"device_errors":0,"device_lost":1,"caller_stall_probes":0,"pending_readbacks":0,"queue_len":0,"signal":1,"now_ms":1785596465553},"t":1785596465553}
[page] [jolt-webgpu] engine.run caller stalled 648066 ms: {"jobs_submitted":1421,"jobs_started":1421,"jobs_finished":1420,"current_job_start_ms":1785595820846,"last_submit_ms":1785595820845,"last_drain_enter_ms":1785595820846,"last_drain_exit_ms":1785595820844,"device_errors":0,"device_lost":1,"caller_stall_probes":127,"pending_readbacks":0,"queue_len":0,"signal":1421,"now_ms":1785596468911}
+ true
+ ps axo rss,comm
+ grep -i 'Google Chrome Helper (GPU)'
+ sort -rn
+ head -1
++ date +%T
+ awk -v t=11:01:09 '{printf "[rss] %s gpu-helper %.0f MB\n", t, $1/1024}'
+ sleep 20
[page] [gpu-worker][wedge] {"kind":"device","drainTraps":0,"rescuedWakeups":0,"signal":1,"engine":{"jobs_submitted":1,"jobs_started":1,"jobs_finished":1,"current_job_start_ms":0,"last_submit_ms":1785595670420,"last_drain_enter_ms":1785596470424,"last_drain_exit_ms":1785596470424,"device_errors":0,"device_lost":1,"caller_stall_probes":0,"pending_readbacks":0,"queue_len":0,"signal":1,"now_ms":1785596470424},"t":1785596470424}
[page] [gpu-worker][wedge] {"kind":"stall","jobDied":false,"stuckJob":true,"jobAgeMs":649579,"drainTraps":0,"rescuedWakeups":0,"signal":1421,"engine":{"jobs_submitted":1421,"jobs_started":1421,"jobs_finished":1420,"current_job_start_ms":1785595820846,"last_submit_ms":1785595820845,"last_drain_enter_ms":1785595820846,"last_drain_exit_ms":1785595820844,"device_errors":0,"device_lost":1,"caller_stall_probes":127,"pending_readbacks":0,"queue_len":0,"signal":1421,"now_ms":1785596470425},"t":1785596470425}
[page] [jolt-webgpu] engine.run caller stalled 653215 ms: {"jobs_submitted":1421,"jobs_started":1421,"jobs_finished":1420,"current_job_start_ms":1785595820846,"last_submit_ms":1785595820845,"last_drain_enter_ms":1785595820846,"last_drain_exit_ms":1785595820844,"device_errors":0,"device_lost":1,"caller_stall_probes":128,"pending_readbacks":0,"queue_len":0,"signal":1421,"now_ms":1785596474060}
[page] [gpu-worker][wedge] {"kind":"device","drainTraps":0,"rescuedWakeups":0,"signal":1,"engine":{"jobs_submitted":1,"jobs_started":1,"jobs_finished":1,"current_job_start_ms":0,"last_submit_ms":1785595670420,"last_drain_enter_ms":1785596475535,"last_drain_exit_ms":1785596475535,"device_errors":0,"device_lost":1,"caller_stall_probes":0,"pending_readbacks":0,"queue_len":0,"signal":1,"now_ms":1785596475535},"t":1785596475536}
[page] [gpu-worker][wedge] {"kind":"stall","jobDied":false,"stuckJob":true,"jobAgeMs":654690,"drainTraps":0,"rescuedWakeups":0,"signal":1421,"engine":{"jobs_submitted":1421,"jobs_started":1421,"jobs_finished":1420,"current_job_start_ms":1785595820846,"last_submit_ms":1785595820845,"last_drain_enter_ms":1785595820846,"last_drain_exit_ms":1785595820844,"device_errors":0,"device_lost":1,"caller_stall_probes":128,"pending_readbacks":0,"queue_len":0,"signal":1421,"now_ms":1785596475536},"t":1785596475536}
[page] [jolt-webgpu] engine.run caller stalled 658365 ms: {"jobs_submitted":1421,"jobs_started":1421,"jobs_finished":1420,"current_job_start_ms":1785595820846,"last_submit_ms":1785595820845,"last_drain_enter_ms":1785595820846,"last_drain_exit_ms":1785595820844,"device_errors":0,"device_lost":1,"caller_stall_probes":129,"pending_readbacks":0,"queue_len":0,"signal":1421,"now_ms":1785596479210}
[page] [gpu-worker][wedge] {"kind":"stall","jobDied":false,"stuckJob":true,"jobAgeMs":659597,"drainTraps":0,"rescuedWakeups":0,"signal":1421,"engine":{"jobs_submitted":1421,"jobs_started":1421,"jobs_finished":1420,"current_job_start_ms":1785595820846,"last_submit_ms":1785595820845,"last_drain_enter_ms":1785595820846,"last_drain_exit_ms":1785595820844,"device_errors":0,"device_lost":1,"caller_stall_probes":129,"pending_readbacks":0,"queue_len":0,"signal":1421,"now_ms":1785596480443},"t":1785596480443}
[page] [gpu-worker][wedge] {"kind":"device","drainTraps":0,"rescuedWakeups":0,"signal":1,"engine":{"jobs_submitted":1,"jobs_started":1,"jobs_finished":1,"current_job_start_ms":0,"last_submit_ms":1785595670420,"last_drain_enter_ms":1785596480443,"last_drain_exit_ms":1785596480443,"device_errors":0,"device_lost":1,"caller_stall_probes":0,"pending_readbacks":0,"queue_len":0,"signal":1,"now_ms":1785596480443},"t":1785596480443}
[page] [jolt-webgpu] engine.run caller stalled 663511 ms: {"jobs_submitted":1421,"jobs_started":1421,"jobs_finished":1420,"current_job_start_ms":1785595820846,"last_submit_ms":1785595820845,"last_drain_enter_ms":1785595820846,"last_drain_exit_ms":1785595820844,"device_errors":0,"device_lost":1,"caller_stall_probes":130,"pending_readbacks":0,"queue_len":0,"signal":1421,"now_ms":1785596484356}
[page] [gpu-worker][wedge] {"kind":"device","drainTraps":0,"rescuedWakeups":0,"signal":1,"engine":{"jobs_submitted":1,"jobs_started":1,"jobs_finished":1,"current_job_start_ms":0,"last_submit_ms":1785595670420,"last_drain_enter_ms":1785596485382,"last_drain_exit_ms":1785596485382,"device_errors":0,"device_lost":1,"caller_stall_probes":0,"pending_readbacks":0,"queue_len":0,"signal":1,"now_ms":1785596485480},"t":1785596485480}
[page] [gpu-worker][wedge] {"kind":"stall","jobDied":false,"stuckJob":true,"jobAgeMs":664635,"drainTraps":0,"rescuedWakeups":0,"signal":1421,"engine":{"jobs_submitted":1421,"jobs_started":1421,"jobs_finished":1420,"current_job_start_ms":1785595820846,"last_submit_ms":1785595820845,"last_drain_enter_ms":1785595820846,"last_drain_exit_ms":1785595820844,"device_errors":0,"device_lost":1,"caller_stall_probes":130,"pending_readbacks":0,"queue_len":0,"signal":1421,"now_ms":1785596485481},"t":1785596485481}
[page] [jolt-webgpu] engine.run caller stalled 668648 ms: {"jobs_submitted":1421,"jobs_started":1421,"jobs_finished":1420,"current_job_start_ms":1785595820846,"last_submit_ms":1785595820845,"last_drain_enter_ms":1785595820846,"last_drain_exit_ms":1785595820844,"device_errors":0,"device_lost":1,"caller_stall_probes":131,"pending_readbacks":0,"queue_len":0,"signal":1421,"now_ms":1785596489493}
+ true
+ ps axo rss,comm
+ grep -i 'Google Chrome Helper (GPU)'
+ sort -rn
+ head -1
++ date +%T
+ awk -v t=11:01:30 '{printf "[rss] %s gpu-helper %.0f MB\n", t, $1/1024}'
+ sleep 20
[page] [gpu-worker][wedge] {"kind":"stall","jobDied":false,"stuckJob":true,"jobAgeMs":669695,"drainTraps":0,"rescuedWakeups":0,"signal":1421,"engine":{"jobs_submitted":1421,"jobs_started":1421,"jobs_finished":1420,"current_job_start_ms":1785595820846,"last_submit_ms":1785595820845,"last_drain_enter_ms":1785595820846,"last_drain_exit_ms":1785595820844,"device_errors":0,"device_lost":1,"caller_stall_probes":131,"pending_readbacks":0,"queue_len":0,"signal":1421,"now_ms":1785596490542},"t":1785596490542}
[page] [gpu-worker][wedge] {"kind":"device","drainTraps":0,"rescuedWakeups":0,"signal":1,"engine":{"jobs_submitted":1,"jobs_started":1,"jobs_finished":1,"current_job_start_ms":0,"last_submit_ms":1785595670420,"last_drain_enter_ms":1785596490387,"last_drain_exit_ms":1785596490387,"device_errors":0,"device_lost":1,"caller_stall_probes":0,"pending_readbacks":0,"queue_len":0,"signal":1,"now_ms":1785596490542},"t":1785596490542}
[page] [jolt-webgpu] engine.run caller stalled 673798 ms: {"jobs_submitted":1421,"jobs_started":1421,"jobs_finished":1420,"current_job_start_ms":1785595820846,"last_submit_ms":1785595820845,"last_drain_enter_ms":1785595820846,"last_drain_exit_ms":1785595820844,"device_errors":0,"device_lost":1,"caller_stall_probes":132,"pending_readbacks":0,"queue_len":0,"signal":1421,"now_ms":1785596494643}
[page] [gpu-worker][wedge] {"kind":"stall","jobDied":false,"stuckJob":true,"jobAgeMs":674678,"drainTraps":0,"rescuedWakeups":0,"signal":1421,"engine":{"jobs_submitted":1421,"jobs_started":1421,"jobs_finished":1420,"current_job_start_ms":1785595820846,"last_submit_ms":1785595820845,"last_drain_enter_ms":1785595820846,"last_drain_exit_ms":1785595820844,"device_errors":0,"device_lost":1,"caller_stall_probes":132,"pending_readbacks":0,"queue_len":0,"signal":1421,"now_ms":1785596495524},"t":1785596495524}
[page] [gpu-worker][wedge] {"kind":"device","drainTraps":0,"rescuedWakeups":0,"signal":1,"engine":{"jobs_submitted":1,"jobs_started":1,"jobs_finished":1,"current_job_start_ms":0,"last_submit_ms":1785595670420,"last_drain_enter_ms":1785596495525,"last_drain_exit_ms":1785596495525,"device_errors":0,"device_lost":1,"caller_stall_probes":0,"pending_readbacks":0,"queue_len":0,"signal":1,"now_ms":1785596495525},"t":1785596495525}
[page] [jolt-webgpu] engine.run caller stalled 678815 ms: {"jobs_submitted":1421,"jobs_started":1421,"jobs_finished":1420,"current_job_start_ms":1785595820846,"last_submit_ms":1785595820845,"last_drain_enter_ms":1785595820846,"last_drain_exit_ms":1785595820844,"device_errors":0,"device_lost":1,"caller_stall_probes":133,"pending_readbacks":0,"queue_len":0,"signal":1421,"now_ms":1785596499660}
[page] [gpu-worker][wedge] {"kind":"device","drainTraps":0,"rescuedWakeups":0,"signal":1,"engine":{"jobs_submitted":1,"jobs_started":1,"jobs_finished":1,"current_job_start_ms":0,"last_submit_ms":1785595670420,"last_drain_enter_ms":1785596500504,"last_drain_exit_ms":1785596500504,"device_errors":0,"device_lost":1,"caller_stall_probes":0,"pending_readbacks":0,"queue_len":0,"signal":1,"now_ms":1785596500504},"t":1785596500504}
[page] [gpu-worker][wedge] {"kind":"stall","jobDied":false,"stuckJob":true,"jobAgeMs":679659,"drainTraps":0,"rescuedWakeups":0,"signal":1421,"engine":{"jobs_submitted":1421,"jobs_started":1421,"jobs_finished":1420,"current_job_start_ms":1785595820846,"last_submit_ms":1785595820845,"last_drain_enter_ms":1785595820846,"last_drain_exit_ms":1785595820844,"device_errors":0,"device_lost":1,"caller_stall_probes":133,"pending_readbacks":0,"queue_len":0,"signal":1421,"now_ms":1785596500505},"t":1785596500505}
[page] [jolt-webgpu] engine.run caller stalled 683965 ms: {"jobs_submitted":1421,"jobs_started":1421,"jobs_finished":1420,"current_job_start_ms":1785595820846,"last_submit_ms":1785595820845,"last_drain_enter_ms":1785595820846,"last_drain_exit_ms":1785595820844,"device_errors":0,"device_lost":1,"caller_stall_probes":134,"pending_readbacks":0,"queue_len":0,"signal":1421,"now_ms":1785596504810}
[page] [gpu-worker][wedge] {"kind":"stall","jobDied":false,"stuckJob":true,"jobAgeMs":684702,"drainTraps":0,"rescuedWakeups":0,"signal":1421,"engine":{"jobs_submitted":1421,"jobs_started":1421,"jobs_finished":1420,"current_job_start_ms":1785595820846,"last_submit_ms":1785595820845,"last_drain_enter_ms":1785595820846,"last_drain_exit_ms":1785595820844,"device_errors":0,"device_lost":1,"caller_stall_probes":134,"pending_readbacks":0,"queue_len":0,"signal":1421,"now_ms":1785596505548},"t":1785596505548}
[page] [gpu-worker][wedge] {"kind":"device","drainTraps":0,"rescuedWakeups":0,"signal":1,"engine":{"jobs_submitted":1,"jobs_started":1,"jobs_finished":1,"current_job_start_ms":0,"last_submit_ms":1785595670420,"last_drain_enter_ms":1785596505549,"last_drain_exit_ms":1785596505549,"device_errors":0,"device_lost":1,"caller_stall_probes":0,"pending_readbacks":0,"queue_len":0,"signal":1,"now_ms":1785596505549},"t":1785596505549}
[page] [jolt-webgpu] engine.run caller stalled 689065 ms: {"jobs_submitted":1421,"jobs_started":1421,"jobs_finished":1420,"current_job_start_ms":1785595820846,"last_submit_ms":1785595820845,"last_drain_enter_ms":1785595820846,"last_drain_exit_ms":1785595820844,"device_errors":0,"device_lost":1,"caller_stall_probes":135,"pending_readbacks":0,"queue_len":0,"signal":1421,"now_ms":1785596509910}
+ true
+ ps axo rss,comm
+ grep -i 'Google Chrome Helper (GPU)'
+ sort -rn
+ head -1
++ date +%T
+ awk -v t=11:01:50 '{printf "[rss] %s gpu-helper %.0f MB\n", t, $1/1024}'
+ sleep 20
[page] [gpu-worker][wedge] {"kind":"device","drainTraps":0,"rescuedWakeups":0,"signal":1,"engine":{"jobs_submitted":1,"jobs_started":1,"jobs_finished":1,"current_job_start_ms":0,"last_submit_ms":1785595670420,"last_drain_enter_ms":1785596510421,"last_drain_exit_ms":1785596510421,"device_errors":0,"device_lost":1,"caller_stall_probes":0,"pending_readbacks":0,"queue_len":0,"signal":1,"now_ms":1785596510430},"t":1785596510430}
[page] [gpu-worker][wedge] {"kind":"stall","jobDied":false,"stuckJob":true,"jobAgeMs":689584,"drainTraps":0,"rescuedWakeups":0,"signal":1421,"engine":{"jobs_submitted":1421,"jobs_started":1421,"jobs_finished":1420,"current_job_start_ms":1785595820846,"last_submit_ms":1785595820845,"last_drain_enter_ms":1785595820846,"last_drain_exit_ms":1785595820844,"device_errors":0,"device_lost":1,"caller_stall_probes":135,"pending_readbacks":0,"queue_len":0,"signal":1421,"now_ms":1785596510430},"t":1785596510430}
[page] [jolt-webgpu] engine.run caller stalled 694123 ms: {"jobs_submitted":1421,"jobs_started":1421,"jobs_finished":1420,"current_job_start_ms":1785595820846,"last_submit_ms":1785595820845,"last_drain_enter_ms":1785595820846,"last_drain_exit_ms":1785595820844,"device_errors":0,"device_lost":1,"caller_stall_probes":136,"pending_readbacks":0,"queue_len":0,"signal":1421,"now_ms":1785596514968}
[page] [gpu-worker][wedge] {"kind":"device","drainTraps":0,"rescuedWakeups":0,"signal":1,"engine":{"jobs_submitted":1,"jobs_started":1,"jobs_finished":1,"current_job_start_ms":0,"last_submit_ms":1785595670420,"last_drain_enter_ms":1785596515440,"last_drain_exit_ms":1785596515440,"device_errors":0,"device_lost":1,"caller_stall_probes":0,"pending_readbacks":0,"queue_len":0,"signal":1,"now_ms":1785596515440},"t":1785596515440}
[page] [gpu-worker][wedge] {"kind":"stall","jobDied":false,"stuckJob":true,"jobAgeMs":694595,"drainTraps":0,"rescuedWakeups":0,"signal":1421,"engine":{"jobs_submitted":1421,"jobs_started":1421,"jobs_finished":1420,"current_job_start_ms":1785595820846,"last_submit_ms":1785595820845,"last_drain_enter_ms":1785595820846,"last_drain_exit_ms":1785595820844,"device_errors":0,"device_lost":1,"caller_stall_probes":136,"pending_readbacks":0,"queue_len":0,"signal":1421,"now_ms":1785596515441},"t":1785596515441}
[page] [jolt-webgpu] engine.run caller stalled 699256 ms: {"jobs_submitted":1421,"jobs_started":1421,"jobs_finished":1420,"current_job_start_ms":1785595820846,"last_submit_ms":1785595820845,"last_drain_enter_ms":1785595820846,"last_drain_exit_ms":1785595820844,"device_errors":0,"device_lost":1,"caller_stall_probes":137,"pending_readbacks":0,"queue_len":0,"signal":1421,"now_ms":1785596520101}
[page] [gpu-worker][wedge] {"kind":"device","drainTraps":0,"rescuedWakeups":0,"signal":1,"engine":{"jobs_submitted":1,"jobs_started":1,"jobs_finished":1,"current_job_start_ms":0,"last_submit_ms":1785595670420,"last_drain_enter_ms":1785596520459,"last_drain_exit_ms":1785596520459,"device_errors":0,"device_lost":1,"caller_stall_probes":0,"pending_readbacks":0,"queue_len":0,"signal":1,"now_ms":1785596520459},"t":1785596520459}
[page] [gpu-worker][wedge] {"kind":"stall","jobDied":false,"stuckJob":true,"jobAgeMs":699614,"drainTraps":0,"rescuedWakeups":0,"signal":1421,"engine":{"jobs_submitted":1421,"jobs_started":1421,"jobs_finished":1420,"current_job_start_ms":1785595820846,"last_submit_ms":1785595820845,"last_drain_enter_ms":1785595820846,"last_drain_exit_ms":1785595820844,"device_errors":0,"device_lost":1,"caller_stall_probes":137,"pending_readbacks":0,"queue_len":0,"signal":1421,"now_ms":1785596520460},"t":1785596520460}
[page] [jolt-webgpu] engine.run caller stalled 704406 ms: {"jobs_submitted":1421,"jobs_started":1421,"jobs_finished":1420,"current_job_start_ms":1785595820846,"last_submit_ms":1785595820845,"last_drain_enter_ms":1785595820846,"last_drain_exit_ms":1785595820844,"device_errors":0,"device_lost":1,"caller_stall_probes":138,"pending_readbacks":0,"queue_len":0,"signal":1421,"now_ms":1785596525251}
[page] [gpu-worker][wedge] {"kind":"device","drainTraps":0,"rescuedWakeups":0,"signal":1,"engine":{"jobs_submitted":1,"jobs_started":1,"jobs_finished":1,"current_job_start_ms":0,"last_submit_ms":1785595670420,"last_drain_enter_ms":1785596525355,"last_drain_exit_ms":1785596525355,"device_errors":0,"device_lost":1,"caller_stall_probes":0,"pending_readbacks":0,"queue_len":0,"signal":1,"now_ms":1785596525556},"t":1785596525556}
[page] [gpu-worker][wedge] {"kind":"stall","jobDied":false,"stuckJob":true,"jobAgeMs":704711,"drainTraps":0,"rescuedWakeups":0,"signal":1421,"engine":{"jobs_submitted":1421,"jobs_started":1421,"jobs_finished":1420,"current_job_start_ms":1785595820846,"last_submit_ms":1785595820845,"last_drain_enter_ms":1785595820846,"last_drain_exit_ms":1785595820844,"device_errors":0,"device_lost":1,"caller_stall_probes":138,"pending_readbacks":0,"queue_len":0,"signal":1421,"now_ms":1785596525557},"t":1785596525557}
+ true
+ ps axo rss,comm
+ grep -i 'Google Chrome Helper (GPU)'
+ sort -rn
+ head -1
++ date +%T
+ awk -v t=11:02:10 '{printf "[rss] %s gpu-helper %.0f MB\n", t, $1/1024}'
[page] [jolt-webgpu] engine.run caller stalled 709551 ms: {"jobs_submitted":1421,"jobs_started":1421,"jobs_finished":1420,"current_job_start_ms":1785595820846,"last_submit_ms":1785595820845,"last_drain_enter_ms":1785595820846,"last_drain_exit_ms":1785595820844,"device_errors":0,"device_lost":1,"caller_stall_probes":139,"pending_readbacks":0,"queue_len":0,"signal":1421,"now_ms":1785596530396}
+ sleep 20
[page] [gpu-worker][wedge] {"kind":"device","drainTraps":0,"rescuedWakeups":0,"signal":1,"engine":{"jobs_submitted":1,"jobs_started":1,"jobs_finished":1,"current_job_start_ms":0,"last_submit_ms":1785595670420,"last_drain_enter_ms":1785596530412,"last_drain_exit_ms":1785596530412,"device_errors":0,"device_lost":1,"caller_stall_probes":0,"pending_readbacks":0,"queue_len":0,"signal":1,"now_ms":1785596530493},"t":1785596530493}
[page] [gpu-worker][wedge] {"kind":"stall","jobDied":false,"stuckJob":true,"jobAgeMs":709648,"drainTraps":0,"rescuedWakeups":0,"signal":1421,"engine":{"jobs_submitted":1421,"jobs_started":1421,"jobs_finished":1420,"current_job_start_ms":1785595820846,"last_submit_ms":1785595820845,"last_drain_enter_ms":1785595820846,"last_drain_exit_ms":1785595820844,"device_errors":0,"device_lost":1,"caller_stall_probes":139,"pending_readbacks":0,"queue_len":0,"signal":1421,"now_ms":1785596530494},"t":1785596530494}
[page] [jolt-webgpu] engine.run caller stalled 714702 ms: {"jobs_submitted":1421,"jobs_started":1421,"jobs_finished":1420,"current_job_start_ms":1785595820846,"last_submit_ms":1785595820845,"last_drain_enter_ms":1785595820846,"last_drain_exit_ms":1785595820844,"device_errors":0,"device_lost":1,"caller_stall_probes":140,"pending_readbacks":0,"queue_len":0,"signal":1421,"now_ms":1785596535547}
[page] [gpu-worker][wedge] {"kind":"stall","jobDied":false,"stuckJob":true,"jobAgeMs":714705,"drainTraps":0,"rescuedWakeups":0,"signal":1421,"engine":{"jobs_submitted":1421,"jobs_started":1421,"jobs_finished":1420,"current_job_start_ms":1785595820846,"last_submit_ms":1785595820845,"last_drain_enter_ms":1785595820846,"last_drain_exit_ms":1785595820844,"device_errors":0,"device_lost":1,"caller_stall_probes":140,"pending_readbacks":0,"queue_len":0,"signal":1421,"now_ms":1785596535551},"t":1785596535551}
[page] [gpu-worker][wedge] {"kind":"device","drainTraps":0,"rescuedWakeups":0,"signal":1,"engine":{"jobs_submitted":1,"jobs_started":1,"jobs_finished":1,"current_job_start_ms":0,"last_submit_ms":1785595670420,"last_drain_enter_ms":1785596535551,"last_drain_exit_ms":1785596535551,"device_errors":0,"device_lost":1,"caller_stall_probes":0,"pending_readbacks":0,"queue_len":0,"signal":1,"now_ms":1785596535551},"t":1785596535551}
[page] [gpu-worker][wedge] {"kind":"device","drainTraps":0,"rescuedWakeups":0,"signal":1,"engine":{"jobs_submitted":1,"jobs_started":1,"jobs_finished":1,"current_job_start_ms":0,"last_submit_ms":1785595670420,"last_drain_enter_ms":1785596540487,"last_drain_exit_ms":1785596540487,"device_errors":0,"device_lost":1,"caller_stall_probes":0,"pending_readbacks":0,"queue_len":0,"signal":1,"now_ms":1785596540487},"t":1785596540487}
[page] [gpu-worker][wedge] {"kind":"stall","jobDied":false,"stuckJob":true,"jobAgeMs":719642,"drainTraps":0,"rescuedWakeups":0,"signal":1421,"engine":{"jobs_submitted":1421,"jobs_started":1421,"jobs_finished":1420,"current_job_start_ms":1785595820846,"last_submit_ms":1785595820845,"last_drain_enter_ms":1785595820846,"last_drain_exit_ms":1785595820844,"device_errors":0,"device_lost":1,"caller_stall_probes":140,"pending_readbacks":0,"queue_len":0,"signal":1421,"now_ms":1785596540488},"t":1785596540488}
[page] [jolt-webgpu] engine.run caller stalled 719843 ms: {"jobs_submitted":1421,"jobs_started":1421,"jobs_finished":1420,"current_job_start_ms":1785595820846,"last_submit_ms":1785595820845,"last_drain_enter_ms":1785595820846,"last_drain_exit_ms":1785595820844,"device_errors":0,"device_lost":1,"caller_stall_probes":141,"pending_readbacks":0,"queue_len":0,"signal":1421,"now_ms":1785596540688}
[page] [gpu-worker][wedge] {"kind":"device","drainTraps":0,"rescuedWakeups":0,"signal":1,"engine":{"jobs_submitted":1,"jobs_started":1,"jobs_finished":1,"current_job_start_ms":0,"last_submit_ms":1785595670420,"last_drain_enter_ms":1785596545403,"last_drain_exit_ms":1785596545403,"device_errors":0,"device_lost":1,"caller_stall_probes":0,"pending_readbacks":0,"queue_len":0,"signal":1,"now_ms":1785596545560},"t":1785596545560}
[page] [gpu-worker][wedge] {"kind":"stall","jobDied":false,"stuckJob":true,"jobAgeMs":724714,"drainTraps":0,"rescuedWakeups":0,"signal":1421,"engine":{"jobs_submitted":1421,"jobs_started":1421,"jobs_finished":1420,"current_job_start_ms":1785595820846,"last_submit_ms":1785595820845,"last_drain_enter_ms":1785595820846,"last_drain_exit_ms":1785595820844,"device_errors":0,"device_lost":1,"caller_stall_probes":141,"pending_readbacks":0,"queue_len":0,"signal":1421,"now_ms":1785596545561},"t":1785596545561}
[page] [jolt-webgpu] engine.run caller stalled 724979 ms: {"jobs_submitted":1421,"jobs_started":1421,"jobs_finished":1420,"current_job_start_ms":1785595820846,"last_submit_ms":1785595820845,"last_drain_enter_ms":1785595820846,"last_drain_exit_ms":1785595820844,"device_errors":0,"device_lost":1,"caller_stall_probes":142,"pending_readbacks":0,"queue_len":0,"signal":1421,"now_ms":1785596545824}
[page] [gpu-worker][wedge] {"kind":"device","drainTraps":0,"rescuedWakeups":0,"signal":1,"engine":{"jobs_submitted":1,"jobs_started":1,"jobs_finished":1,"current_job_start_ms":0,"last_submit_ms":1785595670420,"last_drain_enter_ms":1785596550476,"last_drain_exit_ms":1785596550476,"device_errors":0,"device_lost":1,"caller_stall_probes":0,"pending_readbacks":0,"queue_len":0,"signal":1,"now_ms":1785596550476},"t":1785596550477}
[page] [gpu-worker][wedge] {"kind":"stall","jobDied":false,"stuckJob":true,"jobAgeMs":729631,"drainTraps":0,"rescuedWakeups":0,"signal":1421,"engine":{"jobs_submitted":1421,"jobs_started":1421,"jobs_finished":1420,"current_job_start_ms":1785595820846,"last_submit_ms":1785595820845,"last_drain_enter_ms":1785595820846,"last_drain_exit_ms":1785595820844,"device_errors":0,"device_lost":1,"caller_stall_probes":142,"pending_readbacks":0,"queue_len":0,"signal":1421,"now_ms":1785596550477},"t":1785596550477}
+ true
+ ps axo rss,comm
+ grep -i 'Google Chrome Helper (GPU)'
+ sort -rn
+ head -1
++ date +%T
+ awk -v t=11:02:30 '{printf "[rss] %s gpu-helper %.0f MB\n", t, $1/1024}'
+ sleep 20
[page] [jolt-webgpu] engine.run caller stalled 730109 ms: {"jobs_submitted":1421,"jobs_started":1421,"jobs_finished":1420,"current_job_start_ms":1785595820846,"last_submit_ms":1785595820845,"last_drain_enter_ms":1785595820846,"last_drain_exit_ms":1785595820844,"device_errors":0,"device_lost":1,"caller_stall_probes":143,"pending_readbacks":0,"queue_len":0,"signal":1421,"now_ms":1785596550954}
[page] [gpu-worker][wedge] {"kind":"device","drainTraps":0,"rescuedWakeups":0,"signal":1,"engine":{"jobs_submitted":1,"jobs_started":1,"jobs_finished":1,"current_job_start_ms":0,"last_submit_ms":1785595670420,"last_drain_enter_ms":1785596555411,"last_drain_exit_ms":1785596555411,"device_errors":0,"device_lost":1,"caller_stall_probes":0,"pending_readbacks":0,"queue_len":0,"signal":1,"now_ms":1785596555456},"t":1785596555456}
[page] [gpu-worker][wedge] {"kind":"stall","jobDied":false,"stuckJob":true,"jobAgeMs":734610,"drainTraps":0,"rescuedWakeups":0,"signal":1421,"engine":{"jobs_submitted":1421,"jobs_started":1421,"jobs_finished":1420,"current_job_start_ms":1785595820846,"last_submit_ms":1785595820845,"last_drain_enter_ms":1785595820846,"last_drain_exit_ms":1785595820844,"device_errors":0,"device_lost":1,"caller_stall_probes":143,"pending_readbacks":0,"queue_len":0,"signal":1421,"now_ms":1785596555456},"t":1785596555456}
[page] [jolt-webgpu] engine.run caller stalled 735122 ms: {"jobs_submitted":1421,"jobs_started":1421,"jobs_finished":1420,"current_job_start_ms":1785595820846,"last_submit_ms":1785595820845,"last_drain_enter_ms":1785595820846,"last_drain_exit_ms":1785595820844,"device_errors":0,"device_lost":1,"caller_stall_probes":144,"pending_readbacks":0,"queue_len":0,"signal":1421,"now_ms":1785596555967}
[page] [gpu-worker][wedge] {"kind":"device","drainTraps":0,"rescuedWakeups":0,"signal":1,"engine":{"jobs_submitted":1,"jobs_started":1,"jobs_finished":1,"current_job_start_ms":0,"last_submit_ms":1785595670420,"last_drain_enter_ms":1785596560421,"last_drain_exit_ms":1785596560421,"device_errors":0,"device_lost":1,"caller_stall_probes":0,"pending_readbacks":0,"queue_len":0,"signal":1,"now_ms":1785596560430},"t":1785596560430}
[page] [gpu-worker][wedge] {"kind":"stall","jobDied":false,"stuckJob":true,"jobAgeMs":739585,"drainTraps":0,"rescuedWakeups":0,"signal":1421,"engine":{"jobs_submitted":1421,"jobs_started":1421,"jobs_finished":1420,"current_job_start_ms":1785595820846,"last_submit_ms":1785595820845,"last_drain_enter_ms":1785595820846,"last_drain_exit_ms":1785595820844,"device_errors":0,"device_lost":1,"caller_stall_probes":144,"pending_readbacks":0,"queue_len":0,"signal":1421,"now_ms":1785596560431},"t":1785596560431}
[page] [jolt-webgpu] engine.run caller stalled 740144 ms: {"jobs_submitted":1421,"jobs_started":1421,"jobs_finished":1420,"current_job_start_ms":1785595820846,"last_submit_ms":1785595820845,"last_drain_enter_ms":1785595820846,"last_drain_exit_ms":1785595820844,"device_errors":0,"device_lost":1,"caller_stall_probes":145,"pending_readbacks":0,"queue_len":0,"signal":1421,"now_ms":1785596560989}
[page] [gpu-worker][wedge] {"kind":"device","drainTraps":0,"rescuedWakeups":0,"signal":1,"engine":{"jobs_submitted":1,"jobs_started":1,"jobs_finished":1,"current_job_start_ms":0,"last_submit_ms":1785595670420,"last_drain_enter_ms":1785596565465,"last_drain_exit_ms":1785596565465,"device_errors":0,"device_lost":1,"caller_stall_probes":0,"pending_readbacks":0,"queue_len":0,"signal":1,"now_ms":1785596565465},"t":1785596565465}
[page] [gpu-worker][wedge] {"kind":"stall","jobDied":false,"stuckJob":true,"jobAgeMs":744620,"drainTraps":0,"rescuedWakeups":0,"signal":1421,"engine":{"jobs_submitted":1421,"jobs_started":1421,"jobs_finished":1420,"current_job_start_ms":1785595820846,"last_submit_ms":1785595820845,"last_drain_enter_ms":1785595820846,"last_drain_exit_ms":1785595820844,"device_errors":0,"device_lost":1,"caller_stall_probes":145,"pending_readbacks":0,"queue_len":0,"signal":1421,"now_ms":1785596565466},"t":1785596565466}
[page] [jolt-webgpu] engine.run caller stalled 745295 ms: {"jobs_submitted":1421,"jobs_started":1421,"jobs_finished":1420,"current_job_start_ms":1785595820846,"last_submit_ms":1785595820845,"last_drain_enter_ms":1785595820846,"last_drain_exit_ms":1785595820844,"device_errors":0,"device_lost":1,"caller_stall_probes":146,"pending_readbacks":0,"queue_len":0,"signal":1421,"now_ms":1785596566140}
[page] [gpu-worker][wedge] {"kind":"stall","jobDied":false,"stuckJob":true,"jobAgeMs":749590,"drainTraps":0,"rescuedWakeups":0,"signal":1421,"engine":{"jobs_submitted":1421,"jobs_started":1421,"jobs_finished":1420,"current_job_start_ms":1785595820846,"last_submit_ms":1785595820845,"last_drain_enter_ms":1785595820846,"last_drain_exit_ms":1785595820844,"device_errors":0,"device_lost":1,"caller_stall_probes":146,"pending_readbacks":0,"queue_len":0,"signal":1421,"now_ms":1785596570437},"t":1785596570437}
[page] [gpu-worker][wedge] {"kind":"device","drainTraps":0,"rescuedWakeups":0,"signal":1,"engine":{"jobs_submitted":1,"jobs_started":1,"jobs_finished":1,"current_job_start_ms":0,"last_submit_ms":1785595670420,"last_drain_enter_ms":1785596570437,"last_drain_exit_ms":1785596570437,"device_errors":0,"device_lost":1,"caller_stall_probes":0,"pending_readbacks":0,"queue_len":0,"signal":1,"now_ms":1785596570437},"t":1785596570437}
+ true
+ ps axo rss,comm
+ grep -i 'Google Chrome Helper (GPU)'
+ sort -rn
+ head -1
++ date +%T
+ awk -v t=11:02:50 '{printf "[rss] %s gpu-helper %.0f MB\n", t, $1/1024}'
+ sleep 20
[page] [jolt-webgpu] engine.run caller stalled 750377 ms: {"jobs_submitted":1421,"jobs_started":1421,"jobs_finished":1420,"current_job_start_ms":1785595820846,"last_submit_ms":1785595820845,"last_drain_enter_ms":1785595820846,"last_drain_exit_ms":1785595820844,"device_errors":0,"device_lost":1,"caller_stall_probes":147,"pending_readbacks":0,"queue_len":0,"signal":1421,"now_ms":1785596571222}
[page] [gpu-worker][wedge] {"kind":"device","drainTraps":0,"rescuedWakeups":0,"signal":1,"engine":{"jobs_submitted":1,"jobs_started":1,"jobs_finished":1,"current_job_start_ms":0,"last_submit_ms":1785595670420,"last_drain_enter_ms":1785596575368,"last_drain_exit_ms":1785596575368,"device_errors":0,"device_lost":1,"caller_stall_probes":0,"pending_readbacks":0,"queue_len":0,"signal":1,"now_ms":1785596575549},"t":1785596575549}
[page] [gpu-worker][wedge] {"kind":"stall","jobDied":false,"stuckJob":true,"jobAgeMs":754704,"drainTraps":0,"rescuedWakeups":0,"signal":1421,"engine":{"jobs_submitted":1421,"jobs_started":1421,"jobs_finished":1420,"current_job_start_ms":1785595820846,"last_submit_ms":1785595820845,"last_drain_enter_ms":1785595820846,"last_drain_exit_ms":1785595820844,"device_errors":0,"device_lost":1,"caller_stall_probes":147,"pending_readbacks":0,"queue_len":0,"signal":1421,"now_ms":1785596575550},"t":1785596575550}
[page] [jolt-webgpu] engine.run caller stalled 755526 ms: {"jobs_submitted":1421,"jobs_started":1421,"jobs_finished":1420,"current_job_start_ms":1785595820846,"last_submit_ms":1785595820845,"last_drain_enter_ms":1785595820846,"last_drain_exit_ms":1785595820844,"device_errors":0,"device_lost":1,"caller_stall_probes":148,"pending_readbacks":0,"queue_len":0,"signal":1421,"now_ms":1785596576371}
[page] [gpu-worker][wedge] {"kind":"stall","jobDied":false,"stuckJob":true,"jobAgeMs":759601,"drainTraps":0,"rescuedWakeups":0,"signal":1421,"engine":{"jobs_submitted":1421,"jobs_started":1421,"jobs_finished":1420,"current_job_start_ms":1785595820846,"last_submit_ms":1785595820845,"last_drain_enter_ms":1785595820846,"last_drain_exit_ms":1785595820844,"device_errors":0,"device_lost":1,"caller_stall_probes":148,"pending_readbacks":0,"queue_len":0,"signal":1421,"now_ms":1785596580447},"t":1785596580447}
[page] [gpu-worker][wedge] {"kind":"device","drainTraps":0,"rescuedWakeups":0,"signal":1,"engine":{"jobs_submitted":1,"jobs_started":1,"jobs_finished":1,"current_job_start_ms":0,"last_submit_ms":1785595670420,"last_drain_enter_ms":1785596580448,"last_drain_exit_ms":1785596580448,"device_errors":0,"device_lost":1,"caller_stall_probes":0,"pending_readbacks":0,"queue_len":0,"signal":1,"now_ms":1785596580448},"t":1785596580448}
[page] [jolt-webgpu] engine.run caller stalled 760649 ms: {"jobs_submitted":1421,"jobs_started":1421,"jobs_finished":1420,"current_job_start_ms":1785595820846,"last_submit_ms":1785595820845,"last_drain_enter_ms":1785595820846,"last_drain_exit_ms":1785595820844,"device_errors":0,"device_lost":1,"caller_stall_probes":149,"pending_readbacks":0,"queue_len":0,"signal":1421,"now_ms":1785596581494}
[page] [gpu-worker][wedge] {"kind":"device","drainTraps":0,"rescuedWakeups":0,"signal":1,"engine":{"jobs_submitted":1,"jobs_started":1,"jobs_finished":1,"current_job_start_ms":0,"last_submit_ms":1785595670420,"last_drain_enter_ms":1785596585334,"last_drain_exit_ms":1785596585334,"device_errors":0,"device_lost":1,"caller_stall_probes":0,"pending_readbacks":0,"queue_len":0,"signal":1,"now_ms":1785596585554},"t":1785596585554}
[page] [gpu-worker][wedge] {"kind":"stall","jobDied":false,"stuckJob":true,"jobAgeMs":764709,"drainTraps":0,"rescuedWakeups":0,"signal":1421,"engine":{"jobs_submitted":1421,"jobs_started":1421,"jobs_finished":1420,"current_job_start_ms":1785595820846,"last_submit_ms":1785595820845,"last_drain_enter_ms":1785595820846,"last_drain_exit_ms":1785595820844,"device_errors":0,"device_lost":1,"caller_stall_probes":149,"pending_readbacks":0,"queue_len":0,"signal":1421,"now_ms":1785596585555},"t":1785596585555}
[page] [jolt-webgpu] engine.run caller stalled 765798 ms: {"jobs_submitted":1421,"jobs_started":1421,"jobs_finished":1420,"current_job_start_ms":1785595820846,"last_submit_ms":1785595820845,"last_drain_enter_ms":1785595820846,"last_drain_exit_ms":1785595820844,"device_errors":0,"device_lost":1,"caller_stall_probes":150,"pending_readbacks":0,"queue_len":0,"signal":1421,"now_ms":1785596586643}
[page] [gpu-worker][wedge] {"kind":"device","drainTraps":0,"rescuedWakeups":0,"signal":1,"engine":{"jobs_submitted":1,"jobs_started":1,"jobs_finished":1,"current_job_start_ms":0,"last_submit_ms":1785595670420,"last_drain_enter_ms":1785596590468,"last_drain_exit_ms":1785596590468,"device_errors":0,"device_lost":1,"caller_stall_probes":0,"pending_readbacks":0,"queue_len":0,"signal":1,"now_ms":1785596590468},"t":1785596590468}
[page] [gpu-worker][wedge] {"kind":"stall","jobDied":false,"stuckJob":true,"jobAgeMs":769622,"drainTraps":0,"rescuedWakeups":0,"signal":1421,"engine":{"jobs_submitted":1421,"jobs_started":1421,"jobs_finished":1420,"current_job_start_ms":1785595820846,"last_submit_ms":1785595820845,"last_drain_enter_ms":1785595820846,"last_drain_exit_ms":1785595820844,"device_errors":0,"device_lost":1,"caller_stall_probes":150,"pending_readbacks":0,"queue_len":0,"signal":1421,"now_ms":1785596590468},"t":1785596590468}
+ true
+ ps axo rss,comm
+ grep -i 'Google Chrome Helper (GPU)'
+ sort -rn
+ head -1
++ date +%T
+ awk -v t=11:03:10 '{printf "[rss] %s gpu-helper %.0f MB\n", t, $1/1024}'
+ sleep 20
[page] [jolt-webgpu] engine.run caller stalled 770948 ms: {"jobs_submitted":1421,"jobs_started":1421,"jobs_finished":1420,"current_job_start_ms":1785595820846,"last_submit_ms":1785595820845,"last_drain_enter_ms":1785595820846,"last_drain_exit_ms":1785595820844,"device_errors":0,"device_lost":1,"caller_stall_probes":151,"pending_readbacks":0,"queue_len":0,"signal":1421,"now_ms":1785596591793}
[page] [gpu-worker][wedge] {"kind":"device","drainTraps":0,"rescuedWakeups":0,"signal":1,"engine":{"jobs_submitted":1,"jobs_started":1,"jobs_finished":1,"current_job_start_ms":0,"last_submit_ms":1785595670420,"last_drain_enter_ms":1785596595364,"last_drain_exit_ms":1785596595364,"device_errors":0,"device_lost":1,"caller_stall_probes":0,"pending_readbacks":0,"queue_len":0,"signal":1,"now_ms":1785596595536},"t":1785596595536}
[page] [gpu-worker][wedge] {"kind":"stall","jobDied":false,"stuckJob":true,"jobAgeMs":774690,"drainTraps":0,"rescuedWakeups":0,"signal":1421,"engine":{"jobs_submitted":1421,"jobs_started":1421,"jobs_finished":1420,"current_job_start_ms":1785595820846,"last_submit_ms":1785595820845,"last_drain_enter_ms":1785595820846,"last_drain_exit_ms":1785595820844,"device_errors":0,"device_lost":1,"caller_stall_probes":151,"pending_readbacks":0,"queue_len":0,"signal":1421,"now_ms":1785596595536},"t":1785596595536}
[page] [jolt-webgpu] engine.run caller stalled 776096 ms: {"jobs_submitted":1421,"jobs_started":1421,"jobs_finished":1420,"current_job_start_ms":1785595820846,"last_submit_ms":1785595820845,"last_drain_enter_ms":1785595820846,"last_drain_exit_ms":1785595820844,"device_errors":0,"device_lost":1,"caller_stall_probes":152,"pending_readbacks":0,"queue_len":0,"signal":1421,"now_ms":1785596596941}
[page] [gpu-worker][wedge] {"kind":"device","drainTraps":0,"rescuedWakeups":0,"signal":1,"engine":{"jobs_submitted":1,"jobs_started":1,"jobs_finished":1,"current_job_start_ms":0,"last_submit_ms":1785595670420,"last_drain_enter_ms":1785596600505,"last_drain_exit_ms":1785596600505,"device_errors":0,"device_lost":1,"caller_stall_probes":0,"pending_readbacks":0,"queue_len":0,"signal":1,"now_ms":1785596600506},"t":1785596600506}
[page] [gpu-worker][wedge] {"kind":"stall","jobDied":false,"stuckJob":true,"jobAgeMs":779660,"drainTraps":0,"rescuedWakeups":0,"signal":1421,"engine":{"jobs_submitted":1421,"jobs_started":1421,"jobs_finished":1420,"current_job_start_ms":1785595820846,"last_submit_ms":1785595820845,"last_drain_enter_ms":1785595820846,"last_drain_exit_ms":1785595820844,"device_errors":0,"device_lost":1,"caller_stall_probes":152,"pending_readbacks":0,"queue_len":0,"signal":1421,"now_ms":1785596600506},"t":1785596600506}
[page] [jolt-webgpu] engine.run caller stalled 781233 ms: {"jobs_submitted":1421,"jobs_started":1421,"jobs_finished":1420,"current_job_start_ms":1785595820846,"last_submit_ms":1785595820845,"last_drain_enter_ms":1785595820846,"last_drain_exit_ms":1785595820844,"device_errors":0,"device_lost":1,"caller_stall_probes":153,"pending_readbacks":0,"queue_len":0,"signal":1421,"now_ms":1785596602078}
[page] [gpu-worker][wedge] {"kind":"device","drainTraps":0,"rescuedWakeups":0,"signal":1,"engine":{"jobs_submitted":1,"jobs_started":1,"jobs_finished":1,"current_job_start_ms":0,"last_submit_ms":1785595670420,"last_drain_enter_ms":1785596605322,"last_drain_exit_ms":1785596605322,"device_errors":0,"device_lost":1,"caller_stall_probes":0,"pending_readbacks":0,"queue_len":0,"signal":1,"now_ms":1785596605553},"t":1785596605553}
[page] [gpu-worker][wedge] {"kind":"stall","jobDied":false,"stuckJob":true,"jobAgeMs":784708,"drainTraps":0,"rescuedWakeups":0,"signal":1421,"engine":{"jobs_submitted":1421,"jobs_started":1421,"jobs_finished":1420,"current_job_start_ms":1785595820846,"last_submit_ms":1785595820845,"last_drain_enter_ms":1785595820846,"last_drain_exit_ms":1785595820844,"device_errors":0,"device_lost":1,"caller_stall_probes":153,"pending_readbacks":0,"queue_len":0,"signal":1421,"now_ms":1785596605554},"t":1785596605554}
[page] [jolt-webgpu] engine.run caller stalled 786384 ms: {"jobs_submitted":1421,"jobs_started":1421,"jobs_finished":1420,"current_job_start_ms":1785595820846,"last_submit_ms":1785595820845,"last_drain_enter_ms":1785595820846,"last_drain_exit_ms":1785595820844,"device_errors":0,"device_lost":1,"caller_stall_probes":154,"pending_readbacks":0,"queue_len":0,"signal":1421,"now_ms":1785596607229}
[page] [gpu-worker][wedge] {"kind":"stall","jobDied":false,"stuckJob":true,"jobAgeMs":789604,"drainTraps":0,"rescuedWakeups":0,"signal":1421,"engine":{"jobs_submitted":1421,"jobs_started":1421,"jobs_finished":1420,"current_job_start_ms":1785595820846,"last_submit_ms":1785595820845,"last_drain_enter_ms":1785595820846,"last_drain_exit_ms":1785595820844,"device_errors":0,"device_lost":1,"caller_stall_probes":154,"pending_readbacks":0,"queue_len":0,"signal":1421,"now_ms":1785596610450},"t":1785596610450}
[page] [gpu-worker][wedge] {"kind":"device","drainTraps":0,"rescuedWakeups":0,"signal":1,"engine":{"jobs_submitted":1,"jobs_started":1,"jobs_finished":1,"current_job_start_ms":0,"last_submit_ms":1785595670420,"last_drain_enter_ms":1785596610451,"last_drain_exit_ms":1785596610451,"device_errors":0,"device_lost":1,"caller_stall_probes":0,"pending_readbacks":0,"queue_len":0,"signal":1,"now_ms":1785596610451},"t":1785596610451}
+ true
+ ps axo rss,comm
+ grep -i 'Google Chrome Helper (GPU)'
+ sort -rn
+ head -1
++ date +%T
+ awk -v t=11:03:31 '{printf "[rss] %s gpu-helper %.0f MB\n", t, $1/1024}'
+ sleep 20
[page] [jolt-webgpu] engine.run caller stalled 791531 ms: {"jobs_submitted":1421,"jobs_started":1421,"jobs_finished":1420,"current_job_start_ms":1785595820846,"last_submit_ms":1785595820845,"last_drain_enter_ms":1785595820846,"last_drain_exit_ms":1785595820844,"device_errors":0,"device_lost":1,"caller_stall_probes":155,"pending_readbacks":0,"queue_len":0,"signal":1421,"now_ms":1785596612376}
[page] [gpu-worker][wedge] {"kind":"device","drainTraps":0,"rescuedWakeups":0,"signal":1,"engine":{"jobs_submitted":1,"jobs_started":1,"jobs_finished":1,"current_job_start_ms":0,"last_submit_ms":1785595670420,"last_drain_enter_ms":1785596615326,"last_drain_exit_ms":1785596615326,"device_errors":0,"device_lost":1,"caller_stall_probes":0,"pending_readbacks":0,"queue_len":0,"signal":1,"now_ms":1785596615459},"t":1785596615459}
[page] [gpu-worker][wedge] {"kind":"stall","jobDied":false,"stuckJob":true,"jobAgeMs":794613,"drainTraps":0,"rescuedWakeups":0,"signal":1421,"engine":{"jobs_submitted":1421,"jobs_started":1421,"jobs_finished":1420,"current_job_start_ms":1785595820846,"last_submit_ms":1785595820845,"last_drain_enter_ms":1785595820846,"last_drain_exit_ms":1785595820844,"device_errors":0,"device_lost":1,"caller_stall_probes":155,"pending_readbacks":0,"queue_len":0,"signal":1421,"now_ms":1785596615459},"t":1785596615459}
[page] [jolt-webgpu] engine.run caller stalled 796672 ms: {"jobs_submitted":1421,"jobs_started":1421,"jobs_finished":1420,"current_job_start_ms":1785595820846,"last_submit_ms":1785595820845,"last_drain_enter_ms":1785595820846,"last_drain_exit_ms":1785595820844,"device_errors":0,"device_lost":1,"caller_stall_probes":156,"pending_readbacks":0,"queue_len":0,"signal":1421,"now_ms":1785596617517}
[page] [gpu-worker][wedge] {"kind":"stall","jobDied":false,"stuckJob":true,"jobAgeMs":799652,"drainTraps":0,"rescuedWakeups":0,"signal":1421,"engine":{"jobs_submitted":1421,"jobs_started":1421,"jobs_finished":1420,"current_job_start_ms":1785595820846,"last_submit_ms":1785595820845,"last_drain_enter_ms":1785595820846,"last_drain_exit_ms":1785595820844,"device_errors":0,"device_lost":1,"caller_stall_probes":156,"pending_readbacks":0,"queue_len":0,"signal":1421,"now_ms":1785596620498},"t":1785596620498}
[page] [gpu-worker][wedge] {"kind":"device","drainTraps":0,"rescuedWakeups":0,"signal":1,"engine":{"jobs_submitted":1,"jobs_started":1,"jobs_finished":1,"current_job_start_ms":0,"last_submit_ms":1785595670420,"last_drain_enter_ms":1785596620328,"last_drain_exit_ms":1785596620328,"device_errors":0,"device_lost":1,"caller_stall_probes":0,"pending_readbacks":0,"queue_len":0,"signal":1,"now_ms":1785596620499},"t":1785596620499}
[page] [jolt-webgpu] engine.run caller stalled 801805 ms: {"jobs_submitted":1421,"jobs_started":1421,"jobs_finished":1420,"current_job_start_ms":1785595820846,"last_submit_ms":1785595820845,"last_drain_enter_ms":1785595820846,"last_drain_exit_ms":1785595820844,"device_errors":0,"device_lost":1,"caller_stall_probes":157,"pending_readbacks":0,"queue_len":0,"signal":1421,"now_ms":1785596622650}
[page] [gpu-worker][wedge] {"kind":"device","drainTraps":0,"rescuedWakeups":0,"signal":1,"engine":{"jobs_submitted":1,"jobs_started":1,"jobs_finished":1,"current_job_start_ms":0,"last_submit_ms":1785595670420,"last_drain_enter_ms":1785596625523,"last_drain_exit_ms":1785596625523,"device_errors":0,"device_lost":1,"caller_stall_probes":0,"pending_readbacks":0,"queue_len":0,"signal":1,"now_ms":1785596625523},"t":1785596625523}
[page] [gpu-worker][wedge] {"kind":"stall","jobDied":false,"stuckJob":true,"jobAgeMs":804678,"drainTraps":0,"rescuedWakeups":0,"signal":1421,"engine":{"jobs_submitted":1421,"jobs_started":1421,"jobs_finished":1420,"current_job_start_ms":1785595820846,"last_submit_ms":1785595820845,"last_drain_enter_ms":1785595820846,"last_drain_exit_ms":1785595820844,"device_errors":0,"device_lost":1,"caller_stall_probes":157,"pending_readbacks":0,"queue_len":0,"signal":1421,"now_ms":1785596625524},"t":1785596625524}
[page] [jolt-webgpu] engine.run caller stalled 806951 ms: {"jobs_submitted":1421,"jobs_started":1421,"jobs_finished":1420,"current_job_start_ms":1785595820846,"last_submit_ms":1785595820845,"last_drain_enter_ms":1785595820846,"last_drain_exit_ms":1785595820844,"device_errors":0,"device_lost":1,"caller_stall_probes":158,"pending_readbacks":0,"queue_len":0,"signal":1421,"now_ms":1785596627796}
[page] [gpu-worker][wedge] {"kind":"stall","jobDied":false,"stuckJob":true,"jobAgeMs":809574,"drainTraps":0,"rescuedWakeups":0,"signal":1421,"engine":{"jobs_submitted":1421,"jobs_started":1421,"jobs_finished":1420,"current_job_start_ms":1785595820846,"last_submit_ms":1785595820845,"last_drain_enter_ms":1785595820846,"last_drain_exit_ms":1785595820844,"device_errors":0,"device_lost":1,"caller_stall_probes":158,"pending_readbacks":0,"queue_len":0,"signal":1421,"now_ms":1785596630420},"t":1785596630420}
[page] [gpu-worker][wedge] {"kind":"device","drainTraps":0,"rescuedWakeups":0,"signal":1,"engine":{"jobs_submitted":1,"jobs_started":1,"jobs_finished":1,"current_job_start_ms":0,"last_submit_ms":1785595670420,"last_drain_enter_ms":1785596630360,"last_drain_exit_ms":1785596630360,"device_errors":0,"device_lost":1,"caller_stall_probes":0,"pending_readbacks":0,"queue_len":0,"signal":1,"now_ms":1785596630421},"t":1785596630421}
+ true
+ ps axo rss,comm
+ grep -i 'Google Chrome Helper (GPU)'
+ sort -rn
+ head -1
++ date +%T
+ awk -v t=11:03:51 '{printf "[rss] %s gpu-helper %.0f MB\n", t, $1/1024}'
+ sleep 20
[page] [jolt-webgpu] engine.run caller stalled 812098 ms: {"jobs_submitted":1421,"jobs_started":1421,"jobs_finished":1420,"current_job_start_ms":1785595820846,"last_submit_ms":1785595820845,"last_drain_enter_ms":1785595820846,"last_drain_exit_ms":1785595820844,"device_errors":0,"device_lost":1,"caller_stall_probes":159,"pending_readbacks":0,"queue_len":0,"signal":1421,"now_ms":1785596632943}
[page] [gpu-worker][wedge] {"kind":"device","drainTraps":0,"rescuedWakeups":0,"signal":1,"engine":{"jobs_submitted":1,"jobs_started":1,"jobs_finished":1,"current_job_start_ms":0,"last_submit_ms":1785595670420,"last_drain_enter_ms":1785596635424,"last_drain_exit_ms":1785596635424,"device_errors":0,"device_lost":1,"caller_stall_probes":0,"pending_readbacks":0,"queue_len":0,"signal":1,"now_ms":1785596635424},"t":1785596635424}
[page] [gpu-worker][wedge] {"kind":"stall","jobDied":false,"stuckJob":true,"jobAgeMs":814579,"drainTraps":0,"rescuedWakeups":0,"signal":1421,"engine":{"jobs_submitted":1421,"jobs_started":1421,"jobs_finished":1420,"current_job_start_ms":1785595820846,"last_submit_ms":1785595820845,"last_drain_enter_ms":1785595820846,"last_drain_exit_ms":1785595820844,"device_errors":0,"device_lost":1,"caller_stall_probes":159,"pending_readbacks":0,"queue_len":0,"signal":1421,"now_ms":1785596635425},"t":1785596635425}
[page] [jolt-webgpu] engine.run caller stalled 817246 ms: {"jobs_submitted":1421,"jobs_started":1421,"jobs_finished":1420,"current_job_start_ms":1785595820846,"last_submit_ms":1785595820845,"last_drain_enter_ms":1785595820846,"last_drain_exit_ms":1785595820844,"device_errors":0,"device_lost":1,"caller_stall_probes":160,"pending_readbacks":0,"queue_len":0,"signal":1421,"now_ms":1785596638091}
[page] [gpu-worker][wedge] {"kind":"stall","jobDied":false,"stuckJob":true,"jobAgeMs":819607,"drainTraps":0,"rescuedWakeups":0,"signal":1421,"engine":{"jobs_submitted":1421,"jobs_started":1421,"jobs_finished":1420,"current_job_start_ms":1785595820846,"last_submit_ms":1785595820845,"last_drain_enter_ms":1785595820846,"last_drain_exit_ms":1785595820844,"device_errors":0,"device_lost":1,"caller_stall_probes":160,"pending_readbacks":0,"queue_len":0,"signal":1421,"now_ms":1785596640453},"t":1785596640453}
[page] [gpu-worker][wedge] {"kind":"device","drainTraps":0,"rescuedWakeups":0,"signal":1,"engine":{"jobs_submitted":1,"jobs_started":1,"jobs_finished":1,"current_job_start_ms":0,"last_submit_ms":1785595670420,"last_drain_enter_ms":1785596640454,"last_drain_exit_ms":1785596640454,"device_errors":0,"device_lost":1,"caller_stall_probes":0,"pending_readbacks":0,"queue_len":0,"signal":1,"now_ms":1785596640454},"t":1785596640454}
[page] [jolt-webgpu] engine.run caller stalled 822390 ms: {"jobs_submitted":1421,"jobs_started":1421,"jobs_finished":1420,"current_job_start_ms":1785595820846,"last_submit_ms":1785595820845,"last_drain_enter_ms":1785595820846,"last_drain_exit_ms":1785595820844,"device_errors":0,"device_lost":1,"caller_stall_probes":161,"pending_readbacks":0,"queue_len":0,"signal":1421,"now_ms":1785596643235}
[page] [gpu-worker][wedge] {"kind":"device","drainTraps":0,"rescuedWakeups":0,"signal":1,"engine":{"jobs_submitted":1,"jobs_started":1,"jobs_finished":1,"current_job_start_ms":0,"last_submit_ms":1785595670420,"last_drain_enter_ms":1785596645302,"last_drain_exit_ms":1785596645302,"device_errors":0,"device_lost":1,"caller_stall_probes":0,"pending_readbacks":0,"queue_len":0,"signal":1,"now_ms":1785596645549},"t":1785596645549}
[page] [gpu-worker][wedge] {"kind":"stall","jobDied":false,"stuckJob":true,"jobAgeMs":824704,"drainTraps":0,"rescuedWakeups":0,"signal":1421,"engine":{"jobs_submitted":1421,"jobs_started":1421,"jobs_finished":1420,"current_job_start_ms":1785595820846,"last_submit_ms":1785595820845,"last_drain_enter_ms":1785595820846,"last_drain_exit_ms":1785595820844,"device_errors":0,"device_lost":1,"caller_stall_probes":161,"pending_readbacks":0,"queue_len":0,"signal":1421,"now_ms":1785596645550},"t":1785596645550}
[page] [jolt-webgpu] engine.run caller stalled 827440 ms: {"jobs_submitted":1421,"jobs_started":1421,"jobs_finished":1420,"current_job_start_ms":1785595820846,"last_submit_ms":1785595820845,"last_drain_enter_ms":1785595820846,"last_drain_exit_ms":1785595820844,"device_errors":0,"device_lost":1,"caller_stall_probes":162,"pending_readbacks":0,"queue_len":0,"signal":1421,"now_ms":1785596648285}
[page] [gpu-worker][wedge] {"kind":"device","drainTraps":0,"rescuedWakeups":0,"signal":1,"engine":{"jobs_submitted":1,"jobs_started":1,"jobs_finished":1,"current_job_start_ms":0,"last_submit_ms":1785595670420,"last_drain_enter_ms":1785596650511,"last_drain_exit_ms":1785596650511,"device_errors":0,"device_lost":1,"caller_stall_probes":0,"pending_readbacks":0,"queue_len":0,"signal":1,"now_ms":1785596650511},"t":1785596650511}
[page] [gpu-worker][wedge] {"kind":"stall","jobDied":false,"stuckJob":true,"jobAgeMs":829666,"drainTraps":0,"rescuedWakeups":0,"signal":1421,"engine":{"jobs_submitted":1421,"jobs_started":1421,"jobs_finished":1420,"current_job_start_ms":1785595820846,"last_submit_ms":1785595820845,"last_drain_enter_ms":1785595820846,"last_drain_exit_ms":1785595820844,"device_errors":0,"device_lost":1,"caller_stall_probes":162,"pending_readbacks":0,"queue_len":0,"signal":1421,"now_ms":1785596650512},"t":1785596650512}
+ true
+ ps axo rss,comm
+ grep -i 'Google Chrome Helper (GPU)'
+ sort -rn
+ head -1
++ date +%T
+ awk -v t=11:04:11 '{printf "[rss] %s gpu-helper %.0f MB\n", t, $1/1024}'
+ sleep 20
[page] [jolt-webgpu] engine.run caller stalled 832590 ms: {"jobs_submitted":1421,"jobs_started":1421,"jobs_finished":1420,"current_job_start_ms":1785595820846,"last_submit_ms":1785595820845,"last_drain_enter_ms":1785595820846,"last_drain_exit_ms":1785595820844,"device_errors":0,"device_lost":1,"caller_stall_probes":163,"pending_readbacks":0,"queue_len":0,"signal":1421,"now_ms":1785596653435}
[page] [gpu-worker][wedge] {"kind":"stall","jobDied":false,"stuckJob":true,"jobAgeMs":834650,"drainTraps":0,"rescuedWakeups":0,"signal":1421,"engine":{"jobs_submitted":1421,"jobs_started":1421,"jobs_finished":1420,"current_job_start_ms":1785595820846,"last_submit_ms":1785595820845,"last_drain_enter_ms":1785595820846,"last_drain_exit_ms":1785595820844,"device_errors":0,"device_lost":1,"caller_stall_probes":163,"pending_readbacks":0,"queue_len":0,"signal":1421,"now_ms":1785596655496},"t":1785596655496}
[page] [gpu-worker][wedge] {"kind":"device","drainTraps":0,"rescuedWakeups":0,"signal":1,"engine":{"jobs_submitted":1,"jobs_started":1,"jobs_finished":1,"current_job_start_ms":0,"last_submit_ms":1785595670420,"last_drain_enter_ms":1785596655497,"last_drain_exit_ms":1785596655497,"device_errors":0,"device_lost":1,"caller_stall_probes":0,"pending_readbacks":0,"queue_len":0,"signal":1,"now_ms":1785596655497},"t":1785596655497}
[page] [jolt-webgpu] engine.run caller stalled 837740 ms: {"jobs_submitted":1421,"jobs_started":1421,"jobs_finished":1420,"current_job_start_ms":1785595820846,"last_submit_ms":1785595820845,"last_drain_enter_ms":1785595820846,"last_drain_exit_ms":1785595820844,"device_errors":0,"device_lost":1,"caller_stall_probes":164,"pending_readbacks":0,"queue_len":0,"signal":1421,"now_ms":1785596658585}
[page] [gpu-worker][wedge] {"kind":"stall","jobDied":false,"stuckJob":true,"jobAgeMs":839558,"drainTraps":0,"rescuedWakeups":0,"signal":1421,"engine":{"jobs_submitted":1421,"jobs_started":1421,"jobs_finished":1420,"current_job_start_ms":1785595820846,"last_submit_ms":1785595820845,"last_drain_enter_ms":1785595820846,"last_drain_exit_ms":1785595820844,"device_errors":0,"device_lost":1,"caller_stall_probes":164,"pending_readbacks":0,"queue_len":0,"signal":1421,"now_ms":1785596660404},"t":1785596660404}
[page] [gpu-worker][wedge] {"kind":"device","drainTraps":0,"rescuedWakeups":0,"signal":1,"engine":{"jobs_submitted":1,"jobs_started":1,"jobs_finished":1,"current_job_start_ms":0,"last_submit_ms":1785595670420,"last_drain_enter_ms":1785596660405,"last_drain_exit_ms":1785596660405,"device_errors":0,"device_lost":1,"caller_stall_probes":0,"pending_readbacks":0,"queue_len":0,"signal":1,"now_ms":1785596660405},"t":1785596660405}
[page] [jolt-webgpu] engine.run caller stalled 842890 ms: {"jobs_submitted":1421,"jobs_started":1421,"jobs_finished":1420,"current_job_start_ms":1785595820846,"last_submit_ms":1785595820845,"last_drain_enter_ms":1785595820846,"last_drain_exit_ms":1785595820844,"device_errors":0,"device_lost":1,"caller_stall_probes":165,"pending_readbacks":0,"queue_len":0,"signal":1421,"now_ms":1785596663735}
[page] [gpu-worker][wedge] {"kind":"device","drainTraps":0,"rescuedWakeups":0,"signal":1,"engine":{"jobs_submitted":1,"jobs_started":1,"jobs_finished":1,"current_job_start_ms":0,"last_submit_ms":1785595670420,"last_drain_enter_ms":1785596665382,"last_drain_exit_ms":1785596665382,"device_errors":0,"device_lost":1,"caller_stall_probes":0,"pending_readbacks":0,"queue_len":0,"signal":1,"now_ms":1785596665413},"t":1785596665413}
[page] [gpu-worker][wedge] {"kind":"stall","jobDied":false,"stuckJob":true,"jobAgeMs":844568,"drainTraps":0,"rescuedWakeups":0,"signal":1421,"engine":{"jobs_submitted":1421,"jobs_started":1421,"jobs_finished":1420,"current_job_start_ms":1785595820846,"last_submit_ms":1785595820845,"last_drain_enter_ms":1785595820846,"last_drain_exit_ms":1785595820844,"device_errors":0,"device_lost":1,"caller_stall_probes":165,"pending_readbacks":0,"queue_len":0,"signal":1421,"now_ms":1785596665414},"t":1785596665414}
[page] [jolt-webgpu] engine.run caller stalled 848041 ms: {"jobs_submitted":1421,"jobs_started":1421,"jobs_finished":1420,"current_job_start_ms":1785595820846,"last_submit_ms":1785595820845,"last_drain_enter_ms":1785595820846,"last_drain_exit_ms":1785595820844,"device_errors":0,"device_lost":1,"caller_stall_probes":166,"pending_readbacks":0,"queue_len":0,"signal":1421,"now_ms":1785596668886}
[page] [gpu-worker][wedge] {"kind":"stall","jobDied":false,"stuckJob":true,"jobAgeMs":849553,"drainTraps":0,"rescuedWakeups":0,"signal":1421,"engine":{"jobs_submitted":1421,"jobs_started":1421,"jobs_finished":1420,"current_job_start_ms":1785595820846,"last_submit_ms":1785595820845,"last_drain_enter_ms":1785595820846,"last_drain_exit_ms":1785595820844,"device_errors":0,"device_lost":1,"caller_stall_probes":166,"pending_readbacks":0,"queue_len":0,"signal":1421,"now_ms":1785596670399},"t":1785596670399}
[page] [gpu-worker][wedge] {"kind":"device","drainTraps":0,"rescuedWakeups":0,"signal":1,"engine":{"jobs_submitted":1,"jobs_started":1,"jobs_finished":1,"current_job_start_ms":0,"last_submit_ms":1785595670420,"last_drain_enter_ms":1785596670335,"last_drain_exit_ms":1785596670335,"device_errors":0,"device_lost":1,"caller_stall_probes":0,"pending_readbacks":0,"queue_len":0,"signal":1,"now_ms":1785596670399},"t":1785596670399}
+ true
+ ps axo rss,comm
+ grep -i 'Google Chrome Helper (GPU)'
+ sort -rn
+ head -1
++ date +%T
+ awk -v t=11:04:31 '{printf "[rss] %s gpu-helper %.0f MB\n", t, $1/1024}'
+ sleep 20
[page] [jolt-webgpu] engine.run caller stalled 853061 ms: {"jobs_submitted":1421,"jobs_started":1421,"jobs_finished":1420,"current_job_start_ms":1785595820846,"last_submit_ms":1785595820845,"last_drain_enter_ms":1785595820846,"last_drain_exit_ms":1785595820844,"device_errors":0,"device_lost":1,"caller_stall_probes":167,"pending_readbacks":0,"queue_len":0,"signal":1421,"now_ms":1785596673906}
[page] [gpu-worker][wedge] {"kind":"device","drainTraps":0,"rescuedWakeups":0,"signal":1,"engine":{"jobs_submitted":1,"jobs_started":1,"jobs_finished":1,"current_job_start_ms":0,"last_submit_ms":1785595670420,"last_drain_enter_ms":1785596675299,"last_drain_exit_ms":1785596675299,"device_errors":0,"device_lost":1,"caller_stall_probes":0,"pending_readbacks":0,"queue_len":0,"signal":1,"now_ms":1785596675509},"t":1785596675509}
[page] [gpu-worker][wedge] {"kind":"stall","jobDied":false,"stuckJob":true,"jobAgeMs":854664,"drainTraps":0,"rescuedWakeups":0,"signal":1421,"engine":{"jobs_submitted":1421,"jobs_started":1421,"jobs_finished":1420,"current_job_start_ms":1785595820846,"last_submit_ms":1785595820845,"last_drain_enter_ms":1785595820846,"last_drain_exit_ms":1785595820844,"device_errors":0,"device_lost":1,"caller_stall_probes":167,"pending_readbacks":0,"queue_len":0,"signal":1421,"now_ms":1785596675510},"t":1785596675510}
[page] [jolt-webgpu] engine.run caller stalled 858207 ms: {"jobs_submitted":1421,"jobs_started":1421,"jobs_finished":1420,"current_job_start_ms":1785595820846,"last_submit_ms":1785595820845,"last_drain_enter_ms":1785595820846,"last_drain_exit_ms":1785595820844,"device_errors":0,"device_lost":1,"caller_stall_probes":168,"pending_readbacks":0,"queue_len":0,"signal":1421,"now_ms":1785596679052}
[page] [gpu-worker][wedge] {"kind":"device","drainTraps":0,"rescuedWakeups":0,"signal":1,"engine":{"jobs_submitted":1,"jobs_started":1,"jobs_finished":1,"current_job_start_ms":0,"last_submit_ms":1785595670420,"last_drain_enter_ms":1785596680384,"last_drain_exit_ms":1785596680384,"device_errors":0,"device_lost":1,"caller_stall_probes":0,"pending_readbacks":0,"queue_len":0,"signal":1,"now_ms":1785596680474},"t":1785596680474}
[page] [gpu-worker][wedge] {"kind":"stall","jobDied":false,"stuckJob":true,"jobAgeMs":859629,"drainTraps":0,"rescuedWakeups":0,"signal":1421,"engine":{"jobs_submitted":1421,"jobs_started":1421,"jobs_finished":1420,"current_job_start_ms":1785595820846,"last_submit_ms":1785595820845,"last_drain_enter_ms":1785595820846,"last_drain_exit_ms":1785595820844,"device_errors":0,"device_lost":1,"caller_stall_probes":168,"pending_readbacks":0,"queue_len":0,"signal":1421,"now_ms":1785596680475},"t":1785596680475}
[page] [jolt-webgpu] engine.run caller stalled 863358 ms: {"jobs_submitted":1421,"jobs_started":1421,"jobs_finished":1420,"current_job_start_ms":1785595820846,"last_submit_ms":1785595820845,"last_drain_enter_ms":1785595820846,"last_drain_exit_ms":1785595820844,"device_errors":0,"device_lost":1,"caller_stall_probes":169,"pending_readbacks":0,"queue_len":0,"signal":1421,"now_ms":1785596684203}
[page] [gpu-worker][wedge] {"kind":"device","drainTraps":0,"rescuedWakeups":0,"signal":1,"engine":{"jobs_submitted":1,"jobs_started":1,"jobs_finished":1,"current_job_start_ms":0,"last_submit_ms":1785595670420,"last_drain_enter_ms":1785596685384,"last_drain_exit_ms":1785596685384,"device_errors":0,"device_lost":1,"caller_stall_probes":0,"pending_readbacks":0,"queue_len":0,"signal":1,"now_ms":1785596685440},"t":1785596685440}
[page] [gpu-worker][wedge] {"kind":"stall","jobDied":false,"stuckJob":true,"jobAgeMs":864594,"drainTraps":0,"rescuedWakeups":0,"signal":1421,"engine":{"jobs_submitted":1421,"jobs_started":1421,"jobs_finished":1420,"current_job_start_ms":1785595820846,"last_submit_ms":1785595820845,"last_drain_enter_ms":1785595820846,"last_drain_exit_ms":1785595820844,"device_errors":0,"device_lost":1,"caller_stall_probes":169,"pending_readbacks":0,"queue_len":0,"signal":1421,"now_ms":1785596685440},"t":1785596685440}
[page] [jolt-webgpu] engine.run caller stalled 868495 ms: {"jobs_submitted":1421,"jobs_started":1421,"jobs_finished":1420,"current_job_start_ms":1785595820846,"last_submit_ms":1785595820845,"last_drain_enter_ms":1785595820846,"last_drain_exit_ms":1785595820844,"device_errors":0,"device_lost":1,"caller_stall_probes":170,"pending_readbacks":0,"queue_len":0,"signal":1421,"now_ms":1785596689340}
[page] [gpu-worker][wedge] {"kind":"device","drainTraps":0,"rescuedWakeups":0,"signal":1,"engine":{"jobs_submitted":1,"jobs_started":1,"jobs_finished":1,"current_job_start_ms":0,"last_submit_ms":1785595670420,"last_drain_enter_ms":1785596690298,"last_drain_exit_ms":1785596690298,"device_errors":0,"device_lost":1,"caller_stall_probes":0,"pending_readbacks":0,"queue_len":0,"signal":1,"now_ms":1785596690459},"t":1785596690459}
[page] [gpu-worker][wedge] {"kind":"stall","jobDied":false,"stuckJob":true,"jobAgeMs":869614,"drainTraps":0,"rescuedWakeups":0,"signal":1421,"engine":{"jobs_submitted":1421,"jobs_started":1421,"jobs_finished":1420,"current_job_start_ms":1785595820846,"last_submit_ms":1785595820845,"last_drain_enter_ms":1785595820846,"last_drain_exit_ms":1785595820844,"device_errors":0,"device_lost":1,"caller_stall_probes":170,"pending_readbacks":0,"queue_len":0,"signal":1421,"now_ms":1785596690460},"t":1785596690460}
+ true
+ ps axo rss,comm
+ grep -i 'Google Chrome Helper (GPU)'
+ sort -rn
+ head -1
++ date +%T
+ awk -v t=11:04:51 '{printf "[rss] %s gpu-helper %.0f MB\n", t, $1/1024}'
+ sleep 20
[page] [jolt-webgpu] engine.run caller stalled 873616 ms: {"jobs_submitted":1421,"jobs_started":1421,"jobs_finished":1420,"current_job_start_ms":1785595820846,"last_submit_ms":1785595820845,"last_drain_enter_ms":1785595820846,"last_drain_exit_ms":1785595820844,"device_errors":0,"device_lost":1,"caller_stall_probes":171,"pending_readbacks":0,"queue_len":0,"signal":1421,"now_ms":1785596694461}
[page] [gpu-worker][wedge] {"kind":"device","drainTraps":0,"rescuedWakeups":0,"signal":1,"engine":{"jobs_submitted":1,"jobs_started":1,"jobs_finished":1,"current_job_start_ms":0,"last_submit_ms":1785595670420,"last_drain_enter_ms":1785596695350,"last_drain_exit_ms":1785596695350,"device_errors":0,"device_lost":1,"caller_stall_probes":0,"pending_readbacks":0,"queue_len":0,"signal":1,"now_ms":1785596695419},"t":1785596695419}
[page] [gpu-worker][wedge] {"kind":"stall","jobDied":false,"stuckJob":true,"jobAgeMs":874574,"drainTraps":0,"rescuedWakeups":0,"signal":1421,"engine":{"jobs_submitted":1421,"jobs_started":1421,"jobs_finished":1420,"current_job_start_ms":1785595820846,"last_submit_ms":1785595820845,"last_drain_enter_ms":1785595820846,"last_drain_exit_ms":1785595820844,"device_errors":0,"device_lost":1,"caller_stall_probes":171,"pending_readbacks":0,"queue_len":0,"signal":1421,"now_ms":1785596695420},"t":1785596695420}
[page] [jolt-webgpu] engine.run caller stalled 878739 ms: {"jobs_submitted":1421,"jobs_started":1421,"jobs_finished":1420,"current_job_start_ms":1785595820846,"last_submit_ms":1785595820845,"last_drain_enter_ms":1785595820846,"last_drain_exit_ms":1785595820844,"device_errors":0,"device_lost":1,"caller_stall_probes":172,"pending_readbacks":0,"queue_len":0,"signal":1421,"now_ms":1785596699584}
[page] [gpu-worker][wedge] {"kind":"device","drainTraps":0,"rescuedWakeups":0,"signal":1,"engine":{"jobs_submitted":1,"jobs_started":1,"jobs_finished":1,"current_job_start_ms":0,"last_submit_ms":1785595670420,"last_drain_enter_ms":1785596700454,"last_drain_exit_ms":1785596700454,"device_errors":0,"device_lost":1,"caller_stall_probes":0,"pending_readbacks":0,"queue_len":0,"signal":1,"now_ms":1785596700454},"t":1785596700454}
[page] [gpu-worker][wedge] {"kind":"stall","jobDied":false,"stuckJob":true,"jobAgeMs":879609,"drainTraps":0,"rescuedWakeups":0,"signal":1421,"engine":{"jobs_submitted":1421,"jobs_started":1421,"jobs_finished":1420,"current_job_start_ms":1785595820846,"last_submit_ms":1785595820845,"last_drain_enter_ms":1785595820846,"last_drain_exit_ms":1785595820844,"device_errors":0,"device_lost":1,"caller_stall_probes":172,"pending_readbacks":0,"queue_len":0,"signal":1421,"now_ms":1785596700455},"t":1785596700455}
[page] [jolt-webgpu] engine.run caller stalled 883796 ms: {"jobs_submitted":1421,"jobs_started":1421,"jobs_finished":1420,"current_job_start_ms":1785595820846,"last_submit_ms":1785595820845,"last_drain_enter_ms":1785595820846,"last_drain_exit_ms":1785595820844,"device_errors":0,"device_lost":1,"caller_stall_probes":173,"pending_readbacks":0,"queue_len":0,"signal":1421,"now_ms":1785596704641}
[page] [gpu-worker][wedge] {"kind":"device","drainTraps":0,"rescuedWakeups":0,"signal":1,"engine":{"jobs_submitted":1,"jobs_started":1,"jobs_finished":1,"current_job_start_ms":0,"last_submit_ms":1785595670420,"last_drain_enter_ms":1785596705445,"last_drain_exit_ms":1785596705445,"device_errors":0,"device_lost":1,"caller_stall_probes":0,"pending_readbacks":0,"queue_len":0,"signal":1,"now_ms":1785596705446},"t":1785596705446}
[page] [gpu-worker][wedge] {"kind":"stall","jobDied":false,"stuckJob":true,"jobAgeMs":884599,"drainTraps":0,"rescuedWakeups":0,"signal":1421,"engine":{"jobs_submitted":1421,"jobs_started":1421,"jobs_finished":1420,"current_job_start_ms":1785595820846,"last_submit_ms":1785595820845,"last_drain_enter_ms":1785595820846,"last_drain_exit_ms":1785595820844,"device_errors":0,"device_lost":1,"caller_stall_probes":173,"pending_readbacks":0,"queue_len":0,"signal":1421,"now_ms":1785596705445},"t":1785596705445}
[page] [jolt-webgpu] engine.run caller stalled 888939 ms: {"jobs_submitted":1421,"jobs_started":1421,"jobs_finished":1420,"current_job_start_ms":1785595820846,"last_submit_ms":1785595820845,"last_drain_enter_ms":1785595820846,"last_drain_exit_ms":1785595820844,"device_errors":0,"device_lost":1,"caller_stall_probes":174,"pending_readbacks":0,"queue_len":0,"signal":1421,"now_ms":1785596709784}
[page] [gpu-worker][wedge] {"kind":"device","drainTraps":0,"rescuedWakeups":0,"signal":1,"engine":{"jobs_submitted":1,"jobs_started":1,"jobs_finished":1,"current_job_start_ms":0,"last_submit_ms":1785595670420,"last_drain_enter_ms":1785596710509,"last_drain_exit_ms":1785596710509,"device_errors":0,"device_lost":1,"caller_stall_probes":0,"pending_readbacks":0,"queue_len":0,"signal":1,"now_ms":1785596710509},"t":1785596710509}
[page] [gpu-worker][wedge] {"kind":"stall","jobDied":false,"stuckJob":true,"jobAgeMs":889664,"drainTraps":0,"rescuedWakeups":0,"signal":1421,"engine":{"jobs_submitted":1421,"jobs_started":1421,"jobs_finished":1420,"current_job_start_ms":1785595820846,"last_submit_ms":1785595820845,"last_drain_enter_ms":1785595820846,"last_drain_exit_ms":1785595820844,"device_errors":0,"device_lost":1,"caller_stall_probes":174,"pending_readbacks":0,"queue_len":0,"signal":1421,"now_ms":1785596710510},"t":1785596710510}
+ true
+ ps axo rss,comm
+ grep -i 'Google Chrome Helper (GPU)'
+ sort -rn
+ head -1
++ date +%T
+ awk -v t=11:05:12 '{printf "[rss] %s gpu-helper %.0f MB\n", t, $1/1024}'
+ sleep 20
[page] [jolt-webgpu] engine.run caller stalled 894017 ms: {"jobs_submitted":1421,"jobs_started":1421,"jobs_finished":1420,"current_job_start_ms":1785595820846,"last_submit_ms":1785595820845,"last_drain_enter_ms":1785595820846,"last_drain_exit_ms":1785595820844,"device_errors":0,"device_lost":1,"caller_stall_probes":175,"pending_readbacks":0,"queue_len":0,"signal":1421,"now_ms":1785596714862}
[page] [gpu-worker][wedge] {"kind":"stall","jobDied":false,"stuckJob":true,"jobAgeMs":894550,"drainTraps":0,"rescuedWakeups":0,"signal":1421,"engine":{"jobs_submitted":1421,"jobs_started":1421,"jobs_finished":1420,"current_job_start_ms":1785595820846,"last_submit_ms":1785595820845,"last_drain_enter_ms":1785595820846,"last_drain_exit_ms":1785595820844,"device_errors":0,"device_lost":1,"caller_stall_probes":175,"pending_readbacks":0,"queue_len":0,"signal":1421,"now_ms":1785596715396},"t":1785596715396}
[page] [gpu-worker][wedge] {"kind":"device","drainTraps":0,"rescuedWakeups":0,"signal":1,"engine":{"jobs_submitted":1,"jobs_started":1,"jobs_finished":1,"current_job_start_ms":0,"last_submit_ms":1785595670420,"last_drain_enter_ms":1785596715397,"last_drain_exit_ms":1785596715397,"device_errors":0,"device_lost":1,"caller_stall_probes":0,"pending_readbacks":0,"queue_len":0,"signal":1,"now_ms":1785596715397},"t":1785596715397}
[page] [jolt-webgpu] engine.run caller stalled 899162 ms: {"jobs_submitted":1421,"jobs_started":1421,"jobs_finished":1420,"current_job_start_ms":1785595820846,"last_submit_ms":1785595820845,"last_drain_enter_ms":1785595820846,"last_drain_exit_ms":1785595820844,"device_errors":0,"device_lost":1,"caller_stall_probes":176,"pending_readbacks":0,"queue_len":0,"signal":1421,"now_ms":1785596720007}
[page] [gpu-worker][wedge] {"kind":"device","drainTraps":0,"rescuedWakeups":0,"signal":1,"engine":{"jobs_submitted":1,"jobs_started":1,"jobs_finished":1,"current_job_start_ms":0,"last_submit_ms":1785595670420,"last_drain_enter_ms":1785596720391,"last_drain_exit_ms":1785596720391,"device_errors":0,"device_lost":1,"caller_stall_probes":0,"pending_readbacks":0,"queue_len":0,"signal":1,"now_ms":1785596720427},"t":1785596720427}
[page] [gpu-worker][wedge] {"kind":"stall","jobDied":false,"stuckJob":true,"jobAgeMs":899581,"drainTraps":0,"rescuedWakeups":0,"signal":1421,"engine":{"jobs_submitted":1421,"jobs_started":1421,"jobs_finished":1420,"current_job_start_ms":1785595820846,"last_submit_ms":1785595820845,"last_drain_enter_ms":1785595820846,"last_drain_exit_ms":1785595820844,"device_errors":0,"device_lost":1,"caller_stall_probes":176,"pending_readbacks":0,"queue_len":0,"signal":1421,"now_ms":1785596720427},"t":1785596720427}
[page] [jolt-webgpu] engine.run caller stalled 904273 ms: {"jobs_submitted":1421,"jobs_started":1421,"jobs_finished":1420,"current_job_start_ms":1785595820846,"last_submit_ms":1785595820845,"last_drain_enter_ms":1785595820846,"last_drain_exit_ms":1785595820844,"device_errors":0,"device_lost":1,"caller_stall_probes":177,"pending_readbacks":0,"queue_len":0,"signal":1421,"now_ms":1785596725118}
[page] [gpu-worker][wedge] {"kind":"device","drainTraps":0,"rescuedWakeups":0,"signal":1,"engine":{"jobs_submitted":1,"jobs_started":1,"jobs_finished":1,"current_job_start_ms":0,"last_submit_ms":1785595670420,"last_drain_enter_ms":1785596725473,"last_drain_exit_ms":1785596725473,"device_errors":0,"device_lost":1,"caller_stall_probes":0,"pending_readbacks":0,"queue_len":0,"signal":1,"now_ms":1785596725474},"t":1785596725474}
[page] [gpu-worker][wedge] {"kind":"stall","jobDied":false,"stuckJob":true,"jobAgeMs":904628,"drainTraps":0,"rescuedWakeups":0,"signal":1421,"engine":{"jobs_submitted":1421,"jobs_started":1421,"jobs_finished":1420,"current_job_start_ms":1785595820846,"last_submit_ms":1785595820845,"last_drain_enter_ms":1785595820846,"last_drain_exit_ms":1785595820844,"device_errors":0,"device_lost":1,"caller_stall_probes":177,"pending_readbacks":0,"queue_len":0,"signal":1421,"now_ms":1785596725474},"t":1785596725474}
[page] [jolt-webgpu] engine.run caller stalled 909415 ms: {"jobs_submitted":1421,"jobs_started":1421,"jobs_finished":1420,"current_job_start_ms":1785595820846,"last_submit_ms":1785595820845,"last_drain_enter_ms":1785595820846,"last_drain_exit_ms":1785595820844,"device_errors":0,"device_lost":1,"caller_stall_probes":178,"pending_readbacks":0,"queue_len":0,"signal":1421,"now_ms":1785596730260}
[page] [gpu-worker][wedge] {"kind":"device","drainTraps":0,"rescuedWakeups":0,"signal":1,"engine":{"jobs_submitted":1,"jobs_started":1,"jobs_finished":1,"current_job_start_ms":0,"last_submit_ms":1785595670420,"last_drain_enter_ms":1785596730370,"last_drain_exit_ms":1785596730370,"device_errors":0,"device_lost":1,"caller_stall_probes":0,"pending_readbacks":0,"queue_len":0,"signal":1,"now_ms":1785596730447},"t":1785596730447}
[page] [gpu-worker][wedge] {"kind":"stall","jobDied":false,"stuckJob":true,"jobAgeMs":909601,"drainTraps":0,"rescuedWakeups":0,"signal":1421,"engine":{"jobs_submitted":1421,"jobs_started":1421,"jobs_finished":1420,"current_job_start_ms":1785595820846,"last_submit_ms":1785595820845,"last_drain_enter_ms":1785595820846,"last_drain_exit_ms":1785595820844,"device_errors":0,"device_lost":1,"caller_stall_probes":178,"pending_readbacks":0,"queue_len":0,"signal":1421,"now_ms":1785596730448},"t":1785596730448}
+ true
+ ps axo rss,comm
+ grep -i 'Google Chrome Helper (GPU)'
+ sort -rn
+ head -1
++ date +%T
+ awk -v t=11:05:32 '{printf "[rss] %s gpu-helper %.0f MB\n", t, $1/1024}'
+ sleep 20
[page] [jolt-webgpu] engine.run caller stalled 914564 ms: {"jobs_submitted":1421,"jobs_started":1421,"jobs_finished":1420,"current_job_start_ms":1785595820846,"last_submit_ms":1785595820845,"last_drain_enter_ms":1785595820846,"last_drain_exit_ms":1785595820844,"device_errors":0,"device_lost":1,"caller_stall_probes":179,"pending_readbacks":0,"queue_len":0,"signal":1421,"now_ms":1785596735409}
[page] [gpu-worker][wedge] {"kind":"device","drainTraps":0,"rescuedWakeups":0,"signal":1,"engine":{"jobs_submitted":1,"jobs_started":1,"jobs_finished":1,"current_job_start_ms":0,"last_submit_ms":1785595670420,"last_drain_enter_ms":1785596735468,"last_drain_exit_ms":1785596735468,"device_errors":0,"device_lost":1,"caller_stall_probes":0,"pending_readbacks":0,"queue_len":0,"signal":1,"now_ms":1785596735468},"t":1785596735468}
[page] [gpu-worker][wedge] {"kind":"stall","jobDied":false,"stuckJob":true,"jobAgeMs":914622,"drainTraps":0,"rescuedWakeups":0,"signal":1421,"engine":{"jobs_submitted":1421,"jobs_started":1421,"jobs_finished":1420,"current_job_start_ms":1785595820846,"last_submit_ms":1785595820845,"last_drain_enter_ms":1785595820846,"last_drain_exit_ms":1785595820844,"device_errors":0,"device_lost":1,"caller_stall_probes":179,"pending_readbacks":0,"queue_len":0,"signal":1421,"now_ms":1785596735469},"t":1785596735469}
[page] [gpu-worker][wedge] {"kind":"stall","jobDied":false,"stuckJob":true,"jobAgeMs":919574,"drainTraps":0,"rescuedWakeups":0,"signal":1421,"engine":{"jobs_submitted":1421,"jobs_started":1421,"jobs_finished":1420,"current_job_start_ms":1785595820846,"last_submit_ms":1785595820845,"last_drain_enter_ms":1785595820846,"last_drain_exit_ms":1785595820844,"device_errors":0,"device_lost":1,"caller_stall_probes":179,"pending_readbacks":0,"queue_len":0,"signal":1421,"now_ms":1785596740420},"t":1785596740420}
[page] [gpu-worker][wedge] {"kind":"device","drainTraps":0,"rescuedWakeups":0,"signal":1,"engine":{"jobs_submitted":1,"jobs_started":1,"jobs_finished":1,"current_job_start_ms":0,"last_submit_ms":1785595670420,"last_drain_enter_ms":1785596740317,"last_drain_exit_ms":1785596740317,"device_errors":0,"device_lost":1,"caller_stall_probes":0,"pending_readbacks":0,"queue_len":0,"signal":1,"now_ms":1785596740420},"t":1785596740420}
[page] [jolt-webgpu] engine.run caller stalled 919699 ms: {"jobs_submitted":1421,"jobs_started":1421,"jobs_finished":1420,"current_job_start_ms":1785595820846,"last_submit_ms":1785595820845,"last_drain_enter_ms":1785595820846,"last_drain_exit_ms":1785595820844,"device_errors":0,"device_lost":1,"caller_stall_probes":180,"pending_readbacks":0,"queue_len":0,"signal":1421,"now_ms":1785596740544}
[page] [gpu-worker][wedge] {"kind":"device","drainTraps":0,"rescuedWakeups":0,"signal":1,"engine":{"jobs_submitted":1,"jobs_started":1,"jobs_finished":1,"current_job_start_ms":0,"last_submit_ms":1785595670420,"last_drain_enter_ms":1785596745449,"last_drain_exit_ms":1785596745449,"device_errors":0,"device_lost":1,"caller_stall_probes":0,"pending_readbacks":0,"queue_len":0,"signal":1,"now_ms":1785596745449},"t":1785596745449}
[page] [gpu-worker][wedge] {"kind":"stall","jobDied":false,"stuckJob":true,"jobAgeMs":924604,"drainTraps":0,"rescuedWakeups":0,"signal":1421,"engine":{"jobs_submitted":1421,"jobs_started":1421,"jobs_finished":1420,"current_job_start_ms":1785595820846,"last_submit_ms":1785595820845,"last_drain_enter_ms":1785595820846,"last_drain_exit_ms":1785595820844,"device_errors":0,"device_lost":1,"caller_stall_probes":180,"pending_readbacks":0,"queue_len":0,"signal":1421,"now_ms":1785596745450},"t":1785596745450}
[page] [jolt-webgpu] engine.run caller stalled 924824 ms: {"jobs_submitted":1421,"jobs_started":1421,"jobs_finished":1420,"current_job_start_ms":1785595820846,"last_submit_ms":1785595820845,"last_drain_enter_ms":1785595820846,"last_drain_exit_ms":1785595820844,"device_errors":0,"device_lost":1,"caller_stall_probes":181,"pending_readbacks":0,"queue_len":0,"signal":1421,"now_ms":1785596745669}
[page] [gpu-worker][wedge] {"kind":"device","drainTraps":0,"rescuedWakeups":0,"signal":1,"engine":{"jobs_submitted":1,"jobs_started":1,"jobs_finished":1,"current_job_start_ms":0,"last_submit_ms":1785595670420,"last_drain_enter_ms":1785596750508,"last_drain_exit_ms":1785596750508,"device_errors":0,"device_lost":1,"caller_stall_probes":0,"pending_readbacks":0,"queue_len":0,"signal":1,"now_ms":1785596750508},"t":1785596750508}
[page] [gpu-worker][wedge] {"kind":"stall","jobDied":false,"stuckJob":true,"jobAgeMs":929663,"drainTraps":0,"rescuedWakeups":0,"signal":1421,"engine":{"jobs_submitted":1421,"jobs_started":1421,"jobs_finished":1420,"current_job_start_ms":1785595820846,"last_submit_ms":1785595820845,"last_drain_enter_ms":1785595820846,"last_drain_exit_ms":1785595820844,"device_errors":0,"device_lost":1,"caller_stall_probes":181,"pending_readbacks":0,"queue_len":0,"signal":1421,"now_ms":1785596750509},"t":1785596750509}
[page] [jolt-webgpu] engine.run caller stalled 929964 ms: {"jobs_submitted":1421,"jobs_started":1421,"jobs_finished":1420,"current_job_start_ms":1785595820846,"last_submit_ms":1785595820845,"last_drain_enter_ms":1785595820846,"last_drain_exit_ms":1785595820844,"device_errors":0,"device_lost":1,"caller_stall_probes":182,"pending_readbacks":0,"queue_len":0,"signal":1421,"now_ms":1785596750809}
+ true
+ ps axo rss,comm
+ grep -i 'Google Chrome Helper (GPU)'
+ sort -rn
+ head -1
++ date +%T
+ awk -v t=11:05:52 '{printf "[rss] %s gpu-helper %.0f MB\n", t, $1/1024}'
+ sleep 20
[page] [gpu-worker][wedge] {"kind":"device","drainTraps":0,"rescuedWakeups":0,"signal":1,"engine":{"jobs_submitted":1,"jobs_started":1,"jobs_finished":1,"current_job_start_ms":0,"last_submit_ms":1785595670420,"last_drain_enter_ms":1785596755372,"last_drain_exit_ms":1785596755372,"device_errors":0,"device_lost":1,"caller_stall_probes":0,"pending_readbacks":0,"queue_len":0,"signal":1,"now_ms":1785596755448},"t":1785596755448}
[page] [gpu-worker][wedge] {"kind":"stall","jobDied":false,"stuckJob":true,"jobAgeMs":934603,"drainTraps":0,"rescuedWakeups":0,"signal":1421,"engine":{"jobs_submitted":1421,"jobs_started":1421,"jobs_finished":1420,"current_job_start_ms":1785595820846,"last_submit_ms":1785595820845,"last_drain_enter_ms":1785595820846,"last_drain_exit_ms":1785595820844,"device_errors":0,"device_lost":1,"caller_stall_probes":182,"pending_readbacks":0,"queue_len":0,"signal":1421,"now_ms":1785596755449},"t":1785596755449}
[page] [jolt-webgpu] engine.run caller stalled 935115 ms: {"jobs_submitted":1421,"jobs_started":1421,"jobs_finished":1420,"current_job_start_ms":1785595820846,"last_submit_ms":1785595820845,"last_drain_enter_ms":1785595820846,"last_drain_exit_ms":1785595820844,"device_errors":0,"device_lost":1,"caller_stall_probes":183,"pending_readbacks":0,"queue_len":0,"signal":1421,"now_ms":1785596755960}
[page] [gpu-worker][wedge] {"kind":"device","drainTraps":0,"rescuedWakeups":0,"signal":1,"engine":{"jobs_submitted":1,"jobs_started":1,"jobs_finished":1,"current_job_start_ms":0,"last_submit_ms":1785595670420,"last_drain_enter_ms":1785596760333,"last_drain_exit_ms":1785596760333,"device_errors":0,"device_lost":1,"caller_stall_probes":0,"pending_readbacks":0,"queue_len":0,"signal":1,"now_ms":1785596760458},"t":1785596760458}
[page] [gpu-worker][wedge] {"kind":"stall","jobDied":false,"stuckJob":true,"jobAgeMs":939613,"drainTraps":0,"rescuedWakeups":0,"signal":1421,"engine":{"jobs_submitted":1421,"jobs_started":1421,"jobs_finished":1420,"current_job_start_ms":1785595820846,"last_submit_ms":1785595820845,"last_drain_enter_ms":1785595820846,"last_drain_exit_ms":1785595820844,"device_errors":0,"device_lost":1,"caller_stall_probes":183,"pending_readbacks":0,"queue_len":0,"signal":1421,"now_ms":1785596760459},"t":1785596760459}
[page] [jolt-webgpu] engine.run caller stalled 940237 ms: {"jobs_submitted":1421,"jobs_started":1421,"jobs_finished":1420,"current_job_start_ms":1785595820846,"last_submit_ms":1785595820845,"last_drain_enter_ms":1785595820846,"last_drain_exit_ms":1785595820844,"device_errors":0,"device_lost":1,"caller_stall_probes":184,"pending_readbacks":0,"queue_len":0,"signal":1421,"now_ms":1785596761082}
[page] [gpu-worker][wedge] {"kind":"stall","jobDied":false,"stuckJob":true,"jobAgeMs":944609,"drainTraps":0,"rescuedWakeups":0,"signal":1421,"engine":{"jobs_submitted":1421,"jobs_started":1421,"jobs_finished":1420,"current_job_start_ms":1785595820846,"last_submit_ms":1785595820845,"last_drain_enter_ms":1785595820846,"last_drain_exit_ms":1785595820844,"device_errors":0,"device_lost":1,"caller_stall_probes":184,"pending_readbacks":0,"queue_len":0,"signal":1421,"now_ms":1785596765455},"t":1785596765455}
[page] [gpu-worker][wedge] {"kind":"device","drainTraps":0,"rescuedWakeups":0,"signal":1,"engine":{"jobs_submitted":1,"jobs_started":1,"jobs_finished":1,"current_job_start_ms":0,"last_submit_ms":1785595670420,"last_drain_enter_ms":1785596765326,"last_drain_exit_ms":1785596765326,"device_errors":0,"device_lost":1,"caller_stall_probes":0,"pending_readbacks":0,"queue_len":0,"signal":1,"now_ms":1785596765455},"t":1785596765455}
[page] [jolt-webgpu] engine.run caller stalled 945388 ms: {"jobs_submitted":1421,"jobs_started":1421,"jobs_finished":1420,"current_job_start_ms":1785595820846,"last_submit_ms":1785595820845,"last_drain_enter_ms":1785595820846,"last_drain_exit_ms":1785595820844,"device_errors":0,"device_lost":1,"caller_stall_probes":185,"pending_readbacks":0,"queue_len":0,"signal":1421,"now_ms":1785596766233}
[page] [gpu-worker][wedge] {"kind":"device","drainTraps":0,"rescuedWakeups":0,"signal":1,"engine":{"jobs_submitted":1,"jobs_started":1,"jobs_finished":1,"current_job_start_ms":0,"last_submit_ms":1785595670420,"last_drain_enter_ms":1785596770348,"last_drain_exit_ms":1785596770348,"device_errors":0,"device_lost":1,"caller_stall_probes":0,"pending_readbacks":0,"queue_len":0,"signal":1,"now_ms":1785596770425},"t":1785596770425}
[page] [gpu-worker][wedge] {"kind":"stall","jobDied":false,"stuckJob":true,"jobAgeMs":949580,"drainTraps":0,"rescuedWakeups":0,"signal":1421,"engine":{"jobs_submitted":1421,"jobs_started":1421,"jobs_finished":1420,"current_job_start_ms":1785595820846,"last_submit_ms":1785595820845,"last_drain_enter_ms":1785595820846,"last_drain_exit_ms":1785595820844,"device_errors":0,"device_lost":1,"caller_stall_probes":185,"pending_readbacks":0,"queue_len":0,"signal":1421,"now_ms":1785596770426},"t":1785596770426}
[page] [jolt-webgpu] engine.run caller stalled 950505 ms: {"jobs_submitted":1421,"jobs_started":1421,"jobs_finished":1420,"current_job_start_ms":1785595820846,"last_submit_ms":1785595820845,"last_drain_enter_ms":1785595820846,"last_drain_exit_ms":1785595820844,"device_errors":0,"device_lost":1,"caller_stall_probes":186,"pending_readbacks":0,"queue_len":0,"signal":1421,"now_ms":1785596771350}
+ true
+ ps axo rss,comm
+ grep -i 'Google Chrome Helper (GPU)'
+ sort -rn
+ head -1
++ date +%T
+ awk -v t=11:06:12 '{printf "[rss] %s gpu-helper %.0f MB\n", t, $1/1024}'
+ sleep 20
[page] [gpu-worker][wedge] {"kind":"device","drainTraps":0,"rescuedWakeups":0,"signal":1,"engine":{"jobs_submitted":1,"jobs_started":1,"jobs_finished":1,"current_job_start_ms":0,"last_submit_ms":1785595670420,"last_drain_enter_ms":1785596775303,"last_drain_exit_ms":1785596775303,"device_errors":0,"device_lost":1,"caller_stall_probes":0,"pending_readbacks":0,"queue_len":0,"signal":1,"now_ms":1785596775410},"t":1785596775410}
[page] [gpu-worker][wedge] {"kind":"stall","jobDied":false,"stuckJob":true,"jobAgeMs":954565,"drainTraps":0,"rescuedWakeups":0,"signal":1421,"engine":{"jobs_submitted":1421,"jobs_started":1421,"jobs_finished":1420,"current_job_start_ms":1785595820846,"last_submit_ms":1785595820845,"last_drain_enter_ms":1785595820846,"last_drain_exit_ms":1785595820844,"device_errors":0,"device_lost":1,"caller_stall_probes":186,"pending_readbacks":0,"queue_len":0,"signal":1421,"now_ms":1785596775411},"t":1785596775411}
[page] [jolt-webgpu] engine.run caller stalled 955514 ms: {"jobs_submitted":1421,"jobs_started":1421,"jobs_finished":1420,"current_job_start_ms":1785595820846,"last_submit_ms":1785595820845,"last_drain_enter_ms":1785595820846,"last_drain_exit_ms":1785595820844,"device_errors":0,"device_lost":1,"caller_stall_probes":187,"pending_readbacks":0,"queue_len":0,"signal":1421,"now_ms":1785596776359}
[page] [gpu-worker][wedge] {"kind":"stall","jobDied":false,"stuckJob":true,"jobAgeMs":959678,"drainTraps":0,"rescuedWakeups":0,"signal":1421,"engine":{"jobs_submitted":1421,"jobs_started":1421,"jobs_finished":1420,"current_job_start_ms":1785595820846,"last_submit_ms":1785595820845,"last_drain_enter_ms":1785595820846,"last_drain_exit_ms":1785595820844,"device_errors":0,"device_lost":1,"caller_stall_probes":187,"pending_readbacks":0,"queue_len":0,"signal":1421,"now_ms":1785596780524},"t":1785596780524}
[page] [gpu-worker][wedge] {"kind":"device","drainTraps":0,"rescuedWakeups":0,"signal":1,"engine":{"jobs_submitted":1,"jobs_started":1,"jobs_finished":1,"current_job_start_ms":0,"last_submit_ms":1785595670420,"last_drain_enter_ms":1785596780309,"last_drain_exit_ms":1785596780309,"device_errors":0,"device_lost":1,"caller_stall_probes":0,"pending_readbacks":0,"queue_len":0,"signal":1,"now_ms":1785596780524},"t":1785596780524}
[page] [jolt-webgpu] engine.run caller stalled 960523 ms: {"jobs_submitted":1421,"jobs_started":1421,"jobs_finished":1420,"current_job_start_ms":1785595820846,"last_submit_ms":1785595820845,"last_drain_enter_ms":1785595820846,"last_drain_exit_ms":1785595820844,"device_errors":0,"device_lost":1,"caller_stall_probes":188,"pending_readbacks":0,"queue_len":0,"signal":1421,"now_ms":1785596781368}
[page] [gpu-worker][wedge] {"kind":"device","drainTraps":0,"rescuedWakeups":0,"signal":1,"engine":{"jobs_submitted":1,"jobs_started":1,"jobs_finished":1,"current_job_start_ms":0,"last_submit_ms":1785595670420,"last_drain_enter_ms":1785596785298,"last_drain_exit_ms":1785596785298,"device_errors":0,"device_lost":1,"caller_stall_probes":0,"pending_readbacks":0,"queue_len":0,"signal":1,"now_ms":1785596785461},"t":1785596785461}
[page] [gpu-worker][wedge] {"kind":"stall","jobDied":false,"stuckJob":true,"jobAgeMs":964615,"drainTraps":0,"rescuedWakeups":0,"signal":1421,"engine":{"jobs_submitted":1421,"jobs_started":1421,"jobs_finished":1420,"current_job_start_ms":1785595820846,"last_submit_ms":1785595820845,"last_drain_enter_ms":1785595820846,"last_drain_exit_ms":1785595820844,"device_errors":0,"device_lost":1,"caller_stall_probes":188,"pending_readbacks":0,"queue_len":0,"signal":1421,"now_ms":1785596785461},"t":1785596785461}
[page] [jolt-webgpu] engine.run caller stalled 965531 ms: {"jobs_submitted":1421,"jobs_started":1421,"jobs_finished":1420,"current_job_start_ms":1785595820846,"last_submit_ms":1785595820845,"last_drain_enter_ms":1785595820846,"last_drain_exit_ms":1785595820844,"device_errors":0,"device_lost":1,"caller_stall_probes":189,"pending_readbacks":0,"queue_len":0,"signal":1421,"now_ms":1785596786376}
[page] [gpu-worker][wedge] {"kind":"device","drainTraps":0,"rescuedWakeups":0,"signal":1,"engine":{"jobs_submitted":1,"jobs_started":1,"jobs_finished":1,"current_job_start_ms":0,"last_submit_ms":1785595670420,"last_drain_enter_ms":1785596790392,"last_drain_exit_ms":1785596790392,"device_errors":0,"device_lost":1,"caller_stall_probes":0,"pending_readbacks":0,"queue_len":0,"signal":1,"now_ms":1785596790408},"t":1785596790408}
[page] [gpu-worker][wedge] {"kind":"stall","jobDied":false,"stuckJob":true,"jobAgeMs":969563,"drainTraps":0,"rescuedWakeups":0,"signal":1421,"engine":{"jobs_submitted":1421,"jobs_started":1421,"jobs_finished":1420,"current_job_start_ms":1785595820846,"last_submit_ms":1785595820845,"last_drain_enter_ms":1785595820846,"last_drain_exit_ms":1785595820844,"device_errors":0,"device_lost":1,"caller_stall_probes":189,"pending_readbacks":0,"queue_len":0,"signal":1421,"now_ms":1785596790409},"t":1785596790409}
[page] [jolt-webgpu] engine.run caller stalled 970676 ms: {"jobs_submitted":1421,"jobs_started":1421,"jobs_finished":1420,"current_job_start_ms":1785595820846,"last_submit_ms":1785595820845,"last_drain_enter_ms":1785595820846,"last_drain_exit_ms":1785595820844,"device_errors":0,"device_lost":1,"caller_stall_probes":190,"pending_readbacks":0,"queue_len":0,"signal":1421,"now_ms":1785596791521}
+ true
+ ps axo rss,comm
+ grep -i 'Google Chrome Helper (GPU)'
+ head -1
+ sort -rn
++ date +%T
+ awk -v t=11:06:32 '{printf "[rss] %s gpu-helper %.0f MB\n", t, $1/1024}'
+ sleep 20
[page] [gpu-worker][wedge] {"kind":"device","drainTraps":0,"rescuedWakeups":0,"signal":1,"engine":{"jobs_submitted":1,"jobs_started":1,"jobs_finished":1,"current_job_start_ms":0,"last_submit_ms":1785595670420,"last_drain_enter_ms":1785596795397,"last_drain_exit_ms":1785596795397,"device_errors":0,"device_lost":1,"caller_stall_probes":0,"pending_readbacks":0,"queue_len":0,"signal":1,"now_ms":1785596795398},"t":1785596795398}
[page] [gpu-worker][wedge] {"kind":"stall","jobDied":false,"stuckJob":true,"jobAgeMs":974552,"drainTraps":0,"rescuedWakeups":0,"signal":1421,"engine":{"jobs_submitted":1421,"jobs_started":1421,"jobs_finished":1420,"current_job_start_ms":1785595820846,"last_submit_ms":1785595820845,"last_drain_enter_ms":1785595820846,"last_drain_exit_ms":1785595820844,"device_errors":0,"device_lost":1,"caller_stall_probes":190,"pending_readbacks":0,"queue_len":0,"signal":1421,"now_ms":1785596795398},"t":1785596795398}
[page] [jolt-webgpu] engine.run caller stalled 975820 ms: {"jobs_submitted":1421,"jobs_started":1421,"jobs_finished":1420,"current_job_start_ms":1785595820846,"last_submit_ms":1785595820845,"last_drain_enter_ms":1785595820846,"last_drain_exit_ms":1785595820844,"device_errors":0,"device_lost":1,"caller_stall_probes":191,"pending_readbacks":0,"queue_len":0,"signal":1421,"now_ms":1785596796665}
[page] [gpu-worker][wedge] {"kind":"device","drainTraps":0,"rescuedWakeups":0,"signal":1,"engine":{"jobs_submitted":1,"jobs_started":1,"jobs_finished":1,"current_job_start_ms":0,"last_submit_ms":1785595670420,"last_drain_enter_ms":1785596800529,"last_drain_exit_ms":1785596800529,"device_errors":0,"device_lost":1,"caller_stall_probes":0,"pending_readbacks":0,"queue_len":0,"signal":1,"now_ms":1785596800530},"t":1785596800530}
[page] [gpu-worker][wedge] {"kind":"stall","jobDied":false,"stuckJob":true,"jobAgeMs":979683,"drainTraps":0,"rescuedWakeups":0,"signal":1421,"engine":{"jobs_submitted":1421,"jobs_started":1421,"jobs_finished":1420,"current_job_start_ms":1785595820846,"last_submit_ms":1785595820845,"last_drain_enter_ms":1785595820846,"last_drain_exit_ms":1785595820844,"device_errors":0,"device_lost":1,"caller_stall_probes":191,"pending_readbacks":0,"queue_len":0,"signal":1421,"now_ms":1785596800530},"t":1785596800530}
[page] [jolt-webgpu] engine.run caller stalled 980888 ms: {"jobs_submitted":1421,"jobs_started":1421,"jobs_finished":1420,"current_job_start_ms":1785595820846,"last_submit_ms":1785595820845,"last_drain_enter_ms":1785595820846,"last_drain_exit_ms":1785595820844,"device_errors":0,"device_lost":1,"caller_stall_probes":192,"pending_readbacks":0,"queue_len":0,"signal":1421,"now_ms":1785596801733}
[page] [gpu-worker][wedge] {"kind":"device","drainTraps":0,"rescuedWakeups":0,"signal":1,"engine":{"jobs_submitted":1,"jobs_started":1,"jobs_finished":1,"current_job_start_ms":0,"last_submit_ms":1785595670420,"last_drain_enter_ms":1785596805456,"last_drain_exit_ms":1785596805456,"device_errors":0,"device_lost":1,"caller_stall_probes":0,"pending_readbacks":0,"queue_len":0,"signal":1,"now_ms":1785596805456},"t":1785596805456}
[page] [gpu-worker][wedge] {"kind":"stall","jobDied":false,"stuckJob":true,"jobAgeMs":984611,"drainTraps":0,"rescuedWakeups":0,"signal":1421,"engine":{"jobs_submitted":1421,"jobs_started":1421,"jobs_finished":1420,"current_job_start_ms":1785595820846,"last_submit_ms":1785595820845,"last_drain_enter_ms":1785595820846,"last_drain_exit_ms":1785595820844,"device_errors":0,"device_lost":1,"caller_stall_probes":192,"pending_readbacks":0,"queue_len":0,"signal":1421,"now_ms":1785596805457},"t":1785596805457}
[page] [jolt-webgpu] engine.run caller stalled 986039 ms: {"jobs_submitted":1421,"jobs_started":1421,"jobs_finished":1420,"current_job_start_ms":1785595820846,"last_submit_ms":1785595820845,"last_drain_enter_ms":1785595820846,"last_drain_exit_ms":1785595820844,"device_errors":0,"device_lost":1,"caller_stall_probes":193,"pending_readbacks":0,"queue_len":0,"signal":1421,"now_ms":1785596806884}
[page] [gpu-worker][wedge] {"kind":"device","drainTraps":0,"rescuedWakeups":0,"signal":1,"engine":{"jobs_submitted":1,"jobs_started":1,"jobs_finished":1,"current_job_start_ms":0,"last_submit_ms":1785595670420,"last_drain_enter_ms":1785596810430,"last_drain_exit_ms":1785596810430,"device_errors":0,"device_lost":1,"caller_stall_probes":0,"pending_readbacks":0,"queue_len":0,"signal":1,"now_ms":1785596810430},"t":1785596810430}
[page] [gpu-worker][wedge] {"kind":"stall","jobDied":false,"stuckJob":true,"jobAgeMs":989584,"drainTraps":0,"rescuedWakeups":0,"signal":1421,"engine":{"jobs_submitted":1421,"jobs_started":1421,"jobs_finished":1420,"current_job_start_ms":1785595820846,"last_submit_ms":1785595820845,"last_drain_enter_ms":1785595820846,"last_drain_exit_ms":1785595820844,"device_errors":0,"device_lost":1,"caller_stall_probes":193,"pending_readbacks":0,"queue_len":0,"signal":1421,"now_ms":1785596810430},"t":1785596810430}
[page] [jolt-webgpu] engine.run caller stalled 991173 ms: {"jobs_submitted":1421,"jobs_started":1421,"jobs_finished":1420,"current_job_start_ms":1785595820846,"last_submit_ms":1785595820845,"last_drain_enter_ms":1785595820846,"last_drain_exit_ms":1785595820844,"device_errors":0,"device_lost":1,"caller_stall_probes":194,"pending_readbacks":0,"queue_len":0,"signal":1421,"now_ms":1785596812018}
+ true
+ ps axo rss,comm
+ grep -i 'Google Chrome Helper (GPU)'
+ head -1
+ sort -rn
++ date +%T
+ awk -v t=11:06:52 '{printf "[rss] %s gpu-helper %.0f MB\n", t, $1/1024}'
+ sleep 20
[page] [gpu-worker][wedge] {"kind":"device","drainTraps":0,"rescuedWakeups":0,"signal":1,"engine":{"jobs_submitted":1,"jobs_started":1,"jobs_finished":1,"current_job_start_ms":0,"last_submit_ms":1785595670420,"last_drain_enter_ms":1785596815297,"last_drain_exit_ms":1785596815297,"device_errors":0,"device_lost":1,"caller_stall_probes":0,"pending_readbacks":0,"queue_len":0,"signal":1,"now_ms":1785596815491},"t":1785596815491}
[page] [gpu-worker][wedge] {"kind":"stall","jobDied":false,"stuckJob":true,"jobAgeMs":994646,"drainTraps":0,"rescuedWakeups":0,"signal":1421,"engine":{"jobs_submitted":1421,"jobs_started":1421,"jobs_finished":1420,"current_job_start_ms":1785595820846,"last_submit_ms":1785595820845,"last_drain_enter_ms":1785595820846,"last_drain_exit_ms":1785595820844,"device_errors":0,"device_lost":1,"caller_stall_probes":194,"pending_readbacks":0,"queue_len":0,"signal":1421,"now_ms":1785596815492},"t":1785596815492}
[page] [jolt-webgpu] engine.run caller stalled 996314 ms: {"jobs_submitted":1421,"jobs_started":1421,"jobs_finished":1420,"current_job_start_ms":1785595820846,"last_submit_ms":1785595820845,"last_drain_enter_ms":1785595820846,"last_drain_exit_ms":1785595820844,"device_errors":0,"device_lost":1,"caller_stall_probes":195,"pending_readbacks":0,"queue_len":0,"signal":1421,"now_ms":1785596817159}
[page] [gpu-worker][wedge] {"kind":"stall","jobDied":false,"stuckJob":true,"jobAgeMs":999588,"drainTraps":0,"rescuedWakeups":0,"signal":1421,"engine":{"jobs_submitted":1421,"jobs_started":1421,"jobs_finished":1420,"current_job_start_ms":1785595820846,"last_submit_ms":1785595820845,"last_drain_enter_ms":1785595820846,"last_drain_exit_ms":1785595820844,"device_errors":0,"device_lost":1,"caller_stall_probes":195,"pending_readbacks":0,"queue_len":0,"signal":1421,"now_ms":1785596820434},"t":1785596820434}
[page] [gpu-worker][wedge] {"kind":"device","drainTraps":0,"rescuedWakeups":0,"signal":1,"engine":{"jobs_submitted":1,"jobs_started":1,"jobs_finished":1,"current_job_start_ms":0,"last_submit_ms":1785595670420,"last_drain_enter_ms":1785596820435,"last_drain_exit_ms":1785596820435,"device_errors":0,"device_lost":1,"caller_stall_probes":0,"pending_readbacks":0,"queue_len":0,"signal":1,"now_ms":1785596820435},"t":1785596820435}
[page] [jolt-webgpu] engine.run caller stalled 1001453 ms: {"jobs_submitted":1421,"jobs_started":1421,"jobs_finished":1420,"current_job_start_ms":1785595820846,"last_submit_ms":1785595820845,"last_drain_enter_ms":1785595820846,"last_drain_exit_ms":1785595820844,"device_errors":0,"device_lost":1,"caller_stall_probes":196,"pending_readbacks":0,"queue_len":0,"signal":1421,"now_ms":1785596822298}
[page] [gpu-worker][wedge] {"kind":"device","drainTraps":0,"rescuedWakeups":0,"signal":1,"engine":{"jobs_submitted":1,"jobs_started":1,"jobs_finished":1,"current_job_start_ms":0,"last_submit_ms":1785595670420,"last_drain_enter_ms":1785596825448,"last_drain_exit_ms":1785596825448,"device_errors":0,"device_lost":1,"caller_stall_probes":0,"pending_readbacks":0,"queue_len":0,"signal":1,"now_ms":1785596825448},"t":1785596825448}
[page] [gpu-worker][wedge] {"kind":"stall","jobDied":false,"stuckJob":true,"jobAgeMs":1004603,"drainTraps":0,"rescuedWakeups":0,"signal":1421,"engine":{"jobs_submitted":1421,"jobs_started":1421,"jobs_finished":1420,"current_job_start_ms":1785595820846,"last_submit_ms":1785595820845,"last_drain_enter_ms":1785595820846,"last_drain_exit_ms":1785595820844,"device_errors":0,"device_lost":1,"caller_stall_probes":196,"pending_readbacks":0,"queue_len":0,"signal":1421,"now_ms":1785596825449},"t":1785596825449}
[page] [jolt-webgpu] engine.run caller stalled 1006566 ms: {"jobs_submitted":1421,"jobs_started":1421,"jobs_finished":1420,"current_job_start_ms":1785595820846,"last_submit_ms":1785595820845,"last_drain_enter_ms":1785595820846,"last_drain_exit_ms":1785595820844,"device_errors":0,"device_lost":1,"caller_stall_probes":197,"pending_readbacks":0,"queue_len":0,"signal":1421,"now_ms":1785596827411}
[page] [gpu-worker][wedge] {"kind":"device","drainTraps":0,"rescuedWakeups":0,"signal":1,"engine":{"jobs_submitted":1,"jobs_started":1,"jobs_finished":1,"current_job_start_ms":0,"last_submit_ms":1785595670420,"last_drain_enter_ms":1785596830391,"last_drain_exit_ms":1785596830391,"device_errors":0,"device_lost":1,"caller_stall_probes":0,"pending_readbacks":0,"queue_len":0,"signal":1,"now_ms":1785596830409},"t":1785596830409}
[page] [gpu-worker][wedge] {"kind":"stall","jobDied":false,"stuckJob":true,"jobAgeMs":1009564,"drainTraps":0,"rescuedWakeups":0,"signal":1421,"engine":{"jobs_submitted":1421,"jobs_started":1421,"jobs_finished":1420,"current_job_start_ms":1785595820846,"last_submit_ms":1785595820845,"last_drain_enter_ms":1785595820846,"last_drain_exit_ms":1785595820844,"device_errors":0,"device_lost":1,"caller_stall_probes":197,"pending_readbacks":0,"queue_len":0,"signal":1421,"now_ms":1785596830410},"t":1785596830410}
[page] [jolt-webgpu] engine.run caller stalled 1011686 ms: {"jobs_submitted":1421,"jobs_started":1421,"jobs_finished":1420,"current_job_start_ms":1785595820846,"last_submit_ms":1785595820845,"last_drain_enter_ms":1785595820846,"last_drain_exit_ms":1785595820844,"device_errors":0,"device_lost":1,"caller_stall_probes":198,"pending_readbacks":0,"queue_len":0,"signal":1421,"now_ms":1785596832531}
+ true
+ ps axo rss,comm
+ grep -i 'Google Chrome Helper (GPU)'
+ sort -rn
+ head -1
++ date +%T
+ awk -v t=11:07:12 '{printf "[rss] %s gpu-helper %.0f MB\n", t, $1/1024}'
+ sleep 20
[page] [gpu-worker][wedge] {"kind":"stall","jobDied":false,"stuckJob":true,"jobAgeMs":1014586,"drainTraps":0,"rescuedWakeups":0,"signal":1421,"engine":{"jobs_submitted":1421,"jobs_started":1421,"jobs_finished":1420,"current_job_start_ms":1785595820846,"last_submit_ms":1785595820845,"last_drain_enter_ms":1785595820846,"last_drain_exit_ms":1785595820844,"device_errors":0,"device_lost":1,"caller_stall_probes":198,"pending_readbacks":0,"queue_len":0,"signal":1421,"now_ms":1785596835432},"t":1785596835432}
[page] [gpu-worker][wedge] {"kind":"device","drainTraps":0,"rescuedWakeups":0,"signal":1,"engine":{"jobs_submitted":1,"jobs_started":1,"jobs_finished":1,"current_job_start_ms":0,"last_submit_ms":1785595670420,"last_drain_enter_ms":1785596835433,"last_drain_exit_ms":1785596835433,"device_errors":0,"device_lost":1,"caller_stall_probes":0,"pending_readbacks":0,"queue_len":0,"signal":1,"now_ms":1785596835433},"t":1785596835433}
[page] [jolt-webgpu] engine.run caller stalled 1016693 ms: {"jobs_submitted":1421,"jobs_started":1421,"jobs_finished":1420,"current_job_start_ms":1785595820846,"last_submit_ms":1785595820845,"last_drain_enter_ms":1785595820846,"last_drain_exit_ms":1785595820844,"device_errors":0,"device_lost":1,"caller_stall_probes":199,"pending_readbacks":0,"queue_len":0,"signal":1421,"now_ms":1785596837538}
[page] [gpu-worker][wedge] {"kind":"device","drainTraps":0,"rescuedWakeups":0,"signal":1,"engine":{"jobs_submitted":1,"jobs_started":1,"jobs_finished":1,"current_job_start_ms":0,"last_submit_ms":1785595670420,"last_drain_enter_ms":1785596840384,"last_drain_exit_ms":1785596840384,"device_errors":0,"device_lost":1,"caller_stall_probes":0,"pending_readbacks":0,"queue_len":0,"signal":1,"now_ms":1785596840418},"t":1785596840418}
[page] [gpu-worker][wedge] {"kind":"stall","jobDied":false,"stuckJob":true,"jobAgeMs":1019573,"drainTraps":0,"rescuedWakeups":0,"signal":1421,"engine":{"jobs_submitted":1421,"jobs_started":1421,"jobs_finished":1420,"current_job_start_ms":1785595820846,"last_submit_ms":1785595820845,"last_drain_enter_ms":1785595820846,"last_drain_exit_ms":1785595820844,"device_errors":0,"device_lost":1,"caller_stall_probes":199,"pending_readbacks":0,"queue_len":0,"signal":1421,"now_ms":1785596840419},"t":1785596840419}
[page] [jolt-webgpu] engine.run caller stalled 1021794 ms: {"jobs_submitted":1421,"jobs_started":1421,"jobs_finished":1420,"current_job_start_ms":1785595820846,"last_submit_ms":1785595820845,"last_drain_enter_ms":1785595820846,"last_drain_exit_ms":1785595820844,"device_errors":0,"device_lost":1,"caller_stall_probes":200,"pending_readbacks":0,"queue_len":0,"signal":1421,"now_ms":1785596842639}
[page] [gpu-worker][wedge] {"kind":"stall","jobDied":false,"stuckJob":true,"jobAgeMs":1024635,"drainTraps":0,"rescuedWakeups":0,"signal":1421,"engine":{"jobs_submitted":1421,"jobs_started":1421,"jobs_finished":1420,"current_job_start_ms":1785595820846,"last_submit_ms":1785595820845,"last_drain_enter_ms":1785595820846,"last_drain_exit_ms":1785595820844,"device_errors":0,"device_lost":1,"caller_stall_probes":200,"pending_readbacks":0,"queue_len":0,"signal":1421,"now_ms":1785596845481},"t":1785596845481}
[page] [gpu-worker][wedge] {"kind":"device","drainTraps":0,"rescuedWakeups":0,"signal":1,"engine":{"jobs_submitted":1,"jobs_started":1,"jobs_finished":1,"current_job_start_ms":0,"last_submit_ms":1785595670420,"last_drain_enter_ms":1785596845482,"last_drain_exit_ms":1785596845482,"device_errors":0,"device_lost":1,"caller_stall_probes":0,"pending_readbacks":0,"queue_len":0,"signal":1,"now_ms":1785596845482},"t":1785596845482}
[page] [jolt-webgpu] engine.run caller stalled 1026945 ms: {"jobs_submitted":1421,"jobs_started":1421,"jobs_finished":1420,"current_job_start_ms":1785595820846,"last_submit_ms":1785595820845,"last_drain_enter_ms":1785595820846,"last_drain_exit_ms":1785595820844,"device_errors":0,"device_lost":1,"caller_stall_probes":201,"pending_readbacks":0,"queue_len":0,"signal":1421,"now_ms":1785596847790}
[page] [gpu-worker][wedge] {"kind":"stall","jobDied":false,"stuckJob":true,"jobAgeMs":1029668,"drainTraps":0,"rescuedWakeups":0,"signal":1421,"engine":{"jobs_submitted":1421,"jobs_started":1421,"jobs_finished":1420,"current_job_start_ms":1785595820846,"last_submit_ms":1785595820845,"last_drain_enter_ms":1785595820846,"last_drain_exit_ms":1785595820844,"device_errors":0,"device_lost":1,"caller_stall_probes":201,"pending_readbacks":0,"queue_len":0,"signal":1421,"now_ms":1785596850514},"t":1785596850515}
[page] [gpu-worker][wedge] {"kind":"device","drainTraps":0,"rescuedWakeups":0,"signal":1,"engine":{"jobs_submitted":1,"jobs_started":1,"jobs_finished":1,"current_job_start_ms":0,"last_submit_ms":1785595670420,"last_drain_enter_ms":1785596850515,"last_drain_exit_ms":1785596850515,"device_errors":0,"device_lost":1,"caller_stall_probes":0,"pending_readbacks":0,"queue_len":0,"signal":1,"now_ms":1785596850515},"t":1785596850515}
[page] [jolt-webgpu] engine.run caller stalled 1032090 ms: {"jobs_submitted":1421,"jobs_started":1421,"jobs_finished":1420,"current_job_start_ms":1785595820846,"last_submit_ms":1785595820845,"last_drain_enter_ms":1785595820846,"last_drain_exit_ms":1785595820844,"device_errors":0,"device_lost":1,"caller_stall_probes":202,"pending_readbacks":0,"queue_len":0,"signal":1421,"now_ms":1785596852935}
+ true
+ ps axo rss,comm
+ grep -i 'Google Chrome Helper (GPU)'
+ sort -rn
+ head -1
++ date +%T
+ awk -v t=11:07:33 '{printf "[rss] %s gpu-helper %.0f MB\n", t, $1/1024}'
+ sleep 20
[page] [gpu-worker][wedge] {"kind":"stall","jobDied":false,"stuckJob":true,"jobAgeMs":1034646,"drainTraps":0,"rescuedWakeups":0,"signal":1421,"engine":{"jobs_submitted":1421,"jobs_started":1421,"jobs_finished":1420,"current_job_start_ms":1785595820846,"last_submit_ms":1785595820845,"last_drain_enter_ms":1785595820846,"last_drain_exit_ms":1785595820844,"device_errors":0,"device_lost":1,"caller_stall_probes":202,"pending_readbacks":0,"queue_len":0,"signal":1421,"now_ms":1785596855492},"t":1785596855492}
[page] [gpu-worker][wedge] {"kind":"device","drainTraps":0,"rescuedWakeups":0,"signal":1,"engine":{"jobs_submitted":1,"jobs_started":1,"jobs_finished":1,"current_job_start_ms":0,"last_submit_ms":1785595670420,"last_drain_enter_ms":1785596855493,"last_drain_exit_ms":1785596855493,"device_errors":0,"device_lost":1,"caller_stall_probes":0,"pending_readbacks":0,"queue_len":0,"signal":1,"now_ms":1785596855493},"t":1785596855493}
[page] [jolt-webgpu] engine.run caller stalled 1037241 ms: {"jobs_submitted":1421,"jobs_started":1421,"jobs_finished":1420,"current_job_start_ms":1785595820846,"last_submit_ms":1785595820845,"last_drain_enter_ms":1785595820846,"last_drain_exit_ms":1785595820844,"device_errors":0,"device_lost":1,"caller_stall_probes":203,"pending_readbacks":0,"queue_len":0,"signal":1421,"now_ms":1785596858086}
[page] [gpu-worker][wedge] {"kind":"stall","jobDied":false,"stuckJob":true,"jobAgeMs":1039646,"drainTraps":0,"rescuedWakeups":0,"signal":1421,"engine":{"jobs_submitted":1421,"jobs_started":1421,"jobs_finished":1420,"current_job_start_ms":1785595820846,"last_submit_ms":1785595820845,"last_drain_enter_ms":1785595820846,"last_drain_exit_ms":1785595820844,"device_errors":0,"device_lost":1,"caller_stall_probes":203,"pending_readbacks":0,"queue_len":0,"signal":1421,"now_ms":1785596860492},"t":1785596860492}
[page] [gpu-worker][wedge] {"kind":"device","drainTraps":0,"rescuedWakeups":0,"signal":1,"engine":{"jobs_submitted":1,"jobs_started":1,"jobs_finished":1,"current_job_start_ms":0,"last_submit_ms":1785595670420,"last_drain_enter_ms":1785596860294,"last_drain_exit_ms":1785596860294,"device_errors":0,"device_lost":1,"caller_stall_probes":0,"pending_readbacks":0,"queue_len":0,"signal":1,"now_ms":1785596860494},"t":1785596860494}
[page] [jolt-webgpu] engine.run caller stalled 1042388 ms: {"jobs_submitted":1421,"jobs_started":1421,"jobs_finished":1420,"current_job_start_ms":1785595820846,"last_submit_ms":1785595820845,"last_drain_enter_ms":1785595820846,"last_drain_exit_ms":1785595820844,"device_errors":0,"device_lost":1,"caller_stall_probes":204,"pending_readbacks":0,"queue_len":0,"signal":1421,"now_ms":1785596863233}
[page] [gpu-worker][wedge] {"kind":"device","drainTraps":0,"rescuedWakeups":0,"signal":1,"engine":{"jobs_submitted":1,"jobs_started":1,"jobs_finished":1,"current_job_start_ms":0,"last_submit_ms":1785595670420,"last_drain_enter_ms":1785596865425,"last_drain_exit_ms":1785596865425,"device_errors":0,"device_lost":1,"caller_stall_probes":0,"pending_readbacks":0,"queue_len":0,"signal":1,"now_ms":1785596865425},"t":1785596865425}
[page] [gpu-worker][wedge] {"kind":"stall","jobDied":false,"stuckJob":true,"jobAgeMs":1044579,"drainTraps":0,"rescuedWakeups":0,"signal":1421,"engine":{"jobs_submitted":1421,"jobs_started":1421,"jobs_finished":1420,"current_job_start_ms":1785595820846,"last_submit_ms":1785595820845,"last_drain_enter_ms":1785595820846,"last_drain_exit_ms":1785595820844,"device_errors":0,"device_lost":1,"caller_stall_probes":204,"pending_readbacks":0,"queue_len":0,"signal":1421,"now_ms":1785596865425},"t":1785596865425}
[page] [jolt-webgpu] engine.run caller stalled 1047537 ms: {"jobs_submitted":1421,"jobs_started":1421,"jobs_finished":1420,"current_job_start_ms":1785595820846,"last_submit_ms":1785595820845,"last_drain_enter_ms":1785595820846,"last_drain_exit_ms":1785595820844,"device_errors":0,"device_lost":1,"caller_stall_probes":205,"pending_readbacks":0,"queue_len":0,"signal":1421,"now_ms":1785596868382}
[page] [gpu-worker][wedge] {"kind":"device","drainTraps":0,"rescuedWakeups":0,"signal":1,"engine":{"jobs_submitted":1,"jobs_started":1,"jobs_finished":1,"current_job_start_ms":0,"last_submit_ms":1785595670420,"last_drain_enter_ms":1785596870508,"last_drain_exit_ms":1785596870508,"device_errors":0,"device_lost":1,"caller_stall_probes":0,"pending_readbacks":0,"queue_len":0,"signal":1,"now_ms":1785596870508},"t":1785596870508}
[page] [gpu-worker][wedge] {"kind":"stall","jobDied":false,"stuckJob":true,"jobAgeMs":1049663,"drainTraps":0,"rescuedWakeups":0,"signal":1421,"engine":{"jobs_submitted":1421,"jobs_started":1421,"jobs_finished":1420,"current_job_start_ms":1785595820846,"last_submit_ms":1785595820845,"last_drain_enter_ms":1785595820846,"last_drain_exit_ms":1785595820844,"device_errors":0,"device_lost":1,"caller_stall_probes":205,"pending_readbacks":0,"queue_len":0,"signal":1421,"now_ms":1785596870509},"t":1785596870509}
+ true
+ ps axo rss,comm
+ grep -i 'Google Chrome Helper (GPU)'
+ sort -rn
+ head -1
++ date +%T
+ awk -v t=11:07:53 '{printf "[rss] %s gpu-helper %.0f MB\n", t, $1/1024}'
+ sleep 20
[page] [jolt-webgpu] engine.run caller stalled 1052621 ms: {"jobs_submitted":1421,"jobs_started":1421,"jobs_finished":1420,"current_job_start_ms":1785595820846,"last_submit_ms":1785595820845,"last_drain_enter_ms":1785595820846,"last_drain_exit_ms":1785595820844,"device_errors":0,"device_lost":1,"caller_stall_probes":206,"pending_readbacks":0,"queue_len":0,"signal":1421,"now_ms":1785596873466}
[page] [gpu-worker][wedge] {"kind":"device","drainTraps":0,"rescuedWakeups":0,"signal":1,"engine":{"jobs_submitted":1,"jobs_started":1,"jobs_finished":1,"current_job_start_ms":0,"last_submit_ms":1785595670420,"last_drain_enter_ms":1785596875459,"last_drain_exit_ms":1785596875459,"device_errors":0,"device_lost":1,"caller_stall_probes":0,"pending_readbacks":0,"queue_len":0,"signal":1,"now_ms":1785596875459},"t":1785596875459}
[page] [gpu-worker][wedge] {"kind":"stall","jobDied":false,"stuckJob":true,"jobAgeMs":1054614,"drainTraps":0,"rescuedWakeups":0,"signal":1421,"engine":{"jobs_submitted":1421,"jobs_started":1421,"jobs_finished":1420,"current_job_start_ms":1785595820846,"last_submit_ms":1785595820845,"last_drain_enter_ms":1785595820846,"last_drain_exit_ms":1785595820844,"device_errors":0,"device_lost":1,"caller_stall_probes":206,"pending_readbacks":0,"queue_len":0,"signal":1421,"now_ms":1785596875460},"t":1785596875460}
[page] [jolt-webgpu] engine.run caller stalled 1057751 ms: {"jobs_submitted":1421,"jobs_started":1421,"jobs_finished":1420,"current_job_start_ms":1785595820846,"last_submit_ms":1785595820845,"last_drain_enter_ms":1785595820846,"last_drain_exit_ms":1785595820844,"device_errors":0,"device_lost":1,"caller_stall_probes":207,"pending_readbacks":0,"queue_len":0,"signal":1421,"now_ms":1785596878596}
[page] [gpu-worker][wedge] {"kind":"device","drainTraps":0,"rescuedWakeups":0,"signal":1,"engine":{"jobs_submitted":1,"jobs_started":1,"jobs_finished":1,"current_job_start_ms":0,"last_submit_ms":1785595670420,"last_drain_enter_ms":1785596880395,"last_drain_exit_ms":1785596880395,"device_errors":0,"device_lost":1,"caller_stall_probes":0,"pending_readbacks":0,"queue_len":0,"signal":1,"now_ms":1785596880395},"t":1785596880395}
[page] [gpu-worker][wedge] {"kind":"stall","jobDied":false,"stuckJob":true,"jobAgeMs":1059550,"drainTraps":0,"rescuedWakeups":0,"signal":1421,"engine":{"jobs_submitted":1421,"jobs_started":1421,"jobs_finished":1420,"current_job_start_ms":1785595820846,"last_submit_ms":1785595820845,"last_drain_enter_ms":1785595820846,"last_drain_exit_ms":1785595820844,"device_errors":0,"device_lost":1,"caller_stall_probes":207,"pending_readbacks":0,"queue_len":0,"signal":1421,"now_ms":1785596880396},"t":1785596880396}
[page] [jolt-webgpu] engine.run caller stalled 1062882 ms: {"jobs_submitted":1421,"jobs_started":1421,"jobs_finished":1420,"current_job_start_ms":1785595820846,"last_submit_ms":1785595820845,"last_drain_enter_ms":1785595820846,"last_drain_exit_ms":1785595820844,"device_errors":0,"device_lost":1,"caller_stall_probes":208,"pending_readbacks":0,"queue_len":0,"signal":1421,"now_ms":1785596883727}
[page] [gpu-worker][wedge] {"kind":"device","drainTraps":0,"rescuedWakeups":0,"signal":1,"engine":{"jobs_submitted":1,"jobs_started":1,"jobs_finished":1,"current_job_start_ms":0,"last_submit_ms":1785595670420,"last_drain_enter_ms":1785596885413,"last_drain_exit_ms":1785596885413,"device_errors":0,"device_lost":1,"caller_stall_probes":0,"pending_readbacks":0,"queue_len":0,"signal":1,"now_ms":1785596885413},"t":1785596885413}
[page] [gpu-worker][wedge] {"kind":"stall","jobDied":false,"stuckJob":true,"jobAgeMs":1064568,"drainTraps":0,"rescuedWakeups":0,"signal":1421,"engine":{"jobs_submitted":1421,"jobs_started":1421,"jobs_finished":1420,"current_job_start_ms":1785595820846,"last_submit_ms":1785595820845,"last_drain_enter_ms":1785595820846,"last_drain_exit_ms":1785595820844,"device_errors":0,"device_lost":1,"caller_stall_probes":208,"pending_readbacks":0,"queue_len":0,"signal":1421,"now_ms":1785596885414},"t":1785596885414}
[page] [jolt-webgpu] engine.run caller stalled 1068019 ms: {"jobs_submitted":1421,"jobs_started":1421,"jobs_finished":1420,"current_job_start_ms":1785595820846,"last_submit_ms":1785595820845,"last_drain_enter_ms":1785595820846,"last_drain_exit_ms":1785595820844,"device_errors":0,"device_lost":1,"caller_stall_probes":209,"pending_readbacks":0,"queue_len":0,"signal":1421,"now_ms":1785596888864}
[page] [gpu-worker][wedge] {"kind":"stall","jobDied":false,"stuckJob":true,"jobAgeMs":1069616,"drainTraps":0,"rescuedWakeups":0,"signal":1421,"engine":{"jobs_submitted":1421,"jobs_started":1421,"jobs_finished":1420,"current_job_start_ms":1785595820846,"last_submit_ms":1785595820845,"last_drain_enter_ms":1785595820846,"last_drain_exit_ms":1785595820844,"device_errors":0,"device_lost":1,"caller_stall_probes":209,"pending_readbacks":0,"queue_len":0,"signal":1421,"now_ms":1785596890462},"t":1785596890462}
[page] [gpu-worker][wedge] {"kind":"device","drainTraps":0,"rescuedWakeups":0,"signal":1,"engine":{"jobs_submitted":1,"jobs_started":1,"jobs_finished":1,"current_job_start_ms":0,"last_submit_ms":1785595670420,"last_drain_enter_ms":1785596890463,"last_drain_exit_ms":1785596890463,"device_errors":0,"device_lost":1,"caller_stall_probes":0,"pending_readbacks":0,"queue_len":0,"signal":1,"now_ms":1785596890463},"t":1785596890463}
+ true
+ ps axo rss,comm
+ grep -i 'Google Chrome Helper (GPU)'
+ sort -rn
+ head -1
++ date +%T
+ awk -v t=11:08:13 '{printf "[rss] %s gpu-helper %.0f MB\n", t, $1/1024}'
+ sleep 20
[page] [jolt-webgpu] engine.run caller stalled 1073165 ms: {"jobs_submitted":1421,"jobs_started":1421,"jobs_finished":1420,"current_job_start_ms":1785595820846,"last_submit_ms":1785595820845,"last_drain_enter_ms":1785595820846,"last_drain_exit_ms":1785595820844,"device_errors":0,"device_lost":1,"caller_stall_probes":210,"pending_readbacks":0,"queue_len":0,"signal":1421,"now_ms":1785596894010}
[page] [gpu-worker][wedge] {"kind":"device","drainTraps":0,"rescuedWakeups":0,"signal":1,"engine":{"jobs_submitted":1,"jobs_started":1,"jobs_finished":1,"current_job_start_ms":0,"last_submit_ms":1785595670420,"last_drain_enter_ms":1785596895450,"last_drain_exit_ms":1785596895450,"device_errors":0,"device_lost":1,"caller_stall_probes":0,"pending_readbacks":0,"queue_len":0,"signal":1,"now_ms":1785596895450},"t":1785596895450}
[page] [gpu-worker][wedge] {"kind":"stall","jobDied":false,"stuckJob":true,"jobAgeMs":1074604,"drainTraps":0,"rescuedWakeups":0,"signal":1421,"engine":{"jobs_submitted":1421,"jobs_started":1421,"jobs_finished":1420,"current_job_start_ms":1785595820846,"last_submit_ms":1785595820845,"last_drain_enter_ms":1785595820846,"last_drain_exit_ms":1785595820844,"device_errors":0,"device_lost":1,"caller_stall_probes":210,"pending_readbacks":0,"queue_len":0,"signal":1421,"now_ms":1785596895451},"t":1785596895451}
[page] [jolt-webgpu] engine.run caller stalled 1078214 ms: {"jobs_submitted":1421,"jobs_started":1421,"jobs_finished":1420,"current_job_start_ms":1785595820846,"last_submit_ms":1785595820845,"last_drain_enter_ms":1785595820846,"last_drain_exit_ms":1785595820844,"device_errors":0,"device_lost":1,"caller_stall_probes":211,"pending_readbacks":0,"queue_len":0,"signal":1421,"now_ms":1785596899059}
[page] [gpu-worker][wedge] {"kind":"stall","jobDied":false,"stuckJob":true,"jobAgeMs":1079580,"drainTraps":0,"rescuedWakeups":0,"signal":1421,"engine":{"jobs_submitted":1421,"jobs_started":1421,"jobs_finished":1420,"current_job_start_ms":1785595820846,"last_submit_ms":1785595820845,"last_drain_enter_ms":1785595820846,"last_drain_exit_ms":1785595820844,"device_errors":0,"device_lost":1,"caller_stall_probes":211,"pending_readbacks":0,"queue_len":0,"signal":1421,"now_ms":1785596900426},"t":1785596900426}
[page] [gpu-worker][wedge] {"kind":"device","drainTraps":0,"rescuedWakeups":0,"signal":1,"engine":{"jobs_submitted":1,"jobs_started":1,"jobs_finished":1,"current_job_start_ms":0,"last_submit_ms":1785595670420,"last_drain_enter_ms":1785596900348,"last_drain_exit_ms":1785596900348,"device_errors":0,"device_lost":1,"caller_stall_probes":0,"pending_readbacks":0,"queue_len":0,"signal":1,"now_ms":1785596900426},"t":1785596900426}
[page] [jolt-webgpu] engine.run caller stalled 1083342 ms: {"jobs_submitted":1421,"jobs_started":1421,"jobs_finished":1420,"current_job_start_ms":1785595820846,"last_submit_ms":1785595820845,"last_drain_enter_ms":1785595820846,"last_drain_exit_ms":1785595820844,"device_errors":0,"device_lost":1,"caller_stall_probes":212,"pending_readbacks":0,"queue_len":0,"signal":1421,"now_ms":1785596904187}
[page] [gpu-worker][wedge] {"kind":"device","drainTraps":0,"rescuedWakeups":0,"signal":1,"engine":{"jobs_submitted":1,"jobs_started":1,"jobs_finished":1,"current_job_start_ms":0,"last_submit_ms":1785595670420,"last_drain_enter_ms":1785596905356,"last_drain_exit_ms":1785596905356,"device_errors":0,"device_lost":1,"caller_stall_probes":0,"pending_readbacks":0,"queue_len":0,"signal":1,"now_ms":1785596905531},"t":1785596905531}
[page] [gpu-worker][wedge] {"kind":"stall","jobDied":false,"stuckJob":true,"jobAgeMs":1084686,"drainTraps":0,"rescuedWakeups":0,"signal":1421,"engine":{"jobs_submitted":1421,"jobs_started":1421,"jobs_finished":1420,"current_job_start_ms":1785595820846,"last_submit_ms":1785595820845,"last_drain_enter_ms":1785595820846,"last_drain_exit_ms":1785595820844,"device_errors":0,"device_lost":1,"caller_stall_probes":212,"pending_readbacks":0,"queue_len":0,"signal":1421,"now_ms":1785596905532},"t":1785596905532}
[page] [jolt-webgpu] engine.run caller stalled 1088418 ms: {"jobs_submitted":1421,"jobs_started":1421,"jobs_finished":1420,"current_job_start_ms":1785595820846,"last_submit_ms":1785595820845,"last_drain_enter_ms":1785595820846,"last_drain_exit_ms":1785595820844,"device_errors":0,"device_lost":1,"caller_stall_probes":213,"pending_readbacks":0,"queue_len":0,"signal":1421,"now_ms":1785596909263}
[page] [gpu-worker][wedge] {"kind":"device","drainTraps":0,"rescuedWakeups":0,"signal":1,"engine":{"jobs_submitted":1,"jobs_started":1,"jobs_finished":1,"current_job_start_ms":0,"last_submit_ms":1785595670420,"last_drain_enter_ms":1785596910332,"last_drain_exit_ms":1785596910332,"device_errors":0,"device_lost":1,"caller_stall_probes":0,"pending_readbacks":0,"queue_len":0,"signal":1,"now_ms":1785596910529},"t":1785596910530}
[page] [gpu-worker][wedge] {"kind":"stall","jobDied":false,"stuckJob":true,"jobAgeMs":1089683,"drainTraps":0,"rescuedWakeups":0,"signal":1421,"engine":{"jobs_submitted":1421,"jobs_started":1421,"jobs_finished":1420,"current_job_start_ms":1785595820846,"last_submit_ms":1785595820845,"last_drain_enter_ms":1785595820846,"last_drain_exit_ms":1785595820844,"device_errors":0,"device_lost":1,"caller_stall_probes":213,"pending_readbacks":0,"queue_len":0,"signal":1421,"now_ms":1785596910530},"t":1785596910530}
+ true
+ ps axo rss,comm
+ grep -i 'Google Chrome Helper (GPU)'
+ sort -rn
+ head -1
++ date +%T
+ awk -v t=11:08:33 '{printf "[rss] %s gpu-helper %.0f MB\n", t, $1/1024}'
+ sleep 20
[page] [jolt-webgpu] engine.run caller stalled 1093568 ms: {"jobs_submitted":1421,"jobs_started":1421,"jobs_finished":1420,"current_job_start_ms":1785595820846,"last_submit_ms":1785595820845,"last_drain_enter_ms":1785595820846,"last_drain_exit_ms":1785595820844,"device_errors":0,"device_lost":1,"caller_stall_probes":214,"pending_readbacks":0,"queue_len":0,"signal":1421,"now_ms":1785596914413}
[page] [gpu-worker][wedge] {"kind":"device","drainTraps":0,"rescuedWakeups":0,"signal":1,"engine":{"jobs_submitted":1,"jobs_started":1,"jobs_finished":1,"current_job_start_ms":0,"last_submit_ms":1785595670420,"last_drain_enter_ms":1785596915314,"last_drain_exit_ms":1785596915314,"device_errors":0,"device_lost":1,"caller_stall_probes":0,"pending_readbacks":0,"queue_len":0,"signal":1,"now_ms":1785596915443},"t":1785596915443}
[page] [gpu-worker][wedge] {"kind":"stall","jobDied":false,"stuckJob":true,"jobAgeMs":1094598,"drainTraps":0,"rescuedWakeups":0,"signal":1421,"engine":{"jobs_submitted":1421,"jobs_started":1421,"jobs_finished":1420,"current_job_start_ms":1785595820846,"last_submit_ms":1785595820845,"last_drain_enter_ms":1785595820846,"last_drain_exit_ms":1785595820844,"device_errors":0,"device_lost":1,"caller_stall_probes":214,"pending_readbacks":0,"queue_len":0,"signal":1421,"now_ms":1785596915444},"t":1785596915444}
[page] [jolt-webgpu] engine.run caller stalled 1098719 ms: {"jobs_submitted":1421,"jobs_started":1421,"jobs_finished":1420,"current_job_start_ms":1785595820846,"last_submit_ms":1785595820845,"last_drain_enter_ms":1785595820846,"last_drain_exit_ms":1785595820844,"device_errors":0,"device_lost":1,"caller_stall_probes":215,"pending_readbacks":0,"queue_len":0,"signal":1421,"now_ms":1785596919564}
[page] [gpu-worker][wedge] {"kind":"device","drainTraps":0,"rescuedWakeups":0,"signal":1,"engine":{"jobs_submitted":1,"jobs_started":1,"jobs_finished":1,"current_job_start_ms":0,"last_submit_ms":1785595670420,"last_drain_enter_ms":1785596920426,"last_drain_exit_ms":1785596920426,"device_errors":0,"device_lost":1,"caller_stall_probes":0,"pending_readbacks":0,"queue_len":0,"signal":1,"now_ms":1785596920426},"t":1785596920426}
[page] [gpu-worker][wedge] {"kind":"stall","jobDied":false,"stuckJob":true,"jobAgeMs":1099581,"drainTraps":0,"rescuedWakeups":0,"signal":1421,"engine":{"jobs_submitted":1421,"jobs_started":1421,"jobs_finished":1420,"current_job_start_ms":1785595820846,"last_submit_ms":1785595820845,"last_drain_enter_ms":1785595820846,"last_drain_exit_ms":1785595820844,"device_errors":0,"device_lost":1,"caller_stall_probes":215,"pending_readbacks":0,"queue_len":0,"signal":1421,"now_ms":1785596920427},"t":1785596920427}
[page] [jolt-webgpu] engine.run caller stalled 1103852 ms: {"jobs_submitted":1421,"jobs_started":1421,"jobs_finished":1420,"current_job_start_ms":1785595820846,"last_submit_ms":1785595820845,"last_drain_enter_ms":1785595820846,"last_drain_exit_ms":1785595820844,"device_errors":0,"device_lost":1,"caller_stall_probes":216,"pending_readbacks":0,"queue_len":0,"signal":1421,"now_ms":1785596924697}
[page] [gpu-worker][wedge] {"kind":"device","drainTraps":0,"rescuedWakeups":0,"signal":1,"engine":{"jobs_submitted":1,"jobs_started":1,"jobs_finished":1,"current_job_start_ms":0,"last_submit_ms":1785595670420,"last_drain_enter_ms":1785596925395,"last_drain_exit_ms":1785596925395,"device_errors":0,"device_lost":1,"caller_stall_probes":0,"pending_readbacks":0,"queue_len":0,"signal":1,"now_ms":1785596925395},"t":1785596925395}
[page] [gpu-worker][wedge] {"kind":"stall","jobDied":false,"stuckJob":true,"jobAgeMs":1104550,"drainTraps":0,"rescuedWakeups":0,"signal":1421,"engine":{"jobs_submitted":1421,"jobs_started":1421,"jobs_finished":1420,"current_job_start_ms":1785595820846,"last_submit_ms":1785595820845,"last_drain_enter_ms":1785595820846,"last_drain_exit_ms":1785595820844,"device_errors":0,"device_lost":1,"caller_stall_probes":216,"pending_readbacks":0,"queue_len":0,"signal":1421,"now_ms":1785596925396},"t":1785596925396}
[page] [jolt-webgpu] engine.run caller stalled 1108862 ms: {"jobs_submitted":1421,"jobs_started":1421,"jobs_finished":1420,"current_job_start_ms":1785595820846,"last_submit_ms":1785595820845,"last_drain_enter_ms":1785595820846,"last_drain_exit_ms":1785595820844,"device_errors":0,"device_lost":1,"caller_stall_probes":217,"pending_readbacks":0,"queue_len":0,"signal":1421,"now_ms":1785596929707}
[page] [gpu-worker][wedge] {"kind":"device","drainTraps":0,"rescuedWakeups":0,"signal":1,"engine":{"jobs_submitted":1,"jobs_started":1,"jobs_finished":1,"current_job_start_ms":0,"last_submit_ms":1785595670420,"last_drain_enter_ms":1785596930403,"last_drain_exit_ms":1785596930403,"device_errors":0,"device_lost":1,"caller_stall_probes":0,"pending_readbacks":0,"queue_len":0,"signal":1,"now_ms":1785596930403},"t":1785596930403}
[page] [gpu-worker][wedge] {"kind":"stall","jobDied":false,"stuckJob":true,"jobAgeMs":1109558,"drainTraps":0,"rescuedWakeups":0,"signal":1421,"engine":{"jobs_submitted":1421,"jobs_started":1421,"jobs_finished":1420,"current_job_start_ms":1785595820846,"last_submit_ms":1785595820845,"last_drain_enter_ms":1785595820846,"last_drain_exit_ms":1785595820844,"device_errors":0,"device_lost":1,"caller_stall_probes":217,"pending_readbacks":0,"queue_len":0,"signal":1421,"now_ms":1785596930404},"t":1785596930404}
+ true
+ ps axo rss,comm
+ grep -i 'Google Chrome Helper (GPU)'
+ sort -rn
+ head -1
++ date +%T
+ awk -v t=11:08:53 '{printf "[rss] %s gpu-helper %.0f MB\n", t, $1/1024}'
+ sleep 20
[page] [jolt-webgpu] engine.run caller stalled 1113996 ms: {"jobs_submitted":1421,"jobs_started":1421,"jobs_finished":1420,"current_job_start_ms":1785595820846,"last_submit_ms":1785595820845,"last_drain_enter_ms":1785595820846,"last_drain_exit_ms":1785595820844,"device_errors":0,"device_lost":1,"caller_stall_probes":218,"pending_readbacks":0,"queue_len":0,"signal":1421,"now_ms":1785596934841}
[page] [gpu-worker][wedge] {"kind":"device","drainTraps":0,"rescuedWakeups":0,"signal":1,"engine":{"jobs_submitted":1,"jobs_started":1,"jobs_finished":1,"current_job_start_ms":0,"last_submit_ms":1785595670420,"last_drain_enter_ms":1785596935438,"last_drain_exit_ms":1785596935438,"device_errors":0,"device_lost":1,"caller_stall_probes":0,"pending_readbacks":0,"queue_len":0,"signal":1,"now_ms":1785596935438},"t":1785596935438}
[page] [gpu-worker][wedge] {"kind":"stall","jobDied":false,"stuckJob":true,"jobAgeMs":1114593,"drainTraps":0,"rescuedWakeups":0,"signal":1421,"engine":{"jobs_submitted":1421,"jobs_started":1421,"jobs_finished":1420,"current_job_start_ms":1785595820846,"last_submit_ms":1785595820845,"last_drain_enter_ms":1785595820846,"last_drain_exit_ms":1785595820844,"device_errors":0,"device_lost":1,"caller_stall_probes":218,"pending_readbacks":0,"queue_len":0,"signal":1421,"now_ms":1785596935439},"t":1785596935439}
[page] [jolt-webgpu] engine.run caller stalled 1119036 ms: {"jobs_submitted":1421,"jobs_started":1421,"jobs_finished":1420,"current_job_start_ms":1785595820846,"last_submit_ms":1785595820845,"last_drain_enter_ms":1785595820846,"last_drain_exit_ms":1785595820844,"device_errors":0,"device_lost":1,"caller_stall_probes":219,"pending_readbacks":0,"queue_len":0,"signal":1421,"now_ms":1785596939881}
[page] [gpu-worker][wedge] {"kind":"stall","jobDied":false,"stuckJob":true,"jobAgeMs":1119577,"drainTraps":0,"rescuedWakeups":0,"signal":1421,"engine":{"jobs_submitted":1421,"jobs_started":1421,"jobs_finished":1420,"current_job_start_ms":1785595820846,"last_submit_ms":1785595820845,"last_drain_enter_ms":1785595820846,"last_drain_exit_ms":1785595820844,"device_errors":0,"device_lost":1,"caller_stall_probes":219,"pending_readbacks":0,"queue_len":0,"signal":1421,"now_ms":1785596940423},"t":1785596940423}
[page] [gpu-worker][wedge] {"kind":"device","drainTraps":0,"rescuedWakeups":0,"signal":1,"engine":{"jobs_submitted":1,"jobs_started":1,"jobs_finished":1,"current_job_start_ms":0,"last_submit_ms":1785595670420,"last_drain_enter_ms":1785596940424,"last_drain_exit_ms":1785596940424,"device_errors":0,"device_lost":1,"caller_stall_probes":0,"pending_readbacks":0,"queue_len":0,"signal":1,"now_ms":1785596940424},"t":1785596940424}
[page] [jolt-webgpu] engine.run caller stalled 1124172 ms: {"jobs_submitted":1421,"jobs_started":1421,"jobs_finished":1420,"current_job_start_ms":1785595820846,"last_submit_ms":1785595820845,"last_drain_enter_ms":1785595820846,"last_drain_exit_ms":1785595820844,"device_errors":0,"device_lost":1,"caller_stall_probes":220,"pending_readbacks":0,"queue_len":0,"signal":1421,"now_ms":1785596945017}
[page] [gpu-worker][wedge] {"kind":"device","drainTraps":0,"rescuedWakeups":0,"signal":1,"engine":{"jobs_submitted":1,"jobs_started":1,"jobs_finished":1,"current_job_start_ms":0,"last_submit_ms":1785595670420,"last_drain_enter_ms":1785596945295,"last_drain_exit_ms":1785596945295,"device_errors":0,"device_lost":1,"caller_stall_probes":0,"pending_readbacks":0,"queue_len":0,"signal":1,"now_ms":1785596945460},"t":1785596945460}
[page] [gpu-worker][wedge] {"kind":"stall","jobDied":false,"stuckJob":true,"jobAgeMs":1124614,"drainTraps":0,"rescuedWakeups":0,"signal":1421,"engine":{"jobs_submitted":1421,"jobs_started":1421,"jobs_finished":1420,"current_job_start_ms":1785595820846,"last_submit_ms":1785595820845,"last_drain_enter_ms":1785595820846,"last_drain_exit_ms":1785595820844,"device_errors":0,"device_lost":1,"caller_stall_probes":220,"pending_readbacks":0,"queue_len":0,"signal":1421,"now_ms":1785596945460},"t":1785596945460}
[page] [jolt-webgpu] engine.run caller stalled 1129315 ms: {"jobs_submitted":1421,"jobs_started":1421,"jobs_finished":1420,"current_job_start_ms":1785595820846,"last_submit_ms":1785595820845,"last_drain_enter_ms":1785595820846,"last_drain_exit_ms":1785595820844,"device_errors":0,"device_lost":1,"caller_stall_probes":221,"pending_readbacks":0,"queue_len":0,"signal":1421,"now_ms":1785596950160}
[page] [gpu-worker][wedge] {"kind":"stall","jobDied":false,"stuckJob":true,"jobAgeMs":1129653,"drainTraps":0,"rescuedWakeups":0,"signal":1421,"engine":{"jobs_submitted":1421,"jobs_started":1421,"jobs_finished":1420,"current_job_start_ms":1785595820846,"last_submit_ms":1785595820845,"last_drain_enter_ms":1785595820846,"last_drain_exit_ms":1785595820844,"device_errors":0,"device_lost":1,"caller_stall_probes":221,"pending_readbacks":0,"queue_len":0,"signal":1421,"now_ms":1785596950499},"t":1785596950499}
[page] [gpu-worker][wedge] {"kind":"device","drainTraps":0,"rescuedWakeups":0,"signal":1,"engine":{"jobs_submitted":1,"jobs_started":1,"jobs_finished":1,"current_job_start_ms":0,"last_submit_ms":1785595670420,"last_drain_enter_ms":1785596950301,"last_drain_exit_ms":1785596950301,"device_errors":0,"device_lost":1,"caller_stall_probes":0,"pending_readbacks":0,"queue_len":0,"signal":1,"now_ms":1785596950499},"t":1785596950499}
+ true
+ ps axo rss,comm
+ grep -i 'Google Chrome Helper (GPU)'
+ sort -rn
+ head -1
++ date +%T
+ awk -v t=11:09:13 '{printf "[rss] %s gpu-helper %.0f MB\n", t, $1/1024}'
+ sleep 20
[page] [jolt-webgpu] engine.run caller stalled 1134412 ms: {"jobs_submitted":1421,"jobs_started":1421,"jobs_finished":1420,"current_job_start_ms":1785595820846,"last_submit_ms":1785595820845,"last_drain_enter_ms":1785595820846,"last_drain_exit_ms":1785595820844,"device_errors":0,"device_lost":1,"caller_stall_probes":222,"pending_readbacks":0,"queue_len":0,"signal":1421,"now_ms":1785596955257}
[page] [gpu-worker][wedge] {"kind":"device","drainTraps":0,"rescuedWakeups":0,"signal":1,"engine":{"jobs_submitted":1,"jobs_started":1,"jobs_finished":1,"current_job_start_ms":0,"last_submit_ms":1785595670420,"last_drain_enter_ms":1785596955422,"last_drain_exit_ms":1785596955422,"device_errors":0,"device_lost":1,"caller_stall_probes":0,"pending_readbacks":0,"queue_len":0,"signal":1,"now_ms":1785596955422},"t":1785596955422}
[page] [gpu-worker][wedge] {"kind":"stall","jobDied":false,"stuckJob":true,"jobAgeMs":1134577,"drainTraps":0,"rescuedWakeups":0,"signal":1421,"engine":{"jobs_submitted":1421,"jobs_started":1421,"jobs_finished":1420,"current_job_start_ms":1785595820846,"last_submit_ms":1785595820845,"last_drain_enter_ms":1785595820846,"last_drain_exit_ms":1785595820844,"device_errors":0,"device_lost":1,"caller_stall_probes":222,"pending_readbacks":0,"queue_len":0,"signal":1421,"now_ms":1785596955423},"t":1785596955423}
[page] [jolt-webgpu] engine.run caller stalled 1139555 ms: {"jobs_submitted":1421,"jobs_started":1421,"jobs_finished":1420,"current_job_start_ms":1785595820846,"last_submit_ms":1785595820845,"last_drain_enter_ms":1785595820846,"last_drain_exit_ms":1785595820844,"device_errors":0,"device_lost":1,"caller_stall_probes":223,"pending_readbacks":0,"queue_len":0,"signal":1421,"now_ms":1785596960400}
[page] [gpu-worker][wedge] {"kind":"device","drainTraps":0,"rescuedWakeups":0,"signal":1,"engine":{"jobs_submitted":1,"jobs_started":1,"jobs_finished":1,"current_job_start_ms":0,"last_submit_ms":1785595670420,"last_drain_enter_ms":1785596960374,"last_drain_exit_ms":1785596960374,"device_errors":0,"device_lost":1,"caller_stall_probes":0,"pending_readbacks":0,"queue_len":0,"signal":1,"now_ms":1785596960525},"t":1785596960525}
[page] [gpu-worker][wedge] {"kind":"stall","jobDied":false,"stuckJob":true,"jobAgeMs":1139678,"drainTraps":0,"rescuedWakeups":0,"signal":1421,"engine":{"jobs_submitted":1421,"jobs_started":1421,"jobs_finished":1420,"current_job_start_ms":1785595820846,"last_submit_ms":1785595820845,"last_drain_enter_ms":1785595820846,"last_drain_exit_ms":1785595820844,"device_errors":0,"device_lost":1,"caller_stall_probes":223,"pending_readbacks":0,"queue_len":0,"signal":1421,"now_ms":1785596960525},"t":1785596960525}
[page] [gpu-worker][wedge] {"kind":"device","drainTraps":0,"rescuedWakeups":0,"signal":1,"engine":{"jobs_submitted":1,"jobs_started":1,"jobs_finished":1,"current_job_start_ms":0,"last_submit_ms":1785595670420,"last_drain_enter_ms":1785596965414,"last_drain_exit_ms":1785596965414,"device_errors":0,"device_lost":1,"caller_stall_probes":0,"pending_readbacks":0,"queue_len":0,"signal":1,"now_ms":1785596965414},"t":1785596965414}
[page] [gpu-worker][wedge] {"kind":"stall","jobDied":false,"stuckJob":true,"jobAgeMs":1144569,"drainTraps":0,"rescuedWakeups":0,"signal":1421,"engine":{"jobs_submitted":1421,"jobs_started":1421,"jobs_finished":1420,"current_job_start_ms":1785595820846,"last_submit_ms":1785595820845,"last_drain_enter_ms":1785595820846,"last_drain_exit_ms":1785595820844,"device_errors":0,"device_lost":1,"caller_stall_probes":223,"pending_readbacks":0,"queue_len":0,"signal":1421,"now_ms":1785596965415},"t":1785596965415}
[page] [jolt-webgpu] engine.run caller stalled 1144702 ms: {"jobs_submitted":1421,"jobs_started":1421,"jobs_finished":1420,"current_job_start_ms":1785595820846,"last_submit_ms":1785595820845,"last_drain_enter_ms":1785595820846,"last_drain_exit_ms":1785595820844,"device_errors":0,"device_lost":1,"caller_stall_probes":224,"pending_readbacks":0,"queue_len":0,"signal":1421,"now_ms":1785596965547}
[page] [gpu-worker][wedge] {"kind":"device","drainTraps":0,"rescuedWakeups":0,"signal":1,"engine":{"jobs_submitted":1,"jobs_started":1,"jobs_finished":1,"current_job_start_ms":0,"last_submit_ms":1785595670420,"last_drain_enter_ms":1785596970397,"last_drain_exit_ms":1785596970397,"device_errors":0,"device_lost":1,"caller_stall_probes":0,"pending_readbacks":0,"queue_len":0,"signal":1,"now_ms":1785596970397},"t":1785596970397}
[page] [gpu-worker][wedge] {"kind":"stall","jobDied":false,"stuckJob":true,"jobAgeMs":1149552,"drainTraps":0,"rescuedWakeups":0,"signal":1421,"engine":{"jobs_submitted":1421,"jobs_started":1421,"jobs_finished":1420,"current_job_start_ms":1785595820846,"last_submit_ms":1785595820845,"last_drain_enter_ms":1785595820846,"last_drain_exit_ms":1785595820844,"device_errors":0,"device_lost":1,"caller_stall_probes":224,"pending_readbacks":0,"queue_len":0,"signal":1421,"now_ms":1785596970398},"t":1785596970398}
[page] [jolt-webgpu] engine.run caller stalled 1149807 ms: {"jobs_submitted":1421,"jobs_started":1421,"jobs_finished":1420,"current_job_start_ms":1785595820846,"last_submit_ms":1785595820845,"last_drain_enter_ms":1785595820846,"last_drain_exit_ms":1785595820844,"device_errors":0,"device_lost":1,"caller_stall_probes":225,"pending_readbacks":0,"queue_len":0,"signal":1421,"now_ms":1785596970652}
+ true
+ ps axo rss,comm
+ grep -i 'Google Chrome Helper (GPU)'
+ sort -rn
+ head -1
++ date +%T
+ awk -v t=11:09:34 '{printf "[rss] %s gpu-helper %.0f MB\n", t, $1/1024}'
+ sleep 20
[page] [gpu-worker][wedge] {"kind":"device","drainTraps":0,"rescuedWakeups":0,"signal":1,"engine":{"jobs_submitted":1,"jobs_started":1,"jobs_finished":1,"current_job_start_ms":0,"last_submit_ms":1785595670420,"last_drain_enter_ms":1785596975418,"last_drain_exit_ms":1785596975418,"device_errors":0,"device_lost":1,"caller_stall_probes":0,"pending_readbacks":0,"queue_len":0,"signal":1,"now_ms":1785596975419},"t":1785596975419}
[page] [gpu-worker][wedge] {"kind":"stall","jobDied":false,"stuckJob":true,"jobAgeMs":1154573,"drainTraps":0,"rescuedWakeups":0,"signal":1421,"engine":{"jobs_submitted":1421,"jobs_started":1421,"jobs_finished":1420,"current_job_start_ms":1785595820846,"last_submit_ms":1785595820845,"last_drain_enter_ms":1785595820846,"last_drain_exit_ms":1785595820844,"device_errors":0,"device_lost":1,"caller_stall_probes":225,"pending_readbacks":0,"queue_len":0,"signal":1421,"now_ms":1785596975419},"t":1785596975419}
[page] [jolt-webgpu] engine.run caller stalled 1154867 ms: {"jobs_submitted":1421,"jobs_started":1421,"jobs_finished":1420,"current_job_start_ms":1785595820846,"last_submit_ms":1785595820845,"last_drain_enter_ms":1785595820846,"last_drain_exit_ms":1785595820844,"device_errors":0,"device_lost":1,"caller_stall_probes":226,"pending_readbacks":0,"queue_len":0,"signal":1421,"now_ms":1785596975712}
[page] [gpu-worker][wedge] {"kind":"device","drainTraps":0,"rescuedWakeups":0,"signal":1,"engine":{"jobs_submitted":1,"jobs_started":1,"jobs_finished":1,"current_job_start_ms":0,"last_submit_ms":1785595670420,"last_drain_enter_ms":1785596980405,"last_drain_exit_ms":1785596980405,"device_errors":0,"device_lost":1,"caller_stall_probes":0,"pending_readbacks":0,"queue_len":0,"signal":1,"now_ms":1785596980405},"t":1785596980406}
[page] [gpu-worker][wedge] {"kind":"stall","jobDied":false,"stuckJob":true,"jobAgeMs":1159560,"drainTraps":0,"rescuedWakeups":0,"signal":1421,"engine":{"jobs_submitted":1421,"jobs_started":1421,"jobs_finished":1420,"current_job_start_ms":1785595820846,"last_submit_ms":1785595820845,"last_drain_enter_ms":1785595820846,"last_drain_exit_ms":1785595820844,"device_errors":0,"device_lost":1,"caller_stall_probes":226,"pending_readbacks":0,"queue_len":0,"signal":1421,"now_ms":1785596980406},"t":1785596980406}
[page] [jolt-webgpu] engine.run caller stalled 1159892 ms: {"jobs_submitted":1421,"jobs_started":1421,"jobs_finished":1420,"current_job_start_ms":1785595820846,"last_submit_ms":1785595820845,"last_drain_enter_ms":1785595820846,"last_drain_exit_ms":1785595820844,"device_errors":0,"device_lost":1,"caller_stall_probes":227,"pending_readbacks":0,"queue_len":0,"signal":1421,"now_ms":1785596980737}
[page] [gpu-worker][wedge] {"kind":"device","drainTraps":0,"rescuedWakeups":0,"signal":1,"engine":{"jobs_submitted":1,"jobs_started":1,"jobs_finished":1,"current_job_start_ms":0,"last_submit_ms":1785595670420,"last_drain_enter_ms":1785596985472,"last_drain_exit_ms":1785596985472,"device_errors":0,"device_lost":1,"caller_stall_probes":0,"pending_readbacks":0,"queue_len":0,"signal":1,"now_ms":1785596985472},"t":1785596985472}
[page] [gpu-worker][wedge] {"kind":"stall","jobDied":false,"stuckJob":true,"jobAgeMs":1164626,"drainTraps":0,"rescuedWakeups":0,"signal":1421,"engine":{"jobs_submitted":1421,"jobs_started":1421,"jobs_finished":1420,"current_job_start_ms":1785595820846,"last_submit_ms":1785595820845,"last_drain_enter_ms":1785595820846,"last_drain_exit_ms":1785595820844,"device_errors":0,"device_lost":1,"caller_stall_probes":227,"pending_readbacks":0,"queue_len":0,"signal":1421,"now_ms":1785596985472},"t":1785596985473}
[page] [jolt-webgpu] engine.run caller stalled 1165016 ms: {"jobs_submitted":1421,"jobs_started":1421,"jobs_finished":1420,"current_job_start_ms":1785595820846,"last_submit_ms":1785595820845,"last_drain_enter_ms":1785595820846,"last_drain_exit_ms":1785595820844,"device_errors":0,"device_lost":1,"caller_stall_probes":228,"pending_readbacks":0,"queue_len":0,"signal":1421,"now_ms":1785596985861}
[page] [gpu-worker][wedge] {"kind":"device","drainTraps":0,"rescuedWakeups":0,"signal":1,"engine":{"jobs_submitted":1,"jobs_started":1,"jobs_finished":1,"current_job_start_ms":0,"last_submit_ms":1785595670420,"last_drain_enter_ms":1785596990332,"last_drain_exit_ms":1785596990332,"device_errors":0,"device_lost":1,"caller_stall_probes":0,"pending_readbacks":0,"queue_len":0,"signal":1,"now_ms":1785596990515},"t":1785596990515}
[page] [gpu-worker][wedge] {"kind":"stall","jobDied":false,"stuckJob":true,"jobAgeMs":1169670,"drainTraps":0,"rescuedWakeups":0,"signal":1421,"engine":{"jobs_submitted":1421,"jobs_started":1421,"jobs_finished":1420,"current_job_start_ms":1785595820846,"last_submit_ms":1785595820845,"last_drain_enter_ms":1785595820846,"last_drain_exit_ms":1785595820844,"device_errors":0,"device_lost":1,"caller_stall_probes":228,"pending_readbacks":0,"queue_len":0,"signal":1421,"now_ms":1785596990516},"t":1785596990516}
[page] [jolt-webgpu] engine.run caller stalled 1170159 ms: {"jobs_submitted":1421,"jobs_started":1421,"jobs_finished":1420,"current_job_start_ms":1785595820846,"last_submit_ms":1785595820845,"last_drain_enter_ms":1785595820846,"last_drain_exit_ms":1785595820844,"device_errors":0,"device_lost":1,"caller_stall_probes":229,"pending_readbacks":0,"queue_len":0,"signal":1421,"now_ms":1785596991004}
+ true
+ ps axo rss,comm
+ grep -i 'Google Chrome Helper (GPU)'
+ sort -rn
+ head -1
++ date +%T
+ awk -v t=11:09:54 '{printf "[rss] %s gpu-helper %.0f MB\n", t, $1/1024}'
+ sleep 20
[page] [gpu-worker][wedge] {"kind":"device","drainTraps":0,"rescuedWakeups":0,"signal":1,"engine":{"jobs_submitted":1,"jobs_started":1,"jobs_finished":1,"current_job_start_ms":0,"last_submit_ms":1785595670420,"last_drain_enter_ms":1785596995412,"last_drain_exit_ms":1785596995412,"device_errors":0,"device_lost":1,"caller_stall_probes":0,"pending_readbacks":0,"queue_len":0,"signal":1,"now_ms":1785596995413},"t":1785596995413}
[page] [gpu-worker][wedge] {"kind":"stall","jobDied":false,"stuckJob":true,"jobAgeMs":1174567,"drainTraps":0,"rescuedWakeups":0,"signal":1421,"engine":{"jobs_submitted":1421,"jobs_started":1421,"jobs_finished":1420,"current_job_start_ms":1785595820846,"last_submit_ms":1785595820845,"last_drain_enter_ms":1785595820846,"last_drain_exit_ms":1785595820844,"device_errors":0,"device_lost":1,"caller_stall_probes":229,"pending_readbacks":0,"queue_len":0,"signal":1421,"now_ms":1785596995413},"t":1785596995414}
[page] [jolt-webgpu] engine.run caller stalled 1175302 ms: {"jobs_submitted":1421,"jobs_started":1421,"jobs_finished":1420,"current_job_start_ms":1785595820846,"last_submit_ms":1785595820845,"last_drain_enter_ms":1785595820846,"last_drain_exit_ms":1785595820844,"device_errors":0,"device_lost":1,"caller_stall_probes":230,"pending_readbacks":0,"queue_len":0,"signal":1421,"now_ms":1785596996147}
[page] [gpu-worker][wedge] {"kind":"device","drainTraps":0,"rescuedWakeups":0,"signal":1,"engine":{"jobs_submitted":1,"jobs_started":1,"jobs_finished":1,"current_job_start_ms":0,"last_submit_ms":1785595670420,"last_drain_enter_ms":1785597000422,"last_drain_exit_ms":1785597000422,"device_errors":0,"device_lost":1,"caller_stall_probes":0,"pending_readbacks":0,"queue_len":0,"signal":1,"now_ms":1785597000422},"t":1785597000422}
[page] [gpu-worker][wedge] {"kind":"stall","jobDied":false,"stuckJob":true,"jobAgeMs":1179576,"drainTraps":0,"rescuedWakeups":0,"signal":1421,"engine":{"jobs_submitted":1421,"jobs_started":1421,"jobs_finished":1420,"current_job_start_ms":1785595820846,"last_submit_ms":1785595820845,"last_drain_enter_ms":1785595820846,"last_drain_exit_ms":1785595820844,"device_errors":0,"device_lost":1,"caller_stall_probes":230,"pending_readbacks":0,"queue_len":0,"signal":1421,"now_ms":1785597000422},"t":1785597000422}
[page] [jolt-webgpu] engine.run caller stalled 1180432 ms: {"jobs_submitted":1421,"jobs_started":1421,"jobs_finished":1420,"current_job_start_ms":1785595820846,"last_submit_ms":1785595820845,"last_drain_enter_ms":1785595820846,"last_drain_exit_ms":1785595820844,"device_errors":0,"device_lost":1,"caller_stall_probes":231,"pending_readbacks":0,"queue_len":0,"signal":1421,"now_ms":1785597001277}
[page] [gpu-worker][wedge] {"kind":"device","drainTraps":0,"rescuedWakeups":0,"signal":1,"engine":{"jobs_submitted":1,"jobs_started":1,"jobs_finished":1,"current_job_start_ms":0,"last_submit_ms":1785595670420,"last_drain_enter_ms":1785597005313,"last_drain_exit_ms":1785597005313,"device_errors":0,"device_lost":1,"caller_stall_probes":0,"pending_readbacks":0,"queue_len":0,"signal":1,"now_ms":1785597005488},"t":1785597005488}
[page] [gpu-worker][wedge] {"kind":"stall","jobDied":false,"stuckJob":true,"jobAgeMs":1184643,"drainTraps":0,"rescuedWakeups":0,"signal":1421,"engine":{"jobs_submitted":1421,"jobs_started":1421,"jobs_finished":1420,"current_job_start_ms":1785595820846,"last_submit_ms":1785595820845,"last_drain_enter_ms":1785595820846,"last_drain_exit_ms":1785595820844,"device_errors":0,"device_lost":1,"caller_stall_probes":231,"pending_readbacks":0,"queue_len":0,"signal":1421,"now_ms":1785597005489},"t":1785597005489}
[page] [jolt-webgpu] engine.run caller stalled 1185468 ms: {"jobs_submitted":1421,"jobs_started":1421,"jobs_finished":1420,"current_job_start_ms":1785595820846,"last_submit_ms":1785595820845,"last_drain_enter_ms":1785595820846,"last_drain_exit_ms":1785595820844,"device_errors":0,"device_lost":1,"caller_stall_probes":232,"pending_readbacks":0,"queue_len":0,"signal":1421,"now_ms":1785597006313}
[page] [gpu-worker][wedge] {"kind":"device","drainTraps":0,"rescuedWakeups":0,"signal":1,"engine":{"jobs_submitted":1,"jobs_started":1,"jobs_finished":1,"current_job_start_ms":0,"last_submit_ms":1785595670420,"last_drain_enter_ms":1785597010428,"last_drain_exit_ms":1785597010428,"device_errors":0,"device_lost":1,"caller_stall_probes":0,"pending_readbacks":0,"queue_len":0,"signal":1,"now_ms":1785597010428},"t":1785597010428}
[page] [gpu-worker][wedge] {"kind":"stall","jobDied":false,"stuckJob":true,"jobAgeMs":1189583,"drainTraps":0,"rescuedWakeups":0,"signal":1421,"engine":{"jobs_submitted":1421,"jobs_started":1421,"jobs_finished":1420,"current_job_start_ms":1785595820846,"last_submit_ms":1785595820845,"last_drain_enter_ms":1785595820846,"last_drain_exit_ms":1785595820844,"device_errors":0,"device_lost":1,"caller_stall_probes":232,"pending_readbacks":0,"queue_len":0,"signal":1421,"now_ms":1785597010429},"t":1785597010429}
[page] [jolt-webgpu] engine.run caller stalled 1190526 ms: {"jobs_submitted":1421,"jobs_started":1421,"jobs_finished":1420,"current_job_start_ms":1785595820846,"last_submit_ms":1785595820845,"last_drain_enter_ms":1785595820846,"last_drain_exit_ms":1785595820844,"device_errors":0,"device_lost":1,"caller_stall_probes":233,"pending_readbacks":0,"queue_len":0,"signal":1421,"now_ms":1785597011371}
+ true
+ ps axo rss,comm
+ grep -i 'Google Chrome Helper (GPU)'
+ sort -rn
+ head -1
++ date +%T
+ awk -v t=11:10:14 '{printf "[rss] %s gpu-helper %.0f MB\n", t, $1/1024}'
+ sleep 20
[page] [gpu-worker][wedge] {"kind":"device","drainTraps":0,"rescuedWakeups":0,"signal":1,"engine":{"jobs_submitted":1,"jobs_started":1,"jobs_finished":1,"current_job_start_ms":0,"last_submit_ms":1785595670420,"last_drain_enter_ms":1785597015304,"last_drain_exit_ms":1785597015304,"device_errors":0,"device_lost":1,"caller_stall_probes":0,"pending_readbacks":0,"queue_len":0,"signal":1,"now_ms":1785597015415},"t":1785597015415}
[page] [gpu-worker][wedge] {"kind":"stall","jobDied":false,"stuckJob":true,"jobAgeMs":1194570,"drainTraps":0,"rescuedWakeups":0,"signal":1421,"engine":{"jobs_submitted":1421,"jobs_started":1421,"jobs_finished":1420,"current_job_start_ms":1785595820846,"last_submit_ms":1785595820845,"last_drain_enter_ms":1785595820846,"last_drain_exit_ms":1785595820844,"device_errors":0,"device_lost":1,"caller_stall_probes":233,"pending_readbacks":0,"queue_len":0,"signal":1421,"now_ms":1785597015416},"t":1785597015416}
[page] [jolt-webgpu] engine.run caller stalled 1195634 ms: {"jobs_submitted":1421,"jobs_started":1421,"jobs_finished":1420,"current_job_start_ms":1785595820846,"last_submit_ms":1785595820845,"last_drain_enter_ms":1785595820846,"last_drain_exit_ms":1785595820844,"device_errors":0,"device_lost":1,"caller_stall_probes":234,"pending_readbacks":0,"queue_len":0,"signal":1421,"now_ms":1785597016479}
[page] [gpu-worker][wedge] {"kind":"stall","jobDied":false,"stuckJob":true,"jobAgeMs":1199565,"drainTraps":0,"rescuedWakeups":0,"signal":1421,"engine":{"jobs_submitted":1421,"jobs_started":1421,"jobs_finished":1420,"current_job_start_ms":1785595820846,"last_submit_ms":1785595820845,"last_drain_enter_ms":1785595820846,"last_drain_exit_ms":1785595820844,"device_errors":0,"device_lost":1,"caller_stall_probes":234,"pending_readbacks":0,"queue_len":0,"signal":1421,"now_ms":1785597020411},"t":1785597020411}
[page] [gpu-worker][wedge] {"kind":"device","drainTraps":0,"rescuedWakeups":0,"signal":1,"engine":{"jobs_submitted":1,"jobs_started":1,"jobs_finished":1,"current_job_start_ms":0,"last_submit_ms":1785595670420,"last_drain_enter_ms":1785597020365,"last_drain_exit_ms":1785597020365,"device_errors":0,"device_lost":1,"caller_stall_probes":0,"pending_readbacks":0,"queue_len":0,"signal":1,"now_ms":1785597020411},"t":1785597020411}
[page] [jolt-webgpu] engine.run caller stalled 1200646 ms: {"jobs_submitted":1421,"jobs_started":1421,"jobs_finished":1420,"current_job_start_ms":1785595820846,"last_submit_ms":1785595820845,"last_drain_enter_ms":1785595820846,"last_drain_exit_ms":1785595820844,"device_errors":0,"device_lost":1,"caller_stall_probes":235,"pending_readbacks":0,"queue_len":0,"signal":1421,"now_ms":1785597021491}
[page] [gpu-worker][wedge] {"kind":"stall","jobDied":false,"stuckJob":true,"jobAgeMs":1204606,"drainTraps":0,"rescuedWakeups":0,"signal":1421,"engine":{"jobs_submitted":1421,"jobs_started":1421,"jobs_finished":1420,"current_job_start_ms":1785595820846,"last_submit_ms":1785595820845,"last_drain_enter_ms":1785595820846,"last_drain_exit_ms":1785595820844,"device_errors":0,"device_lost":1,"caller_stall_probes":235,"pending_readbacks":0,"queue_len":0,"signal":1421,"now_ms":1785597025453},"t":1785597025453}
[page] [gpu-worker][wedge] {"kind":"device","drainTraps":0,"rescuedWakeups":0,"signal":1,"engine":{"jobs_submitted":1,"jobs_started":1,"jobs_finished":1,"current_job_start_ms":0,"last_submit_ms":1785595670420,"last_drain_enter_ms":1785597025453,"last_drain_exit_ms":1785597025453,"device_errors":0,"device_lost":1,"caller_stall_probes":0,"pending_readbacks":0,"queue_len":0,"signal":1,"now_ms":1785597025454},"t":1785597025454}
[page] [jolt-webgpu] engine.run caller stalled 1205795 ms: {"jobs_submitted":1421,"jobs_started":1421,"jobs_finished":1420,"current_job_start_ms":1785595820846,"last_submit_ms":1785595820845,"last_drain_enter_ms":1785595820846,"last_drain_exit_ms":1785595820844,"device_errors":0,"device_lost":1,"caller_stall_probes":236,"pending_readbacks":0,"queue_len":0,"signal":1421,"now_ms":1785597026640}
[page] [gpu-worker][wedge] {"kind":"device","drainTraps":0,"rescuedWakeups":0,"signal":1,"engine":{"jobs_submitted":1,"jobs_started":1,"jobs_finished":1,"current_job_start_ms":0,"last_submit_ms":1785595670420,"last_drain_enter_ms":1785597030317,"last_drain_exit_ms":1785597030317,"device_errors":0,"device_lost":1,"caller_stall_probes":0,"pending_readbacks":0,"queue_len":0,"signal":1,"now_ms":1785597030487},"t":1785597030487}
[page] [gpu-worker][wedge] {"kind":"stall","jobDied":false,"stuckJob":true,"jobAgeMs":1209643,"drainTraps":0,"rescuedWakeups":0,"signal":1421,"engine":{"jobs_submitted":1421,"jobs_started":1421,"jobs_finished":1420,"current_job_start_ms":1785595820846,"last_submit_ms":1785595820845,"last_drain_enter_ms":1785595820846,"last_drain_exit_ms":1785595820844,"device_errors":0,"device_lost":1,"caller_stall_probes":236,"pending_readbacks":0,"queue_len":0,"signal":1421,"now_ms":1785597030489},"t":1785597030489}
[page] [jolt-webgpu] engine.run caller stalled 1210928 ms: {"jobs_submitted":1421,"jobs_started":1421,"jobs_finished":1420,"current_job_start_ms":1785595820846,"last_submit_ms":1785595820845,"last_drain_enter_ms":1785595820846,"last_drain_exit_ms":1785595820844,"device_errors":0,"device_lost":1,"caller_stall_probes":237,"pending_readbacks":0,"queue_len":0,"signal":1421,"now_ms":1785597031773}
+ true
+ ps axo rss,comm
+ grep -i 'Google Chrome Helper (GPU)'
+ sort -rn
+ head -1
++ date +%T
+ awk -v t=11:10:34 '{printf "[rss] %s gpu-helper %.0f MB\n", t, $1/1024}'
+ sleep 20
[page] [gpu-worker][wedge] {"kind":"device","drainTraps":0,"rescuedWakeups":0,"signal":1,"engine":{"jobs_submitted":1,"jobs_started":1,"jobs_finished":1,"current_job_start_ms":0,"last_submit_ms":1785595670420,"last_drain_enter_ms":1785597035506,"last_drain_exit_ms":1785597035506,"device_errors":0,"device_lost":1,"caller_stall_probes":0,"pending_readbacks":0,"queue_len":0,"signal":1,"now_ms":1785597035506},"t":1785597035506}
[page] [gpu-worker][wedge] {"kind":"stall","jobDied":false,"stuckJob":true,"jobAgeMs":1214660,"drainTraps":0,"rescuedWakeups":0,"signal":1421,"engine":{"jobs_submitted":1421,"jobs_started":1421,"jobs_finished":1420,"current_job_start_ms":1785595820846,"last_submit_ms":1785595820845,"last_drain_enter_ms":1785595820846,"last_drain_exit_ms":1785595820844,"device_errors":0,"device_lost":1,"caller_stall_probes":237,"pending_readbacks":0,"queue_len":0,"signal":1421,"now_ms":1785597035506},"t":1785597035507}
[page] [jolt-webgpu] engine.run caller stalled 1216074 ms: {"jobs_submitted":1421,"jobs_started":1421,"jobs_finished":1420,"current_job_start_ms":1785595820846,"last_submit_ms":1785595820845,"last_drain_enter_ms":1785595820846,"last_drain_exit_ms":1785595820844,"device_errors":0,"device_lost":1,"caller_stall_probes":238,"pending_readbacks":0,"queue_len":0,"signal":1421,"now_ms":1785597036919}
[page] [gpu-worker][wedge] {"kind":"device","drainTraps":0,"rescuedWakeups":0,"signal":1,"engine":{"jobs_submitted":1,"jobs_started":1,"jobs_finished":1,"current_job_start_ms":0,"last_submit_ms":1785595670420,"last_drain_enter_ms":1785597040429,"last_drain_exit_ms":1785597040429,"device_errors":0,"device_lost":1,"caller_stall_probes":0,"pending_readbacks":0,"queue_len":0,"signal":1,"now_ms":1785597040429},"t":1785597040429}
[page] [gpu-worker][wedge] {"kind":"stall","jobDied":false,"stuckJob":true,"jobAgeMs":1219584,"drainTraps":0,"rescuedWakeups":0,"signal":1421,"engine":{"jobs_submitted":1421,"jobs_started":1421,"jobs_finished":1420,"current_job_start_ms":1785595820846,"last_submit_ms":1785595820845,"last_drain_enter_ms":1785595820846,"last_drain_exit_ms":1785595820844,"device_errors":0,"device_lost":1,"caller_stall_probes":238,"pending_readbacks":0,"queue_len":0,"signal":1421,"now_ms":1785597040430},"t":1785597040430}
[page] [jolt-webgpu] engine.run caller stalled 1221209 ms: {"jobs_submitted":1421,"jobs_started":1421,"jobs_finished":1420,"current_job_start_ms":1785595820846,"last_submit_ms":1785595820845,"last_drain_enter_ms":1785595820846,"last_drain_exit_ms":1785595820844,"device_errors":0,"device_lost":1,"caller_stall_probes":239,"pending_readbacks":0,"queue_len":0,"signal":1421,"now_ms":1785597042054}
[page] [gpu-worker][wedge] {"kind":"stall","jobDied":false,"stuckJob":true,"jobAgeMs":1224678,"drainTraps":0,"rescuedWakeups":0,"signal":1421,"engine":{"jobs_submitted":1421,"jobs_started":1421,"jobs_finished":1420,"current_job_start_ms":1785595820846,"last_submit_ms":1785595820845,"last_drain_enter_ms":1785595820846,"last_drain_exit_ms":1785595820844,"device_errors":0,"device_lost":1,"caller_stall_probes":239,"pending_readbacks":0,"queue_len":0,"signal":1421,"now_ms":1785597045524},"t":1785597045524}
[page] [gpu-worker][wedge] {"kind":"device","drainTraps":0,"rescuedWakeups":0,"signal":1,"engine":{"jobs_submitted":1,"jobs_started":1,"jobs_finished":1,"current_job_start_ms":0,"last_submit_ms":1785595670420,"last_drain_enter_ms":1785597045371,"last_drain_exit_ms":1785597045371,"device_errors":0,"device_lost":1,"caller_stall_probes":0,"pending_readbacks":0,"queue_len":0,"signal":1,"now_ms":1785597045524},"t":1785597045524}
[page] [jolt-webgpu] engine.run caller stalled 1226355 ms: {"jobs_submitted":1421,"jobs_started":1421,"jobs_finished":1420,"current_job_start_ms":1785595820846,"last_submit_ms":1785595820845,"last_drain_enter_ms":1785595820846,"last_drain_exit_ms":1785595820844,"device_errors":0,"device_lost":1,"caller_stall_probes":240,"pending_readbacks":0,"queue_len":0,"signal":1421,"now_ms":1785597047200}
[page] [gpu-worker][wedge] {"kind":"device","drainTraps":0,"rescuedWakeups":0,"signal":1,"engine":{"jobs_submitted":1,"jobs_started":1,"jobs_finished":1,"current_job_start_ms":0,"last_submit_ms":1785595670420,"last_drain_enter_ms":1785597050424,"last_drain_exit_ms":1785597050424,"device_errors":0,"device_lost":1,"caller_stall_probes":0,"pending_readbacks":0,"queue_len":0,"signal":1,"now_ms":1785597050424},"t":1785597050424}
[page] [gpu-worker][wedge] {"kind":"stall","jobDied":false,"stuckJob":true,"jobAgeMs":1229578,"drainTraps":0,"rescuedWakeups":0,"signal":1421,"engine":{"jobs_submitted":1421,"jobs_started":1421,"jobs_finished":1420,"current_job_start_ms":1785595820846,"last_submit_ms":1785595820845,"last_drain_enter_ms":1785595820846,"last_drain_exit_ms":1785595820844,"device_errors":0,"device_lost":1,"caller_stall_probes":240,"pending_readbacks":0,"queue_len":0,"signal":1421,"now_ms":1785597050424},"t":1785597050425}
[page] [jolt-webgpu] engine.run caller stalled 1231506 ms: {"jobs_submitted":1421,"jobs_started":1421,"jobs_finished":1420,"current_job_start_ms":1785595820846,"last_submit_ms":1785595820845,"last_drain_enter_ms":1785595820846,"last_drain_exit_ms":1785595820844,"device_errors":0,"device_lost":1,"caller_stall_probes":241,"pending_readbacks":0,"queue_len":0,"signal":1421,"now_ms":1785597052351}
+ true
+ ps axo rss,comm
+ grep -i 'Google Chrome Helper (GPU)'
+ sort -rn
+ head -1
++ date +%T
+ awk -v t=11:10:54 '{printf "[rss] %s gpu-helper %.0f MB\n", t, $1/1024}'
+ sleep 20
[page] [gpu-worker][wedge] {"kind":"device","drainTraps":0,"rescuedWakeups":0,"signal":1,"engine":{"jobs_submitted":1,"jobs_started":1,"jobs_finished":1,"current_job_start_ms":0,"last_submit_ms":1785595670420,"last_drain_enter_ms":1785597055296,"last_drain_exit_ms":1785597055296,"device_errors":0,"device_lost":1,"caller_stall_probes":0,"pending_readbacks":0,"queue_len":0,"signal":1,"now_ms":1785597055521},"t":1785597055521}
[page] [gpu-worker][wedge] {"kind":"stall","jobDied":false,"stuckJob":true,"jobAgeMs":1234675,"drainTraps":0,"rescuedWakeups":0,"signal":1421,"engine":{"jobs_submitted":1421,"jobs_started":1421,"jobs_finished":1420,"current_job_start_ms":1785595820846,"last_submit_ms":1785595820845,"last_drain_enter_ms":1785595820846,"last_drain_exit_ms":1785595820844,"device_errors":0,"device_lost":1,"caller_stall_probes":241,"pending_readbacks":0,"queue_len":0,"signal":1421,"now_ms":1785597055522},"t":1785597055522}
[page] [jolt-webgpu] engine.run caller stalled 1236513 ms: {"jobs_submitted":1421,"jobs_started":1421,"jobs_finished":1420,"current_job_start_ms":1785595820846,"last_submit_ms":1785595820845,"last_drain_enter_ms":1785595820846,"last_drain_exit_ms":1785595820844,"device_errors":0,"device_lost":1,"caller_stall_probes":242,"pending_readbacks":0,"queue_len":0,"signal":1421,"now_ms":1785597057358}
[page] [gpu-worker][wedge] {"kind":"device","drainTraps":0,"rescuedWakeups":0,"signal":1,"engine":{"jobs_submitted":1,"jobs_started":1,"jobs_finished":1,"current_job_start_ms":0,"last_submit_ms":1785595670420,"last_drain_enter_ms":1785597060389,"last_drain_exit_ms":1785597060389,"device_errors":0,"device_lost":1,"caller_stall_probes":0,"pending_readbacks":0,"queue_len":0,"signal":1,"now_ms":1785597060403},"t":1785597060403}
[page] [gpu-worker][wedge] {"kind":"stall","jobDied":false,"stuckJob":true,"jobAgeMs":1239557,"drainTraps":0,"rescuedWakeups":0,"signal":1421,"engine":{"jobs_submitted":1421,"jobs_started":1421,"jobs_finished":1420,"current_job_start_ms":1785595820846,"last_submit_ms":1785595820845,"last_drain_enter_ms":1785595820846,"last_drain_exit_ms":1785595820844,"device_errors":0,"device_lost":1,"caller_stall_probes":242,"pending_readbacks":0,"queue_len":0,"signal":1421,"now_ms":1785597060403},"t":1785597060403}
[page] [jolt-webgpu] engine.run caller stalled 1241544 ms: {"jobs_submitted":1421,"jobs_started":1421,"jobs_finished":1420,"current_job_start_ms":1785595820846,"last_submit_ms":1785595820845,"last_drain_enter_ms":1785595820846,"last_drain_exit_ms":1785595820844,"device_errors":0,"device_lost":1,"caller_stall_probes":243,"pending_readbacks":0,"queue_len":0,"signal":1421,"now_ms":1785597062389}
[page] [gpu-worker][wedge] {"kind":"device","drainTraps":0,"rescuedWakeups":0,"signal":1,"engine":{"jobs_submitted":1,"jobs_started":1,"jobs_finished":1,"current_job_start_ms":0,"last_submit_ms":1785595670420,"last_drain_enter_ms":1785597065379,"last_drain_exit_ms":1785597065379,"device_errors":0,"device_lost":1,"caller_stall_probes":0,"pending_readbacks":0,"queue_len":0,"signal":1,"now_ms":1785597065465},"t":1785597065466}
[page] [gpu-worker][wedge] {"kind":"stall","jobDied":false,"stuckJob":true,"jobAgeMs":1244620,"drainTraps":0,"rescuedWakeups":0,"signal":1421,"engine":{"jobs_submitted":1421,"jobs_started":1421,"jobs_finished":1420,"current_job_start_ms":1785595820846,"last_submit_ms":1785595820845,"last_drain_enter_ms":1785595820846,"last_drain_exit_ms":1785595820844,"device_errors":0,"device_lost":1,"caller_stall_probes":243,"pending_readbacks":0,"queue_len":0,"signal":1421,"now_ms":1785597065466},"t":1785597065466}
[page] [jolt-webgpu] engine.run caller stalled 1246645 ms: {"jobs_submitted":1421,"jobs_started":1421,"jobs_finished":1420,"current_job_start_ms":1785595820846,"last_submit_ms":1785595820845,"last_drain_enter_ms":1785595820846,"last_drain_exit_ms":1785595820844,"device_errors":0,"device_lost":1,"caller_stall_probes":244,"pending_readbacks":0,"queue_len":0,"signal":1421,"now_ms":1785597067490}
[page] [gpu-worker][wedge] {"kind":"device","drainTraps":0,"rescuedWakeups":0,"signal":1,"engine":{"jobs_submitted":1,"jobs_started":1,"jobs_finished":1,"current_job_start_ms":0,"last_submit_ms":1785595670420,"last_drain_enter_ms":1785597070380,"last_drain_exit_ms":1785597070380,"device_errors":0,"device_lost":1,"caller_stall_probes":0,"pending_readbacks":0,"queue_len":0,"signal":1,"now_ms":1785597070426},"t":1785597070426}
[page] [gpu-worker][wedge] {"kind":"stall","jobDied":false,"stuckJob":true,"jobAgeMs":1249581,"drainTraps":0,"rescuedWakeups":0,"signal":1421,"engine":{"jobs_submitted":1421,"jobs_started":1421,"jobs_finished":1420,"current_job_start_ms":1785595820846,"last_submit_ms":1785595820845,"last_drain_enter_ms":1785595820846,"last_drain_exit_ms":1785595820844,"device_errors":0,"device_lost":1,"caller_stall_probes":244,"pending_readbacks":0,"queue_len":0,"signal":1421,"now_ms":1785597070427},"t":1785597070427}
[page] [jolt-webgpu] engine.run caller stalled 1251790 ms: {"jobs_submitted":1421,"jobs_started":1421,"jobs_finished":1420,"current_job_start_ms":1785595820846,"last_submit_ms":1785595820845,"last_drain_enter_ms":1785595820846,"last_drain_exit_ms":1785595820844,"device_errors":0,"device_lost":1,"caller_stall_probes":245,"pending_readbacks":0,"queue_len":0,"signal":1421,"now_ms":1785597072635}
+ true
+ ps axo rss,comm
+ grep -i 'Google Chrome Helper (GPU)'
+ sort -rn
+ head -1
++ date +%T
+ awk -v t=11:11:15 '{printf "[rss] %s gpu-helper %.0f MB\n", t, $1/1024}'
+ sleep 20
[page] [gpu-worker][wedge] {"kind":"device","drainTraps":0,"rescuedWakeups":0,"signal":1,"engine":{"jobs_submitted":1,"jobs_started":1,"jobs_finished":1,"current_job_start_ms":0,"last_submit_ms":1785595670420,"last_drain_enter_ms":1785597075382,"last_drain_exit_ms":1785597075382,"device_errors":0,"device_lost":1,"caller_stall_probes":0,"pending_readbacks":0,"queue_len":0,"signal":1,"now_ms":1785597075463},"t":1785597075463}
[page] [gpu-worker][wedge] {"kind":"stall","jobDied":false,"stuckJob":true,"jobAgeMs":1254618,"drainTraps":0,"rescuedWakeups":0,"signal":1421,"engine":{"jobs_submitted":1421,"jobs_started":1421,"jobs_finished":1420,"current_job_start_ms":1785595820846,"last_submit_ms":1785595820845,"last_drain_enter_ms":1785595820846,"last_drain_exit_ms":1785595820844,"device_errors":0,"device_lost":1,"caller_stall_probes":245,"pending_readbacks":0,"queue_len":0,"signal":1421,"now_ms":1785597075464},"t":1785597075464}
[page] [jolt-webgpu] engine.run caller stalled 1256940 ms: {"jobs_submitted":1421,"jobs_started":1421,"jobs_finished":1420,"current_job_start_ms":1785595820846,"last_submit_ms":1785595820845,"last_drain_enter_ms":1785595820846,"last_drain_exit_ms":1785595820844,"device_errors":0,"device_lost":1,"caller_stall_probes":246,"pending_readbacks":0,"queue_len":0,"signal":1421,"now_ms":1785597077785}
[page] [gpu-worker][wedge] {"kind":"device","drainTraps":0,"rescuedWakeups":0,"signal":1,"engine":{"jobs_submitted":1,"jobs_started":1,"jobs_finished":1,"current_job_start_ms":0,"last_submit_ms":1785595670420,"last_drain_enter_ms":1785597080407,"last_drain_exit_ms":1785597080407,"device_errors":0,"device_lost":1,"caller_stall_probes":0,"pending_readbacks":0,"queue_len":0,"signal":1,"now_ms":1785597080407},"t":1785597080407}
[page] [gpu-worker][wedge] {"kind":"stall","jobDied":false,"stuckJob":true,"jobAgeMs":1259562,"drainTraps":0,"rescuedWakeups":0,"signal":1421,"engine":{"jobs_submitted":1421,"jobs_started":1421,"jobs_finished":1420,"current_job_start_ms":1785595820846,"last_submit_ms":1785595820845,"last_drain_enter_ms":1785595820846,"last_drain_exit_ms":1785595820844,"device_errors":0,"device_lost":1,"caller_stall_probes":246,"pending_readbacks":0,"queue_len":0,"signal":1421,"now_ms":1785597080408},"t":1785597080408}
[page] [jolt-webgpu] engine.run caller stalled 1262086 ms: {"jobs_submitted":1421,"jobs_started":1421,"jobs_finished":1420,"current_job_start_ms":1785595820846,"last_submit_ms":1785595820845,"last_drain_enter_ms":1785595820846,"last_drain_exit_ms":1785595820844,"device_errors":0,"device_lost":1,"caller_stall_probes":247,"pending_readbacks":0,"queue_len":0,"signal":1421,"now_ms":1785597082931}
[page] [gpu-worker][wedge] {"kind":"device","drainTraps":0,"rescuedWakeups":0,"signal":1,"engine":{"jobs_submitted":1,"jobs_started":1,"jobs_finished":1,"current_job_start_ms":0,"last_submit_ms":1785595670420,"last_drain_enter_ms":1785597085468,"last_drain_exit_ms":1785597085468,"device_errors":0,"device_lost":1,"caller_stall_probes":0,"pending_readbacks":0,"queue_len":0,"signal":1,"now_ms":1785597085468},"t":1785597085468}
[page] [gpu-worker][wedge] {"kind":"stall","jobDied":false,"stuckJob":true,"jobAgeMs":1264623,"drainTraps":0,"rescuedWakeups":0,"signal":1421,"engine":{"jobs_submitted":1421,"jobs_started":1421,"jobs_finished":1420,"current_job_start_ms":1785595820846,"last_submit_ms":1785595820845,"last_drain_enter_ms":1785595820846,"last_drain_exit_ms":1785595820844,"device_errors":0,"device_lost":1,"caller_stall_probes":247,"pending_readbacks":0,"queue_len":0,"signal":1421,"now_ms":1785597085469},"t":1785597085469}
[page] [jolt-webgpu] engine.run caller stalled 1267236 ms: {"jobs_submitted":1421,"jobs_started":1421,"jobs_finished":1420,"current_job_start_ms":1785595820846,"last_submit_ms":1785595820845,"last_drain_enter_ms":1785595820846,"last_drain_exit_ms":1785595820844,"device_errors":0,"device_lost":1,"caller_stall_probes":248,"pending_readbacks":0,"queue_len":0,"signal":1421,"now_ms":1785597088081}
[page] [gpu-worker][wedge] {"kind":"stall","jobDied":false,"stuckJob":true,"jobAgeMs":1269601,"drainTraps":0,"rescuedWakeups":0,"signal":1421,"engine":{"jobs_submitted":1421,"jobs_started":1421,"jobs_finished":1420,"current_job_start_ms":1785595820846,"last_submit_ms":1785595820845,"last_drain_enter_ms":1785595820846,"last_drain_exit_ms":1785595820844,"device_errors":0,"device_lost":1,"caller_stall_probes":248,"pending_readbacks":0,"queue_len":0,"signal":1421,"now_ms":1785597090447},"t":1785597090447}
[page] [gpu-worker][wedge] {"kind":"device","drainTraps":0,"rescuedWakeups":0,"signal":1,"engine":{"jobs_submitted":1,"jobs_started":1,"jobs_finished":1,"current_job_start_ms":0,"last_submit_ms":1785595670420,"last_drain_enter_ms":1785597090376,"last_drain_exit_ms":1785597090376,"device_errors":0,"device_lost":1,"caller_stall_probes":0,"pending_readbacks":0,"queue_len":0,"signal":1,"now_ms":1785597090448},"t":1785597090448}
[page] [jolt-webgpu] engine.run caller stalled 1272317 ms: {"jobs_submitted":1421,"jobs_started":1421,"jobs_finished":1420,"current_job_start_ms":1785595820846,"last_submit_ms":1785595820845,"last_drain_enter_ms":1785595820846,"last_drain_exit_ms":1785595820844,"device_errors":0,"device_lost":1,"caller_stall_probes":249,"pending_readbacks":0,"queue_len":0,"signal":1421,"now_ms":1785597093162}
+ true
+ ps axo rss,comm
+ grep -i 'Google Chrome Helper (GPU)'
+ sort -rn
+ head -1
++ date +%T
+ awk -v t=11:11:35 '{printf "[rss] %s gpu-helper %.0f MB\n", t, $1/1024}'
+ sleep 20
[page] [gpu-worker][wedge] {"kind":"device","drainTraps":0,"rescuedWakeups":0,"signal":1,"engine":{"jobs_submitted":1,"jobs_started":1,"jobs_finished":1,"current_job_start_ms":0,"last_submit_ms":1785595670420,"last_drain_enter_ms":1785597095439,"last_drain_exit_ms":1785597095439,"device_errors":0,"device_lost":1,"caller_stall_probes":0,"pending_readbacks":0,"queue_len":0,"signal":1,"now_ms":1785597095439},"t":1785597095439}
[page] [gpu-worker][wedge] {"kind":"stall","jobDied":false,"stuckJob":true,"jobAgeMs":1274594,"drainTraps":0,"rescuedWakeups":0,"signal":1421,"engine":{"jobs_submitted":1421,"jobs_started":1421,"jobs_finished":1420,"current_job_start_ms":1785595820846,"last_submit_ms":1785595820845,"last_drain_enter_ms":1785595820846,"last_drain_exit_ms":1785595820844,"device_errors":0,"device_lost":1,"caller_stall_probes":249,"pending_readbacks":0,"queue_len":0,"signal":1421,"now_ms":1785597095440},"t":1785597095440}
[page] [jolt-webgpu] engine.run caller stalled 1277410 ms: {"jobs_submitted":1421,"jobs_started":1421,"jobs_finished":1420,"current_job_start_ms":1785595820846,"last_submit_ms":1785595820845,"last_drain_enter_ms":1785595820846,"last_drain_exit_ms":1785595820844,"device_errors":0,"device_lost":1,"caller_stall_probes":250,"pending_readbacks":0,"queue_len":0,"signal":1421,"now_ms":1785597098255}
[page] [gpu-worker][wedge] {"kind":"device","drainTraps":0,"rescuedWakeups":0,"signal":1,"engine":{"jobs_submitted":1,"jobs_started":1,"jobs_finished":1,"current_job_start_ms":0,"last_submit_ms":1785595670420,"last_drain_enter_ms":1785597100310,"last_drain_exit_ms":1785597100310,"device_errors":0,"device_lost":1,"caller_stall_probes":0,"pending_readbacks":0,"queue_len":0,"signal":1,"now_ms":1785597100500},"t":1785597100500}
[page] [gpu-worker][wedge] {"kind":"stall","jobDied":false,"stuckJob":true,"jobAgeMs":1279655,"drainTraps":0,"rescuedWakeups":0,"signal":1421,"engine":{"jobs_submitted":1421,"jobs_started":1421,"jobs_finished":1420,"current_job_start_ms":1785595820846,"last_submit_ms":1785595820845,"last_drain_enter_ms":1785595820846,"last_drain_exit_ms":1785595820844,"device_errors":0,"device_lost":1,"caller_stall_probes":250,"pending_readbacks":0,"queue_len":0,"signal":1421,"now_ms":1785597100501},"t":1785597100501}
[page] [jolt-webgpu] engine.run caller stalled 1282560 ms: {"jobs_submitted":1421,"jobs_started":1421,"jobs_finished":1420,"current_job_start_ms":1785595820846,"last_submit_ms":1785595820845,"last_drain_enter_ms":1785595820846,"last_drain_exit_ms":1785595820844,"device_errors":0,"device_lost":1,"caller_stall_probes":251,"pending_readbacks":0,"queue_len":0,"signal":1421,"now_ms":1785597103405}
[page] [gpu-worker][wedge] {"kind":"stall","jobDied":false,"stuckJob":true,"jobAgeMs":1284577,"drainTraps":0,"rescuedWakeups":0,"signal":1421,"engine":{"jobs_submitted":1421,"jobs_started":1421,"jobs_finished":1420,"current_job_start_ms":1785595820846,"last_submit_ms":1785595820845,"last_drain_enter_ms":1785595820846,"last_drain_exit_ms":1785595820844,"device_errors":0,"device_lost":1,"caller_stall_probes":251,"pending_readbacks":0,"queue_len":0,"signal":1421,"now_ms":1785597105423},"t":1785597105423}
[page] [gpu-worker][wedge] {"kind":"device","drainTraps":0,"rescuedWakeups":0,"signal":1,"engine":{"jobs_submitted":1,"jobs_started":1,"jobs_finished":1,"current_job_start_ms":0,"last_submit_ms":1785595670420,"last_drain_enter_ms":1785597105301,"last_drain_exit_ms":1785597105301,"device_errors":0,"device_lost":1,"caller_stall_probes":0,"pending_readbacks":0,"queue_len":0,"signal":1,"now_ms":1785597105424},"t":1785597105424}
[page] [jolt-webgpu] engine.run caller stalled 1287709 ms: {"jobs_submitted":1421,"jobs_started":1421,"jobs_finished":1420,"current_job_start_ms":1785595820846,"last_submit_ms":1785595820845,"last_drain_enter_ms":1785595820846,"last_drain_exit_ms":1785595820844,"device_errors":0,"device_lost":1,"caller_stall_probes":252,"pending_readbacks":0,"queue_len":0,"signal":1421,"now_ms":1785597108554}
[page] [gpu-worker][wedge] {"kind":"device","drainTraps":0,"rescuedWakeups":0,"signal":1,"engine":{"jobs_submitted":1,"jobs_started":1,"jobs_finished":1,"current_job_start_ms":0,"last_submit_ms":1785595670420,"last_drain_enter_ms":1785597110517,"last_drain_exit_ms":1785597110517,"device_errors":0,"device_lost":1,"caller_stall_probes":0,"pending_readbacks":0,"queue_len":0,"signal":1,"now_ms":1785597110517},"t":1785597110517}
[page] [gpu-worker][wedge] {"kind":"stall","jobDied":false,"stuckJob":true,"jobAgeMs":1289672,"drainTraps":0,"rescuedWakeups":0,"signal":1421,"engine":{"jobs_submitted":1421,"jobs_started":1421,"jobs_finished":1420,"current_job_start_ms":1785595820846,"last_submit_ms":1785595820845,"last_drain_enter_ms":1785595820846,"last_drain_exit_ms":1785595820844,"device_errors":0,"device_lost":1,"caller_stall_probes":252,"pending_readbacks":0,"queue_len":0,"signal":1421,"now_ms":1785597110518},"t":1785597110518}
[page] [jolt-webgpu] engine.run caller stalled 1292828 ms: {"jobs_submitted":1421,"jobs_started":1421,"jobs_finished":1420,"current_job_start_ms":1785595820846,"last_submit_ms":1785595820845,"last_drain_enter_ms":1785595820846,"last_drain_exit_ms":1785595820844,"device_errors":0,"device_lost":1,"caller_stall_probes":253,"pending_readbacks":0,"queue_len":0,"signal":1421,"now_ms":1785597113673}
[page] [gpu-worker][wedge] {"kind":"device","drainTraps":0,"rescuedWakeups":0,"signal":1,"engine":{"jobs_submitted":1,"jobs_started":1,"jobs_finished":1,"current_job_start_ms":0,"last_submit_ms":1785595670420,"last_drain_enter_ms":1785597115412,"last_drain_exit_ms":1785597115412,"device_errors":0,"device_lost":1,"caller_stall_probes":0,"pending_readbacks":0,"queue_len":0,"signal":1,"now_ms":1785597115412},"t":1785597115412}
[page] [gpu-worker][wedge] {"kind":"stall","jobDied":false,"stuckJob":true,"jobAgeMs":1294567,"drainTraps":0,"rescuedWakeups":0,"signal":1421,"engine":{"jobs_submitted":1421,"jobs_started":1421,"jobs_finished":1420,"current_job_start_ms":1785595820846,"last_submit_ms":1785595820845,"last_drain_enter_ms":1785595820846,"last_drain_exit_ms":1785595820844,"device_errors":0,"device_lost":1,"caller_stall_probes":253,"pending_readbacks":0,"queue_len":0,"signal":1421,"now_ms":1785597115413},"t":1785597115413}
+ true
+ ps axo rss,comm
+ grep -i 'Google Chrome Helper (GPU)'
+ sort -rn
+ head -1
++ date +%T
+ awk -v t=11:11:55 '{printf "[rss] %s gpu-helper %.0f MB\n", t, $1/1024}'
+ sleep 20
[page] [jolt-webgpu] engine.run caller stalled 1297969 ms: {"jobs_submitted":1421,"jobs_started":1421,"jobs_finished":1420,"current_job_start_ms":1785595820846,"last_submit_ms":1785595820845,"last_drain_enter_ms":1785595820846,"last_drain_exit_ms":1785595820844,"device_errors":0,"device_lost":1,"caller_stall_probes":254,"pending_readbacks":0,"queue_len":0,"signal":1421,"now_ms":1785597118814}
[page] [gpu-worker][wedge] {"kind":"device","drainTraps":0,"rescuedWakeups":0,"signal":1,"engine":{"jobs_submitted":1,"jobs_started":1,"jobs_finished":1,"current_job_start_ms":0,"last_submit_ms":1785595670420,"last_drain_enter_ms":1785597120358,"last_drain_exit_ms":1785597120358,"device_errors":0,"device_lost":1,"caller_stall_probes":0,"pending_readbacks":0,"queue_len":0,"signal":1,"now_ms":1785597120529},"t":1785597120529}
[page] [gpu-worker][wedge] {"kind":"stall","jobDied":false,"stuckJob":true,"jobAgeMs":1299684,"drainTraps":0,"rescuedWakeups":0,"signal":1421,"engine":{"jobs_submitted":1421,"jobs_started":1421,"jobs_finished":1420,"current_job_start_ms":1785595820846,"last_submit_ms":1785595820845,"last_drain_enter_ms":1785595820846,"last_drain_exit_ms":1785595820844,"device_errors":0,"device_lost":1,"caller_stall_probes":254,"pending_readbacks":0,"queue_len":0,"signal":1421,"now_ms":1785597120530},"t":1785597120530}
[page] [jolt-webgpu] engine.run caller stalled 1303117 ms: {"jobs_submitted":1421,"jobs_started":1421,"jobs_finished":1420,"current_job_start_ms":1785595820846,"last_submit_ms":1785595820845,"last_drain_enter_ms":1785595820846,"last_drain_exit_ms":1785595820844,"device_errors":0,"device_lost":1,"caller_stall_probes":255,"pending_readbacks":0,"queue_len":0,"signal":1421,"now_ms":1785597123962}
[page] [gpu-worker][wedge] {"kind":"device","drainTraps":0,"rescuedWakeups":0,"signal":1,"engine":{"jobs_submitted":1,"jobs_started":1,"jobs_finished":1,"current_job_start_ms":0,"last_submit_ms":1785595670420,"last_drain_enter_ms":1785597125371,"last_drain_exit_ms":1785597125371,"device_errors":0,"device_lost":1,"caller_stall_probes":0,"pending_readbacks":0,"queue_len":0,"signal":1,"now_ms":1785597125536},"t":1785597125536}
[page] [gpu-worker][wedge] {"kind":"stall","jobDied":false,"stuckJob":true,"jobAgeMs":1304691,"drainTraps":0,"rescuedWakeups":0,"signal":1421,"engine":{"jobs_submitted":1421,"jobs_started":1421,"jobs_finished":1420,"current_job_start_ms":1785595820846,"last_submit_ms":1785595820845,"last_drain_enter_ms":1785595820846,"last_drain_exit_ms":1785595820844,"device_errors":0,"device_lost":1,"caller_stall_probes":255,"pending_readbacks":0,"queue_len":0,"signal":1421,"now_ms":1785597125537},"t":1785597125537}
[page] [jolt-webgpu] engine.run caller stalled 1308137 ms: {"jobs_submitted":1421,"jobs_started":1421,"jobs_finished":1420,"current_job_start_ms":1785595820846,"last_submit_ms":1785595820845,"last_drain_enter_ms":1785595820846,"last_drain_exit_ms":1785595820844,"device_errors":0,"device_lost":1,"caller_stall_probes":256,"pending_readbacks":0,"queue_len":0,"signal":1421,"now_ms":1785597128982}
[page] [gpu-worker][wedge] {"kind":"device","drainTraps":0,"rescuedWakeups":0,"signal":1,"engine":{"jobs_submitted":1,"jobs_started":1,"jobs_finished":1,"current_job_start_ms":0,"last_submit_ms":1785595670420,"last_drain_enter_ms":1785597130312,"last_drain_exit_ms":1785597130312,"device_errors":0,"device_lost":1,"caller_stall_probes":0,"pending_readbacks":0,"queue_len":0,"signal":1,"now_ms":1785597130511},"t":1785597130511}
[page] [gpu-worker][wedge] {"kind":"stall","jobDied":false,"stuckJob":true,"jobAgeMs":1309665,"drainTraps":0,"rescuedWakeups":0,"signal":1421,"engine":{"jobs_submitted":1421,"jobs_started":1421,"jobs_finished":1420,"current_job_start_ms":1785595820846,"last_submit_ms":1785595820845,"last_drain_enter_ms":1785595820846,"last_drain_exit_ms":1785595820844,"device_errors":0,"device_lost":1,"caller_stall_probes":256,"pending_readbacks":0,"queue_len":0,"signal":1421,"now_ms":1785597130511},"t":1785597130511}
[page] [jolt-webgpu] engine.run caller stalled 1313148 ms: {"jobs_submitted":1421,"jobs_started":1421,"jobs_finished":1420,"current_job_start_ms":1785595820846,"last_submit_ms":1785595820845,"last_drain_enter_ms":1785595820846,"last_drain_exit_ms":1785595820844,"device_errors":0,"device_lost":1,"caller_stall_probes":257,"pending_readbacks":0,"queue_len":0,"signal":1421,"now_ms":1785597133993}
[page] [gpu-worker][wedge] {"kind":"device","drainTraps":0,"rescuedWakeups":0,"signal":1,"engine":{"jobs_submitted":1,"jobs_started":1,"jobs_finished":1,"current_job_start_ms":0,"last_submit_ms":1785595670420,"last_drain_enter_ms":1785597135420,"last_drain_exit_ms":1785597135420,"device_errors":0,"device_lost":1,"caller_stall_probes":0,"pending_readbacks":0,"queue_len":0,"signal":1,"now_ms":1785597135420},"t":1785597135420}
[page] [gpu-worker][wedge] {"kind":"stall","jobDied":false,"stuckJob":true,"jobAgeMs":1314575,"drainTraps":0,"rescuedWakeups":0,"signal":1421,"engine":{"jobs_submitted":1421,"jobs_started":1421,"jobs_finished":1420,"current_job_start_ms":1785595820846,"last_submit_ms":1785595820845,"last_drain_enter_ms":1785595820846,"last_drain_exit_ms":1785595820844,"device_errors":0,"device_lost":1,"caller_stall_probes":257,"pending_readbacks":0,"queue_len":0,"signal":1421,"now_ms":1785597135421},"t":1785597135421}
+ true
+ ps axo rss,comm
+ grep -i 'Google Chrome Helper (GPU)'
+ sort -rn
+ head -1
++ date +%T
+ awk -v t=11:12:15 '{printf "[rss] %s gpu-helper %.0f MB\n", t, $1/1024}'
+ sleep 20
[page] [jolt-webgpu] engine.run caller stalled 1318158 ms: {"jobs_submitted":1421,"jobs_started":1421,"jobs_finished":1420,"current_job_start_ms":1785595820846,"last_submit_ms":1785595820845,"last_drain_enter_ms":1785595820846,"last_drain_exit_ms":1785595820844,"device_errors":0,"device_lost":1,"caller_stall_probes":258,"pending_readbacks":0,"queue_len":0,"signal":1421,"now_ms":1785597139003}
[page] [gpu-worker][wedge] {"kind":"device","drainTraps":0,"rescuedWakeups":0,"signal":1,"engine":{"jobs_submitted":1,"jobs_started":1,"jobs_finished":1,"current_job_start_ms":0,"last_submit_ms":1785595670420,"last_drain_enter_ms":1785597140510,"last_drain_exit_ms":1785597140510,"device_errors":0,"device_lost":1,"caller_stall_probes":0,"pending_readbacks":0,"queue_len":0,"signal":1,"now_ms":1785597140510},"t":1785597140511}
[page] [gpu-worker][wedge] {"kind":"stall","jobDied":false,"stuckJob":true,"jobAgeMs":1319665,"drainTraps":0,"rescuedWakeups":0,"signal":1421,"engine":{"jobs_submitted":1421,"jobs_started":1421,"jobs_finished":1420,"current_job_start_ms":1785595820846,"last_submit_ms":1785595820845,"last_drain_enter_ms":1785595820846,"last_drain_exit_ms":1785595820844,"device_errors":0,"device_lost":1,"caller_stall_probes":258,"pending_readbacks":0,"queue_len":0,"signal":1421,"now_ms":1785597140511},"t":1785597140511}
[page] [jolt-webgpu] engine.run caller stalled 1323168 ms: {"jobs_submitted":1421,"jobs_started":1421,"jobs_finished":1420,"current_job_start_ms":1785595820846,"last_submit_ms":1785595820845,"last_drain_enter_ms":1785595820846,"last_drain_exit_ms":1785595820844,"device_errors":0,"device_lost":1,"caller_stall_probes":259,"pending_readbacks":0,"queue_len":0,"signal":1421,"now_ms":1785597144013}
[page] [gpu-worker][wedge] {"kind":"device","drainTraps":0,"rescuedWakeups":0,"signal":1,"engine":{"jobs_submitted":1,"jobs_started":1,"jobs_finished":1,"current_job_start_ms":0,"last_submit_ms":1785595670420,"last_drain_enter_ms":1785597145488,"last_drain_exit_ms":1785597145488,"device_errors":0,"device_lost":1,"caller_stall_probes":0,"pending_readbacks":0,"queue_len":0,"signal":1,"now_ms":1785597145488},"t":1785597145488}
[page] [gpu-worker][wedge] {"kind":"stall","jobDied":false,"stuckJob":true,"jobAgeMs":1324643,"drainTraps":0,"rescuedWakeups":0,"signal":1421,"engine":{"jobs_submitted":1421,"jobs_started":1421,"jobs_finished":1420,"current_job_start_ms":1785595820846,"last_submit_ms":1785595820845,"last_drain_enter_ms":1785595820846,"last_drain_exit_ms":1785595820844,"device_errors":0,"device_lost":1,"caller_stall_probes":259,"pending_readbacks":0,"queue_len":0,"signal":1421,"now_ms":1785597145489},"t":1785597145489}
[page] [jolt-webgpu] engine.run caller stalled 1328319 ms: {"jobs_submitted":1421,"jobs_started":1421,"jobs_finished":1420,"current_job_start_ms":1785595820846,"last_submit_ms":1785595820845,"last_drain_enter_ms":1785595820846,"last_drain_exit_ms":1785595820844,"device_errors":0,"device_lost":1,"caller_stall_probes":260,"pending_readbacks":0,"queue_len":0,"signal":1421,"now_ms":1785597149164}
[page] [gpu-worker][wedge] {"kind":"device","drainTraps":0,"rescuedWakeups":0,"signal":1,"engine":{"jobs_submitted":1,"jobs_started":1,"jobs_finished":1,"current_job_start_ms":0,"last_submit_ms":1785595670420,"last_drain_enter_ms":1785597150462,"last_drain_exit_ms":1785597150462,"device_errors":0,"device_lost":1,"caller_stall_probes":0,"pending_readbacks":0,"queue_len":0,"signal":1,"now_ms":1785597150462},"t":1785597150462}
[page] [gpu-worker][wedge] {"kind":"stall","jobDied":false,"stuckJob":true,"jobAgeMs":1329617,"drainTraps":0,"rescuedWakeups":0,"signal":1421,"engine":{"jobs_submitted":1421,"jobs_started":1421,"jobs_finished":1420,"current_job_start_ms":1785595820846,"last_submit_ms":1785595820845,"last_drain_enter_ms":1785595820846,"last_drain_exit_ms":1785595820844,"device_errors":0,"device_lost":1,"caller_stall_probes":260,"pending_readbacks":0,"queue_len":0,"signal":1421,"now_ms":1785597150463},"t":1785597150463}
Terminated: 15
page.evaluate: Target page, context or browser has been closed
    at run (/Users/andoroid/dev/jolt-wasm-prover/.worktrees/u3b-verify/bench-chain.mjs:98:34)
