[lock] GPU busy (95%), settling (1/30)
+ cd /Users/andoroid/dev/jolt-wasm-prover/.worktrees/u3b-verify
+ export PW_CHANNEL=chrome BENCH_BASE=http://localhost:8247
+ PW_CHANNEL=chrome
+ BENCH_BASE=http://localhost:8247
+ SAMPLER=45469
+ BENCH_TRACING=0
+ BENCH_WEBGPU='{"minTermsRamRw":1073741824,"minTermsRegsRw":1073741824}'
+ node bench-chain.mjs 1111 10
+ true
+ ps axo rss=,comm=
+ grep -E 'Helper \(GPU\)'
+ sort -rn
+ head -1
++ date +%T
+ awk -v t=11:13:49 '{printf "[rss] %s %.0f MB\n", t, $1/1024}'
+ sleep 15
[page] jolt-wasm-prover build tag 2
[page] jolt-wasm-prover build tag 2
[page] [worker] webgpu up: gpu-worker 5ms, device+pipelines 1352ms
[page] [worker] webgpu up: gpu-worker 3ms, device+pipelines 1361ms
worker ready, sha2-chain loaded (tracing=false, webgpu={"minTermsRamRw":1073741824,"minTermsRegsRw":1073741824})
+ true
+ ps axo rss=,comm=
+ grep -E 'Helper \(GPU\)'
+ sort -rn
+ head -1
++ date +%T
+ awk -v t=11:14:04 '{printf "[rss] %s %.0f MB\n", t, $1/1024}'
+ sleep 15
+ true
+ ps axo rss=,comm=
+ grep -E 'Helper \(GPU\)'
+ sort -rn
+ head -1
++ date +%T
+ awk -v t=11:14:19 '{printf "[rss] %s %.0f MB\n", t, $1/1024}'
+ sleep 15
{"iters":1111,"run":1,"log2Padded":22,"proofSha256":"456a5012da2e5185a1381c6eff398a2fdf4522ba9068d50f6a8c11b73518cedf","proveSeconds":31.49571500015259,"verifySeconds":0.28901500010490416,"valid":true,"numCycles":3405195,"paddedCycles":4194304,"proofSize":91019,"peakMemory":2515599360,"millerServed":50,"mhz":0.13317062336827978}
iters=1111 run 1: prove 31.50s (2^22 padded, 0.133 MHz), verify 0.29s, valid=true, peak 2399 MB, miller 50
+ true
+ ps axo rss=,comm=
+ sort -rn
+ grep -E 'Helper \(GPU\)'
+ head -1
++ date +%T
+ awk -v t=11:14:34 '{printf "[rss] %s %.0f MB\n", t, $1/1024}'
+ sleep 15
+ true
+ ps axo rss=,comm=
+ grep -E 'Helper \(GPU\)'
+ sort -rn
+ head -1
++ date +%T
+ awk -v t=11:14:49 '{printf "[rss] %s %.0f MB\n", t, $1/1024}'
+ sleep 15
{"iters":1111,"run":2,"log2Padded":22,"proofSha256":"456a5012da2e5185a1381c6eff398a2fdf4522ba9068d50f6a8c11b73518cedf","proveSeconds":28.79934500002861,"verifySeconds":0.2846100001335144,"valid":true,"numCycles":3405195,"paddedCycles":4194304,"proofSize":91019,"peakMemory":2515599360,"millerServed":100,"mhz":0.14563886782827296}
iters=1111 run 2: prove 28.80s (2^22 padded, 0.146 MHz), verify 0.28s, valid=true, peak 2399 MB, miller 100
+ true
+ ps axo rss=,comm=
+ grep -E 'Helper \(GPU\)'
+ sort -rn
+ head -1
++ date +%T
+ awk -v t=11:15:04 '{printf "[rss] %s %.0f MB\n", t, $1/1024}'
+ sleep 15
+ true
+ ps axo rss=,comm=
+ grep -E 'Helper \(GPU\)'
+ sort -rn
+ head -1
++ date +%T
+ awk -v t=11:15:20 '{printf "[rss] %s %.0f MB\n", t, $1/1024}'
+ sleep 15
{"iters":1111,"run":3,"log2Padded":22,"proofSha256":"456a5012da2e5185a1381c6eff398a2fdf4522ba9068d50f6a8c11b73518cedf","proveSeconds":29.888855000019074,"verifySeconds":0.2898100001811981,"valid":true,"numCycles":3405195,"paddedCycles":4194304,"proofSize":91019,"peakMemory":2515599360,"millerServed":150,"mhz":0.14033003271611855}
iters=1111 run 3: prove 29.89s (2^22 padded, 0.140 MHz), verify 0.29s, valid=true, peak 2399 MB, miller 150
+ true
+ ps axo rss=,comm=
+ grep -E 'Helper \(GPU\)'
+ sort -rn
+ head -1
++ date +%T
+ awk -v t=11:15:35 '{printf "[rss] %s %.0f MB\n", t, $1/1024}'
+ sleep 15
+ true
+ sort -rn
+ grep -E 'Helper \(GPU\)'
+ ps axo rss=,comm=
+ head -1
++ date +%T
+ awk -v t=11:15:50 '{printf "[rss] %s %.0f MB\n", t, $1/1024}'
+ sleep 15
{"iters":1111,"run":4,"log2Padded":22,"proofSha256":"456a5012da2e5185a1381c6eff398a2fdf4522ba9068d50f6a8c11b73518cedf","proveSeconds":29.724234999895096,"verifySeconds":0.2844700000286102,"valid":true,"numCycles":3405195,"paddedCycles":4194304,"proofSize":91019,"peakMemory":2515599360,"millerServed":200,"mhz":0.14110721436614948}
iters=1111 run 4: prove 29.72s (2^22 padded, 0.141 MHz), verify 0.28s, valid=true, peak 2399 MB, miller 200
+ true
+ ps axo rss=,comm=
+ grep -E 'Helper \(GPU\)'
+ sort -rn
+ head -1
++ date +%T
+ awk -v t=11:16:05 '{printf "[rss] %s %.0f MB\n", t, $1/1024}'
+ sleep 15
+ true
+ ps axo rss=,comm=
+ sort -rn
+ grep -E 'Helper \(GPU\)'
+ head -1
++ date +%T
+ awk -v t=11:16:20 '{printf "[rss] %s %.0f MB\n", t, $1/1024}'
+ sleep 15
{"iters":1111,"run":5,"log2Padded":22,"proofSha256":"456a5012da2e5185a1381c6eff398a2fdf4522ba9068d50f6a8c11b73518cedf","proveSeconds":30.972680000066756,"verifySeconds":0.2943250000476837,"valid":true,"numCycles":3405195,"paddedCycles":4194304,"proofSize":91019,"peakMemory":2515599360,"millerServed":250,"mhz":0.13541947290292478}
iters=1111 run 5: prove 30.97s (2^22 padded, 0.135 MHz), verify 0.29s, valid=true, peak 2399 MB, miller 250
+ true
+ ps axo rss=,comm=
+ grep -E 'Helper \(GPU\)'
+ sort -rn
+ head -1
++ date +%T
+ awk -v t=11:16:35 '{printf "[rss] %s %.0f MB\n", t, $1/1024}'
+ sleep 15
[page] [jolt-webgpu] device LOST (Unknown): A valid external Instance reference no longer exists.
[page] [jolt-webgpu] device LOST (Unknown): A valid external Instance reference no longer exists.
[page] [jolt-webgpu] read_buffer: WebGPU execution failed: buffer mapping failed: Error occurred when trying to async map a buffer
[page] panicked at /Users/andoroid/dev/jolt/.worktrees/u3b/crates/jolt-kernels/src/webgpu/context.rs:325:17:
[jolt-webgpu] read_buffer: WebGPU execution failed: buffer mapping failed: Error occurred when trying to async map a buffer

Stack:

Error
    at __wbg_new_227d7c05414eb861 (http://localhost:8247/pkg/jolt_wasm_prover.js:810:25)
    at jolt_wasm_prover.wasm.<console_error_panic_hook[b32ec98883b4775b]::Error>::new::__wbg_new_227d7c05414eb861 externref shim (http://localhost:8247/pkg/jolt_wasm_prover_bg.wasm:wasm-function[7700]:0xada999)
    at jolt_wasm_prover.wasm.console_error_panic_hook[b32ec98883b4775b]::hook (http://localhost:8247/pkg/jolt_wasm_prover_bg.wasm:wasm-function[2187]:0x88ff81)
    at jolt_wasm_prover.wasm.<console_error_panic_hook[b32ec98883b4775b]::hook as core[150b7b1393586f74]::ops::function::Fn<(&std[250caa4097ed3c5d]::panic::PanicHookInfo,)>>::call (http://localhost:8247/pkg/jolt_wasm_prover_bg.wasm:wasm-function[7981]:0xadb7af)
    at jolt_wasm_prover.wasm.std[250caa4097ed3c5d]::panicking::panic_with_hook (http://localhost:8247/pkg/jolt_wasm_prover_bg.wasm:wasm-function[5334]:0xa81479)
    at jolt_wasm_prover.wasm.std[250caa4097ed3c5d]::panicking::panic_handler::{closure#0} (http://localhost:8247/pkg/jolt_wasm_prover_bg.wasm:wasm-function[6764]:0xacab62)
    at jolt_wasm_prover.wasm.std[250caa4097ed3c5d]::sys::backtrace::__rust_end_short_backtrace::<std[250caa4097ed3c5d]::panicking::panic_handler::{closure#0}, !> (http://localhost:8247/pkg/jolt_wasm_prover_bg.wasm:wasm-function[7896]:0xadb494)
    at jolt_wasm_prover.wasm.__rustc[7df315d423e9549c]::rust_begin_unwind (http://localhost:8247/pkg/jolt_wasm_prover_bg.wasm:wasm-function[7373]:0xad8196)
    at jolt_wasm_prover.wasm.core[150b7b1393586f74]::panicking::panic_fmt (http://localhost:8247/pkg/jolt_wasm_prover_bg.wasm:wasm-function[7264]:0xad69ee)
    at jolt_wasm_prover.wasm.<jolt_kernels[871592169d3f2361]::webgpu::context::WebGpuContext>::read_buffer::{closure#0} (http://localhost:8247/pkg/jolt_wasm_prover_bg.wasm:wasm-function[4874]:0xa5ee46)


[page] [gpu-worker][wedge] {"kind":"device","drainTraps":0,"rescuedWakeups":0,"signal":1,"engine":{"jobs_submitted":1,"jobs_started":1,"jobs_finished":1,"current_job_start_ms":0,"last_submit_ms":1785597237140,"last_drain_enter_ms":1785597402126,"last_drain_exit_ms":1785597402126,"device_errors":0,"device_lost":1,"caller_stall_probes":0,"pending_readbacks":0,"queue_len":0,"signal":1,"now_ms":1785597402182},"t":1785597402182}
[page] [gpu-worker][wedge] {"kind":"stall","jobDied":false,"stuckJob":true,"jobAgeMs":5277,"drainTraps":0,"rescuedWakeups":0,"signal":1298,"engine":{"jobs_submitted":1298,"jobs_started":1298,"jobs_finished":1297,"current_job_start_ms":1785597396866,"last_submit_ms":1785597396866,"last_drain_enter_ms":1785597396866,"last_drain_exit_ms":1785597396794,"device_errors":0,"device_lost":1,"caller_stall_probes":1,"pending_readbacks":0,"queue_len":0,"signal":1298,"now_ms":1785597402182},"t":1785597402182}
[page] [jolt-webgpu] engine.run caller stalled 5143 ms: {"jobs_submitted":1298,"jobs_started":1298,"jobs_finished":1297,"current_job_start_ms":1785597396866,"last_submit_ms":1785597396866,"last_drain_enter_ms":1785597396866,"last_drain_exit_ms":1785597396794,"device_errors":0,"device_lost":1,"caller_stall_probes":1,"pending_readbacks":0,"queue_len":0,"signal":1298,"now_ms":1785597402009}
[page] [gpu-worker][wedge] {"kind":"device","drainTraps":0,"rescuedWakeups":0,"signal":1,"engine":{"jobs_submitted":1,"jobs_started":1,"jobs_finished":1,"current_job_start_ms":0,"last_submit_ms":1785597237140,"last_drain_enter_ms":1785597407188,"last_drain_exit_ms":1785597407188,"device_errors":0,"device_lost":1,"caller_stall_probes":0,"pending_readbacks":0,"queue_len":0,"signal":1,"now_ms":1785597407189},"t":1785597407189}
[page] [gpu-worker][wedge] {"kind":"stall","jobDied":false,"stuckJob":true,"jobAgeMs":10323,"drainTraps":0,"rescuedWakeups":0,"signal":1298,"engine":{"jobs_submitted":1298,"jobs_started":1298,"jobs_finished":1297,"current_job_start_ms":1785597396866,"last_submit_ms":1785597396866,"last_drain_enter_ms":1785597396866,"last_drain_exit_ms":1785597396794,"device_errors":0,"device_lost":1,"caller_stall_probes":1,"pending_readbacks":0,"queue_len":0,"signal":1298,"now_ms":1785597407189},"t":1785597407189}
[page] [jolt-webgpu] engine.run caller stalled 10687 ms: {"jobs_submitted":1298,"jobs_started":1298,"jobs_finished":1297,"current_job_start_ms":1785597396866,"last_submit_ms":1785597396866,"last_drain_enter_ms":1785597396866,"last_drain_exit_ms":1785597396794,"device_errors":0,"device_lost":1,"caller_stall_probes":2,"pending_readbacks":0,"queue_len":0,"signal":1298,"now_ms":1785597407553}
+ true
+ ps axo rss=,comm=
+ grep -E 'Helper \(GPU\)'
+ sort -rn
+ head -1
++ date +%T
+ awk -v t=11:16:50 '{printf "[rss] %s %.0f MB\n", t, $1/1024}'
+ sleep 15
[page] [gpu-worker][wedge] {"kind":"stall","jobDied":false,"stuckJob":true,"jobAgeMs":15293,"drainTraps":0,"rescuedWakeups":0,"signal":1298,"engine":{"jobs_submitted":1298,"jobs_started":1298,"jobs_finished":1297,"current_job_start_ms":1785597396866,"last_submit_ms":1785597396866,"last_drain_enter_ms":1785597396866,"last_drain_exit_ms":1785597396794,"device_errors":0,"device_lost":1,"caller_stall_probes":2,"pending_readbacks":0,"queue_len":0,"signal":1298,"now_ms":1785597412159},"t":1785597412159}
[page] [gpu-worker][wedge] {"kind":"device","drainTraps":0,"rescuedWakeups":0,"signal":1,"engine":{"jobs_submitted":1,"jobs_started":1,"jobs_finished":1,"current_job_start_ms":0,"last_submit_ms":1785597237140,"last_drain_enter_ms":1785597412161,"last_drain_exit_ms":1785597412161,"device_errors":0,"device_lost":1,"caller_stall_probes":0,"pending_readbacks":0,"queue_len":0,"signal":1,"now_ms":1785597412161},"t":1785597412161}
[page] [jolt-webgpu] engine.run caller stalled 15767 ms: {"jobs_submitted":1298,"jobs_started":1298,"jobs_finished":1297,"current_job_start_ms":1785597396866,"last_submit_ms":1785597396866,"last_drain_enter_ms":1785597396866,"last_drain_exit_ms":1785597396794,"device_errors":0,"device_lost":1,"caller_stall_probes":3,"pending_readbacks":0,"queue_len":0,"signal":1298,"now_ms":1785597412633}
[page] [gpu-worker][wedge] {"kind":"device","drainTraps":0,"rescuedWakeups":0,"signal":1,"engine":{"jobs_submitted":1,"jobs_started":1,"jobs_finished":1,"current_job_start_ms":0,"last_submit_ms":1785597237140,"last_drain_enter_ms":1785597417193,"last_drain_exit_ms":1785597417193,"device_errors":0,"device_lost":1,"caller_stall_probes":0,"pending_readbacks":0,"queue_len":0,"signal":1,"now_ms":1785597417193},"t":1785597417193}
[page] [gpu-worker][wedge] {"kind":"stall","jobDied":false,"stuckJob":true,"jobAgeMs":20328,"drainTraps":0,"rescuedWakeups":0,"signal":1298,"engine":{"jobs_submitted":1298,"jobs_started":1298,"jobs_finished":1297,"current_job_start_ms":1785597396866,"last_submit_ms":1785597396866,"last_drain_enter_ms":1785597396866,"last_drain_exit_ms":1785597396794,"device_errors":0,"device_lost":1,"caller_stall_probes":3,"pending_readbacks":0,"queue_len":0,"signal":1298,"now_ms":1785597417194},"t":1785597417194}
[page] [jolt-webgpu] engine.run caller stalled 20917 ms: {"jobs_submitted":1298,"jobs_started":1298,"jobs_finished":1297,"current_job_start_ms":1785597396866,"last_submit_ms":1785597396866,"last_drain_enter_ms":1785597396866,"last_drain_exit_ms":1785597396794,"device_errors":0,"device_lost":1,"caller_stall_probes":4,"pending_readbacks":0,"queue_len":0,"signal":1298,"now_ms":1785597417783}
[page] [gpu-worker][wedge] {"kind":"device","drainTraps":0,"rescuedWakeups":0,"signal":1,"engine":{"jobs_submitted":1,"jobs_started":1,"jobs_finished":1,"current_job_start_ms":0,"last_submit_ms":1785597237140,"last_drain_enter_ms":1785597422184,"last_drain_exit_ms":1785597422184,"device_errors":0,"device_lost":1,"caller_stall_probes":0,"pending_readbacks":0,"queue_len":0,"signal":1,"now_ms":1785597422184},"t":1785597422184}
[page] [gpu-worker][wedge] {"kind":"stall","jobDied":false,"stuckJob":true,"jobAgeMs":25319,"drainTraps":0,"rescuedWakeups":0,"signal":1298,"engine":{"jobs_submitted":1298,"jobs_started":1298,"jobs_finished":1297,"current_job_start_ms":1785597396866,"last_submit_ms":1785597396866,"last_drain_enter_ms":1785597396866,"last_drain_exit_ms":1785597396794,"device_errors":0,"device_lost":1,"caller_stall_probes":4,"pending_readbacks":0,"queue_len":0,"signal":1298,"now_ms":1785597422185},"t":1785597422185}
[page] [jolt-webgpu] engine.run caller stalled 25925 ms: {"jobs_submitted":1298,"jobs_started":1298,"jobs_finished":1297,"current_job_start_ms":1785597396866,"last_submit_ms":1785597396866,"last_drain_enter_ms":1785597396866,"last_drain_exit_ms":1785597396794,"device_errors":0,"device_lost":1,"caller_stall_probes":5,"pending_readbacks":0,"queue_len":0,"signal":1298,"now_ms":1785597422791}
+ true
+ ps axo rss=,comm=
+ grep -E 'Helper \(GPU\)'
+ sort -rn
+ head -1
++ date +%T
+ awk -v t=11:17:06 '{printf "[rss] %s %.0f MB\n", t, $1/1024}'
+ sleep 15
[page] [gpu-worker][wedge] {"kind":"device","drainTraps":0,"rescuedWakeups":0,"signal":1,"engine":{"jobs_submitted":1,"jobs_started":1,"jobs_finished":1,"current_job_start_ms":0,"last_submit_ms":1785597237140,"last_drain_enter_ms":1785597427247,"last_drain_exit_ms":1785597427247,"device_errors":0,"device_lost":1,"caller_stall_probes":0,"pending_readbacks":0,"queue_len":0,"signal":1,"now_ms":1785597427247},"t":1785597427247}
[page] [gpu-worker][wedge] {"kind":"stall","jobDied":false,"stuckJob":true,"jobAgeMs":30382,"drainTraps":0,"rescuedWakeups":0,"signal":1298,"engine":{"jobs_submitted":1298,"jobs_started":1298,"jobs_finished":1297,"current_job_start_ms":1785597396866,"last_submit_ms":1785597396866,"last_drain_enter_ms":1785597396866,"last_drain_exit_ms":1785597396794,"device_errors":0,"device_lost":1,"caller_stall_probes":5,"pending_readbacks":0,"queue_len":0,"signal":1298,"now_ms":1785597427248},"t":1785597427248}
[page] [jolt-webgpu] engine.run caller stalled 31075 ms: {"jobs_submitted":1298,"jobs_started":1298,"jobs_finished":1297,"current_job_start_ms":1785597396866,"last_submit_ms":1785597396866,"last_drain_enter_ms":1785597396866,"last_drain_exit_ms":1785597396794,"device_errors":0,"device_lost":1,"caller_stall_probes":6,"pending_readbacks":0,"queue_len":0,"signal":1298,"now_ms":1785597427941}
[page] [gpu-worker][wedge] {"kind":"device","drainTraps":0,"rescuedWakeups":0,"signal":1,"engine":{"jobs_submitted":1,"jobs_started":1,"jobs_finished":1,"current_job_start_ms":0,"last_submit_ms":1785597237140,"last_drain_enter_ms":1785597432117,"last_drain_exit_ms":1785597432117,"device_errors":0,"device_lost":1,"caller_stall_probes":0,"pending_readbacks":0,"queue_len":0,"signal":1,"now_ms":1785597432252},"t":1785597432252}
[page] [gpu-worker][wedge] {"kind":"stall","jobDied":false,"stuckJob":true,"jobAgeMs":35386,"drainTraps":0,"rescuedWakeups":0,"signal":1298,"engine":{"jobs_submitted":1298,"jobs_started":1298,"jobs_finished":1297,"current_job_start_ms":1785597396866,"last_submit_ms":1785597396866,"last_drain_enter_ms":1785597396866,"last_drain_exit_ms":1785597396794,"device_errors":0,"device_lost":1,"caller_stall_probes":6,"pending_readbacks":0,"queue_len":0,"signal":1298,"now_ms":1785597432253},"t":1785597432253}
[page] [jolt-webgpu] engine.run caller stalled 36178 ms: {"jobs_submitted":1298,"jobs_started":1298,"jobs_finished":1297,"current_job_start_ms":1785597396866,"last_submit_ms":1785597396866,"last_drain_enter_ms":1785597396866,"last_drain_exit_ms":1785597396794,"device_errors":0,"device_lost":1,"caller_stall_probes":7,"pending_readbacks":0,"queue_len":0,"signal":1298,"now_ms":1785597433044}
[page] [gpu-worker][wedge] {"kind":"stall","jobDied":false,"stuckJob":true,"jobAgeMs":40296,"drainTraps":0,"rescuedWakeups":0,"signal":1298,"engine":{"jobs_submitted":1298,"jobs_started":1298,"jobs_finished":1297,"current_job_start_ms":1785597396866,"last_submit_ms":1785597396866,"last_drain_enter_ms":1785597396866,"last_drain_exit_ms":1785597396794,"device_errors":0,"device_lost":1,"caller_stall_probes":7,"pending_readbacks":0,"queue_len":0,"signal":1298,"now_ms":1785597437162},"t":1785597437162}
[page] [gpu-worker][wedge] {"kind":"device","drainTraps":0,"rescuedWakeups":0,"signal":1,"engine":{"jobs_submitted":1,"jobs_started":1,"jobs_finished":1,"current_job_start_ms":0,"last_submit_ms":1785597237140,"last_drain_enter_ms":1785597437163,"last_drain_exit_ms":1785597437163,"device_errors":0,"device_lost":1,"caller_stall_probes":0,"pending_readbacks":0,"queue_len":0,"signal":1,"now_ms":1785597437163},"t":1785597437163}
[page] [jolt-webgpu] engine.run caller stalled 41285 ms: {"jobs_submitted":1298,"jobs_started":1298,"jobs_finished":1297,"current_job_start_ms":1785597396866,"last_submit_ms":1785597396866,"last_drain_enter_ms":1785597396866,"last_drain_exit_ms":1785597396794,"device_errors":0,"device_lost":1,"caller_stall_probes":8,"pending_readbacks":0,"queue_len":0,"signal":1298,"now_ms":1785597438151}
+ true
+ ps axo rss=,comm=
+ grep -E 'Helper \(GPU\)'
+ sort -rn
+ head -1
++ date +%T
+ awk -v t=11:17:21 '{printf "[rss] %s %.0f MB\n", t, $1/1024}'
+ sleep 15
[page] [gpu-worker][wedge] {"kind":"stall","jobDied":false,"stuckJob":true,"jobAgeMs":45289,"drainTraps":0,"rescuedWakeups":0,"signal":1298,"engine":{"jobs_submitted":1298,"jobs_started":1298,"jobs_finished":1297,"current_job_start_ms":1785597396866,"last_submit_ms":1785597396866,"last_drain_enter_ms":1785597396866,"last_drain_exit_ms":1785597396794,"device_errors":0,"device_lost":1,"caller_stall_probes":8,"pending_readbacks":0,"queue_len":0,"signal":1298,"now_ms":1785597442155},"t":1785597442155}
[page] [gpu-worker][wedge] {"kind":"device","drainTraps":0,"rescuedWakeups":0,"signal":1,"engine":{"jobs_submitted":1,"jobs_started":1,"jobs_finished":1,"current_job_start_ms":0,"last_submit_ms":1785597237140,"last_drain_enter_ms":1785597442156,"last_drain_exit_ms":1785597442156,"device_errors":0,"device_lost":1,"caller_stall_probes":0,"pending_readbacks":0,"queue_len":0,"signal":1,"now_ms":1785597442156},"t":1785597442156}
[page] [jolt-webgpu] engine.run caller stalled 46386 ms: {"jobs_submitted":1298,"jobs_started":1298,"jobs_finished":1297,"current_job_start_ms":1785597396866,"last_submit_ms":1785597396866,"last_drain_enter_ms":1785597396866,"last_drain_exit_ms":1785597396794,"device_errors":0,"device_lost":1,"caller_stall_probes":9,"pending_readbacks":0,"queue_len":0,"signal":1298,"now_ms":1785597443252}
[page] [gpu-worker][wedge] {"kind":"stall","jobDied":false,"stuckJob":true,"jobAgeMs":50309,"drainTraps":0,"rescuedWakeups":0,"signal":1298,"engine":{"jobs_submitted":1298,"jobs_started":1298,"jobs_finished":1297,"current_job_start_ms":1785597396866,"last_submit_ms":1785597396866,"last_drain_enter_ms":1785597396866,"last_drain_exit_ms":1785597396794,"device_errors":0,"device_lost":1,"caller_stall_probes":9,"pending_readbacks":0,"queue_len":0,"signal":1298,"now_ms":1785597447175},"t":1785597447176}
[page] [gpu-worker][wedge] {"kind":"device","drainTraps":0,"rescuedWakeups":0,"signal":1,"engine":{"jobs_submitted":1,"jobs_started":1,"jobs_finished":1,"current_job_start_ms":0,"last_submit_ms":1785597237140,"last_drain_enter_ms":1785597447078,"last_drain_exit_ms":1785597447078,"device_errors":0,"device_lost":1,"caller_stall_probes":0,"pending_readbacks":0,"queue_len":0,"signal":1,"now_ms":1785597447176},"t":1785597447176}
[page] [jolt-webgpu] engine.run caller stalled 51433 ms: {"jobs_submitted":1298,"jobs_started":1298,"jobs_finished":1297,"current_job_start_ms":1785597396866,"last_submit_ms":1785597396866,"last_drain_enter_ms":1785597396866,"last_drain_exit_ms":1785597396794,"device_errors":0,"device_lost":1,"caller_stall_probes":10,"pending_readbacks":0,"queue_len":0,"signal":1298,"now_ms":1785597448299}
[page] [gpu-worker][wedge] {"kind":"device","drainTraps":0,"rescuedWakeups":0,"signal":1,"engine":{"jobs_submitted":1,"jobs_started":1,"jobs_finished":1,"current_job_start_ms":0,"last_submit_ms":1785597237140,"last_drain_enter_ms":1785597452277,"last_drain_exit_ms":1785597452277,"device_errors":0,"device_lost":1,"caller_stall_probes":0,"pending_readbacks":0,"queue_len":0,"signal":1,"now_ms":1785597452277},"t":1785597452277}
[page] [gpu-worker][wedge] {"kind":"stall","jobDied":false,"stuckJob":true,"jobAgeMs":55412,"drainTraps":0,"rescuedWakeups":0,"signal":1298,"engine":{"jobs_submitted":1298,"jobs_started":1298,"jobs_finished":1297,"current_job_start_ms":1785597396866,"last_submit_ms":1785597396866,"last_drain_enter_ms":1785597396866,"last_drain_exit_ms":1785597396794,"device_errors":0,"device_lost":1,"caller_stall_probes":10,"pending_readbacks":0,"queue_len":0,"signal":1298,"now_ms":1785597452278},"t":1785597452278}
[page] [jolt-webgpu] engine.run caller stalled 56511 ms: {"jobs_submitted":1298,"jobs_started":1298,"jobs_finished":1297,"current_job_start_ms":1785597396866,"last_submit_ms":1785597396866,"last_drain_enter_ms":1785597396866,"last_drain_exit_ms":1785597396794,"device_errors":0,"device_lost":1,"caller_stall_probes":11,"pending_readbacks":0,"queue_len":0,"signal":1298,"now_ms":1785597453377}
+ true
+ ps axo rss=,comm=
+ grep -E 'Helper \(GPU\)'
+ sort -rn
+ head -1
++ date +%T
+ awk -v t=11:17:36 '{printf "[rss] %s %.0f MB\n", t, $1/1024}'
+ sleep 15
[page] [gpu-worker][wedge] {"kind":"device","drainTraps":0,"rescuedWakeups":0,"signal":1,"engine":{"jobs_submitted":1,"jobs_started":1,"jobs_finished":1,"current_job_start_ms":0,"last_submit_ms":1785597237140,"last_drain_enter_ms":1785597457163,"last_drain_exit_ms":1785597457163,"device_errors":0,"device_lost":1,"caller_stall_probes":0,"pending_readbacks":0,"queue_len":0,"signal":1,"now_ms":1785597457163},"t":1785597457163}
[page] [gpu-worker][wedge] {"kind":"stall","jobDied":false,"stuckJob":true,"jobAgeMs":60298,"drainTraps":0,"rescuedWakeups":0,"signal":1298,"engine":{"jobs_submitted":1298,"jobs_started":1298,"jobs_finished":1297,"current_job_start_ms":1785597396866,"last_submit_ms":1785597396866,"last_drain_enter_ms":1785597396866,"last_drain_exit_ms":1785597396794,"device_errors":0,"device_lost":1,"caller_stall_probes":11,"pending_readbacks":0,"queue_len":0,"signal":1298,"now_ms":1785597457164},"t":1785597457164}
[page] [jolt-webgpu] engine.run caller stalled 61662 ms: {"jobs_submitted":1298,"jobs_started":1298,"jobs_finished":1297,"current_job_start_ms":1785597396866,"last_submit_ms":1785597396866,"last_drain_enter_ms":1785597396866,"last_drain_exit_ms":1785597396794,"device_errors":0,"device_lost":1,"caller_stall_probes":12,"pending_readbacks":0,"queue_len":0,"signal":1298,"now_ms":1785597458528}
[page] [gpu-worker][wedge] {"kind":"stall","jobDied":false,"stuckJob":true,"jobAgeMs":65395,"drainTraps":0,"rescuedWakeups":0,"signal":1298,"engine":{"jobs_submitted":1298,"jobs_started":1298,"jobs_finished":1297,"current_job_start_ms":1785597396866,"last_submit_ms":1785597396866,"last_drain_enter_ms":1785597396866,"last_drain_exit_ms":1785597396794,"device_errors":0,"device_lost":1,"caller_stall_probes":12,"pending_readbacks":0,"queue_len":0,"signal":1298,"now_ms":1785597462261},"t":1785597462261}
[page] [gpu-worker][wedge] {"kind":"device","drainTraps":0,"rescuedWakeups":0,"signal":1,"engine":{"jobs_submitted":1,"jobs_started":1,"jobs_finished":1,"current_job_start_ms":0,"last_submit_ms":1785597237140,"last_drain_enter_ms":1785597462051,"last_drain_exit_ms":1785597462051,"device_errors":0,"device_lost":1,"caller_stall_probes":0,"pending_readbacks":0,"queue_len":0,"signal":1,"now_ms":1785597462262},"t":1785597462262}
[page] [jolt-webgpu] engine.run caller stalled 66810 ms: {"jobs_submitted":1298,"jobs_started":1298,"jobs_finished":1297,"current_job_start_ms":1785597396866,"last_submit_ms":1785597396866,"last_drain_enter_ms":1785597396866,"last_drain_exit_ms":1785597396794,"device_errors":0,"device_lost":1,"caller_stall_probes":13,"pending_readbacks":0,"queue_len":0,"signal":1298,"now_ms":1785597463676}
[page] [gpu-worker][wedge] {"kind":"device","drainTraps":0,"rescuedWakeups":0,"signal":1,"engine":{"jobs_submitted":1,"jobs_started":1,"jobs_finished":1,"current_job_start_ms":0,"last_submit_ms":1785597237140,"last_drain_enter_ms":1785597467099,"last_drain_exit_ms":1785597467099,"device_errors":0,"device_lost":1,"caller_stall_probes":0,"pending_readbacks":0,"queue_len":0,"signal":1,"now_ms":1785597467178},"t":1785597467178}
[page] [gpu-worker][wedge] {"kind":"stall","jobDied":false,"stuckJob":true,"jobAgeMs":70313,"drainTraps":0,"rescuedWakeups":0,"signal":1298,"engine":{"jobs_submitted":1298,"jobs_started":1298,"jobs_finished":1297,"current_job_start_ms":1785597396866,"last_submit_ms":1785597396866,"last_drain_enter_ms":1785597396866,"last_drain_exit_ms":1785597396794,"device_errors":0,"device_lost":1,"caller_stall_probes":13,"pending_readbacks":0,"queue_len":0,"signal":1298,"now_ms":1785597467179},"t":1785597467179}
[page] [jolt-webgpu] engine.run caller stalled 71859 ms: {"jobs_submitted":1298,"jobs_started":1298,"jobs_finished":1297,"current_job_start_ms":1785597396866,"last_submit_ms":1785597396866,"last_drain_enter_ms":1785597396866,"last_drain_exit_ms":1785597396794,"device_errors":0,"device_lost":1,"caller_stall_probes":14,"pending_readbacks":0,"queue_len":0,"signal":1298,"now_ms":1785597468725}
+ true
+ ps axo rss=,comm=
+ grep -E 'Helper \(GPU\)'
+ sort -rn
+ head -1
++ date +%T
+ awk -v t=11:17:51 '{printf "[rss] %s %.0f MB\n", t, $1/1024}'
+ sleep 15
[page] [gpu-worker][wedge] {"kind":"device","drainTraps":0,"rescuedWakeups":0,"signal":1,"engine":{"jobs_submitted":1,"jobs_started":1,"jobs_finished":1,"current_job_start_ms":0,"last_submit_ms":1785597237140,"last_drain_enter_ms":1785597472071,"last_drain_exit_ms":1785597472071,"device_errors":0,"device_lost":1,"caller_stall_probes":0,"pending_readbacks":0,"queue_len":0,"signal":1,"now_ms":1785597472225},"t":1785597472225}
[page] [gpu-worker][wedge] {"kind":"stall","jobDied":false,"stuckJob":true,"jobAgeMs":75360,"drainTraps":0,"rescuedWakeups":0,"signal":1298,"engine":{"jobs_submitted":1298,"jobs_started":1298,"jobs_finished":1297,"current_job_start_ms":1785597396866,"last_submit_ms":1785597396866,"last_drain_enter_ms":1785597396866,"last_drain_exit_ms":1785597396794,"device_errors":0,"device_lost":1,"caller_stall_probes":14,"pending_readbacks":0,"queue_len":0,"signal":1298,"now_ms":1785597472226},"t":1785597472226}
[page] [jolt-webgpu] engine.run caller stalled 76867 ms: {"jobs_submitted":1298,"jobs_started":1298,"jobs_finished":1297,"current_job_start_ms":1785597396866,"last_submit_ms":1785597396866,"last_drain_enter_ms":1785597396866,"last_drain_exit_ms":1785597396794,"device_errors":0,"device_lost":1,"caller_stall_probes":15,"pending_readbacks":0,"queue_len":0,"signal":1298,"now_ms":1785597473733}
[page] [gpu-worker][wedge] {"kind":"stall","jobDied":false,"stuckJob":true,"jobAgeMs":80305,"drainTraps":0,"rescuedWakeups":0,"signal":1298,"engine":{"jobs_submitted":1298,"jobs_started":1298,"jobs_finished":1297,"current_job_start_ms":1785597396866,"last_submit_ms":1785597396866,"last_drain_enter_ms":1785597396866,"last_drain_exit_ms":1785597396794,"device_errors":0,"device_lost":1,"caller_stall_probes":15,"pending_readbacks":0,"queue_len":0,"signal":1298,"now_ms":1785597477172},"t":1785597477172}
[page] [gpu-worker][wedge] {"kind":"device","drainTraps":0,"rescuedWakeups":0,"signal":1,"engine":{"jobs_submitted":1,"jobs_started":1,"jobs_finished":1,"current_job_start_ms":0,"last_submit_ms":1785597237140,"last_drain_enter_ms":1785597477077,"last_drain_exit_ms":1785597477077,"device_errors":0,"device_lost":1,"caller_stall_probes":0,"pending_readbacks":0,"queue_len":0,"signal":1,"now_ms":1785597477172},"t":1785597477172}
[page] [jolt-webgpu] engine.run caller stalled 82018 ms: {"jobs_submitted":1298,"jobs_started":1298,"jobs_finished":1297,"current_job_start_ms":1785597396866,"last_submit_ms":1785597396866,"last_drain_enter_ms":1785597396866,"last_drain_exit_ms":1785597396794,"device_errors":0,"device_lost":1,"caller_stall_probes":16,"pending_readbacks":0,"queue_len":0,"signal":1298,"now_ms":1785597478884}
[page] [gpu-worker][wedge] {"kind":"device","drainTraps":0,"rescuedWakeups":0,"signal":1,"engine":{"jobs_submitted":1,"jobs_started":1,"jobs_finished":1,"current_job_start_ms":0,"last_submit_ms":1785597237140,"last_drain_enter_ms":1785597482178,"last_drain_exit_ms":1785597482180,"device_errors":0,"device_lost":1,"caller_stall_probes":0,"pending_readbacks":0,"queue_len":0,"signal":1,"now_ms":1785597482180},"t":1785597482180}
[page] [gpu-worker][wedge] {"kind":"stall","jobDied":false,"stuckJob":true,"jobAgeMs":85315,"drainTraps":0,"rescuedWakeups":0,"signal":1298,"engine":{"jobs_submitted":1298,"jobs_started":1298,"jobs_finished":1297,"current_job_start_ms":1785597396866,"last_submit_ms":1785597396866,"last_drain_enter_ms":1785597396866,"last_drain_exit_ms":1785597396794,"device_errors":0,"device_lost":1,"caller_stall_probes":16,"pending_readbacks":0,"queue_len":0,"signal":1298,"now_ms":1785597482181},"t":1785597482181}
[page] [jolt-webgpu] engine.run caller stalled 87153 ms: {"jobs_submitted":1298,"jobs_started":1298,"jobs_finished":1297,"current_job_start_ms":1785597396866,"last_submit_ms":1785597396866,"last_drain_enter_ms":1785597396866,"last_drain_exit_ms":1785597396794,"device_errors":0,"device_lost":1,"caller_stall_probes":17,"pending_readbacks":0,"queue_len":0,"signal":1298,"now_ms":1785597484019}
+ true
+ ps axo rss=,comm=
+ grep -E 'Helper \(GPU\)'
+ sort -rn
+ head -1
++ date +%T
+ awk -v t=11:18:06 '{printf "[rss] %s %.0f MB\n", t, $1/1024}'
+ sleep 15
[page] [gpu-worker][wedge] {"kind":"device","drainTraps":0,"rescuedWakeups":0,"signal":1,"engine":{"jobs_submitted":1,"jobs_started":1,"jobs_finished":1,"current_job_start_ms":0,"last_submit_ms":1785597237140,"last_drain_enter_ms":1785597487127,"last_drain_exit_ms":1785597487127,"device_errors":0,"device_lost":1,"caller_stall_probes":0,"pending_readbacks":0,"queue_len":0,"signal":1,"now_ms":1785597487213},"t":1785597487213}
[page] [gpu-worker][wedge] {"kind":"stall","jobDied":false,"stuckJob":true,"jobAgeMs":90348,"drainTraps":0,"rescuedWakeups":0,"signal":1298,"engine":{"jobs_submitted":1298,"jobs_started":1298,"jobs_finished":1297,"current_job_start_ms":1785597396866,"last_submit_ms":1785597396866,"last_drain_enter_ms":1785597396866,"last_drain_exit_ms":1785597396794,"device_errors":0,"device_lost":1,"caller_stall_probes":17,"pending_readbacks":0,"queue_len":0,"signal":1298,"now_ms":1785597487214},"t":1785597487214}
[page] [jolt-webgpu] engine.run caller stalled 92199 ms: {"jobs_submitted":1298,"jobs_started":1298,"jobs_finished":1297,"current_job_start_ms":1785597396866,"last_submit_ms":1785597396866,"last_drain_enter_ms":1785597396866,"last_drain_exit_ms":1785597396794,"device_errors":0,"device_lost":1,"caller_stall_probes":18,"pending_readbacks":0,"queue_len":0,"signal":1298,"now_ms":1785597489065}
[page] [gpu-worker][wedge] {"kind":"device","drainTraps":0,"rescuedWakeups":0,"signal":1,"engine":{"jobs_submitted":1,"jobs_started":1,"jobs_finished":1,"current_job_start_ms":0,"last_submit_ms":1785597237140,"last_drain_enter_ms":1785597492167,"last_drain_exit_ms":1785597492167,"device_errors":0,"device_lost":1,"caller_stall_probes":0,"pending_readbacks":0,"queue_len":0,"signal":1,"now_ms":1785597492167},"t":1785597492167}
[page] [gpu-worker][wedge] {"kind":"stall","jobDied":false,"stuckJob":true,"jobAgeMs":95301,"drainTraps":0,"rescuedWakeups":0,"signal":1298,"engine":{"jobs_submitted":1298,"jobs_started":1298,"jobs_finished":1297,"current_job_start_ms":1785597396866,"last_submit_ms":1785597396866,"last_drain_enter_ms":1785597396866,"last_drain_exit_ms":1785597396794,"device_errors":0,"device_lost":1,"caller_stall_probes":18,"pending_readbacks":0,"queue_len":0,"signal":1298,"now_ms":1785597492167},"t":1785597492168}
[page] [jolt-webgpu] engine.run caller stalled 97347 ms: {"jobs_submitted":1298,"jobs_started":1298,"jobs_finished":1297,"current_job_start_ms":1785597396866,"last_submit_ms":1785597396866,"last_drain_enter_ms":1785597396866,"last_drain_exit_ms":1785597396794,"device_errors":0,"device_lost":1,"caller_stall_probes":19,"pending_readbacks":0,"queue_len":0,"signal":1298,"now_ms":1785597494213}
[page] [gpu-worker][wedge] {"kind":"device","drainTraps":0,"rescuedWakeups":0,"signal":1,"engine":{"jobs_submitted":1,"jobs_started":1,"jobs_finished":1,"current_job_start_ms":0,"last_submit_ms":1785597237140,"last_drain_enter_ms":1785597497232,"last_drain_exit_ms":1785597497232,"device_errors":0,"device_lost":1,"caller_stall_probes":0,"pending_readbacks":0,"queue_len":0,"signal":1,"now_ms":1785597497232},"t":1785597497232}
[page] [gpu-worker][wedge] {"kind":"stall","jobDied":false,"stuckJob":true,"jobAgeMs":100367,"drainTraps":0,"rescuedWakeups":0,"signal":1298,"engine":{"jobs_submitted":1298,"jobs_started":1298,"jobs_finished":1297,"current_job_start_ms":1785597396866,"last_submit_ms":1785597396866,"last_drain_enter_ms":1785597396866,"last_drain_exit_ms":1785597396794,"device_errors":0,"device_lost":1,"caller_stall_probes":19,"pending_readbacks":0,"queue_len":0,"signal":1298,"now_ms":1785597497233},"t":1785597497233}
[page] [jolt-webgpu] engine.run caller stalled 102452 ms: {"jobs_submitted":1298,"jobs_started":1298,"jobs_finished":1297,"current_job_start_ms":1785597396866,"last_submit_ms":1785597396866,"last_drain_enter_ms":1785597396866,"last_drain_exit_ms":1785597396794,"device_errors":0,"device_lost":1,"caller_stall_probes":20,"pending_readbacks":0,"queue_len":0,"signal":1298,"now_ms":1785597499318}
+ true
+ ps axo rss=,comm=
+ grep -E 'Helper \(GPU\)'
+ sort -rn
+ head -1
++ date +%T
+ awk -v t=11:18:21 '{printf "[rss] %s %.0f MB\n", t, $1/1024}'
+ sleep 15
[page] [gpu-worker][wedge] {"kind":"device","drainTraps":0,"rescuedWakeups":0,"signal":1,"engine":{"jobs_submitted":1,"jobs_started":1,"jobs_finished":1,"current_job_start_ms":0,"last_submit_ms":1785597237140,"last_drain_enter_ms":1785597502153,"last_drain_exit_ms":1785597502153,"device_errors":0,"device_lost":1,"caller_stall_probes":0,"pending_readbacks":0,"queue_len":0,"signal":1,"now_ms":1785597502154},"t":1785597502154}
[page] [gpu-worker][wedge] {"kind":"stall","jobDied":false,"stuckJob":true,"jobAgeMs":105288,"drainTraps":0,"rescuedWakeups":0,"signal":1298,"engine":{"jobs_submitted":1298,"jobs_started":1298,"jobs_finished":1297,"current_job_start_ms":1785597396866,"last_submit_ms":1785597396866,"last_drain_enter_ms":1785597396866,"last_drain_exit_ms":1785597396794,"device_errors":0,"device_lost":1,"caller_stall_probes":20,"pending_readbacks":0,"queue_len":0,"signal":1298,"now_ms":1785597502154},"t":1785597502154}
[page] [jolt-webgpu] engine.run caller stalled 107599 ms: {"jobs_submitted":1298,"jobs_started":1298,"jobs_finished":1297,"current_job_start_ms":1785597396866,"last_submit_ms":1785597396866,"last_drain_enter_ms":1785597396866,"last_drain_exit_ms":1785597396794,"device_errors":0,"device_lost":1,"caller_stall_probes":21,"pending_readbacks":0,"queue_len":0,"signal":1298,"now_ms":1785597504465}
[page] [gpu-worker][wedge] {"kind":"stall","jobDied":false,"stuckJob":true,"jobAgeMs":110378,"drainTraps":0,"rescuedWakeups":0,"signal":1298,"engine":{"jobs_submitted":1298,"jobs_started":1298,"jobs_finished":1297,"current_job_start_ms":1785597396866,"last_submit_ms":1785597396866,"last_drain_enter_ms":1785597396866,"last_drain_exit_ms":1785597396794,"device_errors":0,"device_lost":1,"caller_stall_probes":21,"pending_readbacks":0,"queue_len":0,"signal":1298,"now_ms":1785597507245},"t":1785597507245}
[page] [gpu-worker][wedge] {"kind":"device","drainTraps":0,"rescuedWakeups":0,"signal":1,"engine":{"jobs_submitted":1,"jobs_started":1,"jobs_finished":1,"current_job_start_ms":0,"last_submit_ms":1785597237140,"last_drain_enter_ms":1785597507245,"last_drain_exit_ms":1785597507245,"device_errors":0,"device_lost":1,"caller_stall_probes":0,"pending_readbacks":0,"queue_len":0,"signal":1,"now_ms":1785597507245},"t":1785597507245}
[page] [jolt-webgpu] engine.run caller stalled 112709 ms: {"jobs_submitted":1298,"jobs_started":1298,"jobs_finished":1297,"current_job_start_ms":1785597396866,"last_submit_ms":1785597396866,"last_drain_enter_ms":1785597396866,"last_drain_exit_ms":1785597396794,"device_errors":0,"device_lost":1,"caller_stall_probes":22,"pending_readbacks":0,"queue_len":0,"signal":1298,"now_ms":1785597509575}
[page] [gpu-worker][wedge] {"kind":"stall","jobDied":false,"stuckJob":true,"jobAgeMs":115388,"drainTraps":0,"rescuedWakeups":0,"signal":1298,"engine":{"jobs_submitted":1298,"jobs_started":1298,"jobs_finished":1297,"current_job_start_ms":1785597396866,"last_submit_ms":1785597396866,"last_drain_enter_ms":1785597396866,"last_drain_exit_ms":1785597396794,"device_errors":0,"device_lost":1,"caller_stall_probes":22,"pending_readbacks":0,"queue_len":0,"signal":1298,"now_ms":1785597512254},"t":1785597512254}
[page] [gpu-worker][wedge] {"kind":"device","drainTraps":0,"rescuedWakeups":0,"signal":1,"engine":{"jobs_submitted":1,"jobs_started":1,"jobs_finished":1,"current_job_start_ms":0,"last_submit_ms":1785597237140,"last_drain_enter_ms":1785597512040,"last_drain_exit_ms":1785597512040,"device_errors":0,"device_lost":1,"caller_stall_probes":0,"pending_readbacks":0,"queue_len":0,"signal":1,"now_ms":1785597512254},"t":1785597512254}
[page] [jolt-webgpu] engine.run caller stalled 117860 ms: {"jobs_submitted":1298,"jobs_started":1298,"jobs_finished":1297,"current_job_start_ms":1785597396866,"last_submit_ms":1785597396866,"last_drain_enter_ms":1785597396866,"last_drain_exit_ms":1785597396794,"device_errors":0,"device_lost":1,"caller_stall_probes":23,"pending_readbacks":0,"queue_len":0,"signal":1298,"now_ms":1785597514726}
+ true
+ ps axo rss=,comm=
+ grep -E 'Helper \(GPU\)'
+ sort -rn
+ head -1
++ date +%T
+ awk -v t=11:18:37 '{printf "[rss] %s %.0f MB\n", t, $1/1024}'
+ sleep 15
[page] [gpu-worker][wedge] {"kind":"device","drainTraps":0,"rescuedWakeups":0,"signal":1,"engine":{"jobs_submitted":1,"jobs_started":1,"jobs_finished":1,"current_job_start_ms":0,"last_submit_ms":1785597237140,"last_drain_enter_ms":1785597517220,"last_drain_exit_ms":1785597517220,"device_errors":0,"device_lost":1,"caller_stall_probes":0,"pending_readbacks":0,"queue_len":0,"signal":1,"now_ms":1785597517220},"t":1785597517220}
[page] [gpu-worker][wedge] {"kind":"stall","jobDied":false,"stuckJob":true,"jobAgeMs":120354,"drainTraps":0,"rescuedWakeups":0,"signal":1298,"engine":{"jobs_submitted":1298,"jobs_started":1298,"jobs_finished":1297,"current_job_start_ms":1785597396866,"last_submit_ms":1785597396866,"last_drain_enter_ms":1785597396866,"last_drain_exit_ms":1785597396794,"device_errors":0,"device_lost":1,"caller_stall_probes":23,"pending_readbacks":0,"queue_len":0,"signal":1298,"now_ms":1785597517221},"t":1785597517221}
[page] [jolt-webgpu] engine.run caller stalled 122861 ms: {"jobs_submitted":1298,"jobs_started":1298,"jobs_finished":1297,"current_job_start_ms":1785597396866,"last_submit_ms":1785597396866,"last_drain_enter_ms":1785597396866,"last_drain_exit_ms":1785597396794,"device_errors":0,"device_lost":1,"caller_stall_probes":24,"pending_readbacks":0,"queue_len":0,"signal":1298,"now_ms":1785597519727}
[page] [gpu-worker][wedge] {"kind":"device","drainTraps":0,"rescuedWakeups":0,"signal":1,"engine":{"jobs_submitted":1,"jobs_started":1,"jobs_finished":1,"current_job_start_ms":0,"last_submit_ms":1785597237140,"last_drain_enter_ms":1785597522278,"last_drain_exit_ms":1785597522278,"device_errors":0,"device_lost":1,"caller_stall_probes":0,"pending_readbacks":0,"queue_len":0,"signal":1,"now_ms":1785597522278},"t":1785597522278}
[page] [gpu-worker][wedge] {"kind":"stall","jobDied":false,"stuckJob":true,"jobAgeMs":125413,"drainTraps":0,"rescuedWakeups":0,"signal":1298,"engine":{"jobs_submitted":1298,"jobs_started":1298,"jobs_finished":1297,"current_job_start_ms":1785597396866,"last_submit_ms":1785597396866,"last_drain_enter_ms":1785597396866,"last_drain_exit_ms":1785597396794,"device_errors":0,"device_lost":1,"caller_stall_probes":24,"pending_readbacks":0,"queue_len":0,"signal":1298,"now_ms":1785597522279},"t":1785597522279}
[page] [jolt-webgpu] engine.run caller stalled 127963 ms: {"jobs_submitted":1298,"jobs_started":1298,"jobs_finished":1297,"current_job_start_ms":1785597396866,"last_submit_ms":1785597396866,"last_drain_enter_ms":1785597396866,"last_drain_exit_ms":1785597396794,"device_errors":0,"device_lost":1,"caller_stall_probes":25,"pending_readbacks":0,"queue_len":0,"signal":1298,"now_ms":1785597524829}
[page] [gpu-worker][wedge] {"kind":"device","drainTraps":0,"rescuedWakeups":0,"signal":1,"engine":{"jobs_submitted":1,"jobs_started":1,"jobs_finished":1,"current_job_start_ms":0,"last_submit_ms":1785597237140,"last_drain_enter_ms":1785597527208,"last_drain_exit_ms":1785597527208,"device_errors":0,"device_lost":1,"caller_stall_probes":0,"pending_readbacks":0,"queue_len":0,"signal":1,"now_ms":1785597527208},"t":1785597527208}
[page] [gpu-worker][wedge] {"kind":"stall","jobDied":false,"stuckJob":true,"jobAgeMs":130343,"drainTraps":0,"rescuedWakeups":0,"signal":1298,"engine":{"jobs_submitted":1298,"jobs_started":1298,"jobs_finished":1297,"current_job_start_ms":1785597396866,"last_submit_ms":1785597396866,"last_drain_enter_ms":1785597396866,"last_drain_exit_ms":1785597396794,"device_errors":0,"device_lost":1,"caller_stall_probes":25,"pending_readbacks":0,"queue_len":0,"signal":1298,"now_ms":1785597527209},"t":1785597527209}
[page] [jolt-webgpu] engine.run caller stalled 133078 ms: {"jobs_submitted":1298,"jobs_started":1298,"jobs_finished":1297,"current_job_start_ms":1785597396866,"last_submit_ms":1785597396866,"last_drain_enter_ms":1785597396866,"last_drain_exit_ms":1785597396794,"device_errors":0,"device_lost":1,"caller_stall_probes":26,"pending_readbacks":0,"queue_len":0,"signal":1298,"now_ms":1785597529944}
[page] [gpu-worker][wedge] {"kind":"device","drainTraps":0,"rescuedWakeups":0,"signal":1,"engine":{"jobs_submitted":1,"jobs_started":1,"jobs_finished":1,"current_job_start_ms":0,"last_submit_ms":1785597237140,"last_drain_enter_ms":1785597532179,"last_drain_exit_ms":1785597532179,"device_errors":0,"device_lost":1,"caller_stall_probes":0,"pending_readbacks":0,"queue_len":0,"signal":1,"now_ms":1785597532180},"t":1785597532180}
[page] [gpu-worker][wedge] {"kind":"stall","jobDied":false,"stuckJob":true,"jobAgeMs":135314,"drainTraps":0,"rescuedWakeups":0,"signal":1298,"engine":{"jobs_submitted":1298,"jobs_started":1298,"jobs_finished":1297,"current_job_start_ms":1785597396866,"last_submit_ms":1785597396866,"last_drain_enter_ms":1785597396866,"last_drain_exit_ms":1785597396794,"device_errors":0,"device_lost":1,"caller_stall_probes":26,"pending_readbacks":0,"queue_len":0,"signal":1298,"now_ms":1785597532180},"t":1785597532181}
+ true
+ ps axo rss=,comm=
+ grep -E 'Helper \(GPU\)'
+ sort -rn
+ head -1
++ date +%T
+ awk -v t=11:18:52 '{printf "[rss] %s %.0f MB\n", t, $1/1024}'
+ sleep 15
[page] [jolt-webgpu] engine.run caller stalled 138131 ms: {"jobs_submitted":1298,"jobs_started":1298,"jobs_finished":1297,"current_job_start_ms":1785597396866,"last_submit_ms":1785597396866,"last_drain_enter_ms":1785597396866,"last_drain_exit_ms":1785597396794,"device_errors":0,"device_lost":1,"caller_stall_probes":27,"pending_readbacks":0,"queue_len":0,"signal":1298,"now_ms":1785597534997}
[page] [gpu-worker][wedge] {"kind":"device","drainTraps":0,"rescuedWakeups":0,"signal":1,"engine":{"jobs_submitted":1,"jobs_started":1,"jobs_finished":1,"current_job_start_ms":0,"last_submit_ms":1785597237140,"last_drain_enter_ms":1785597537077,"last_drain_exit_ms":1785597537077,"device_errors":0,"device_lost":1,"caller_stall_probes":0,"pending_readbacks":0,"queue_len":0,"signal":1,"now_ms":1785597537143},"t":1785597537144}
[page] [gpu-worker][wedge] {"kind":"stall","jobDied":false,"stuckJob":true,"jobAgeMs":140278,"drainTraps":0,"rescuedWakeups":0,"signal":1298,"engine":{"jobs_submitted":1298,"jobs_started":1298,"jobs_finished":1297,"current_job_start_ms":1785597396866,"last_submit_ms":1785597396866,"last_drain_enter_ms":1785597396866,"last_drain_exit_ms":1785597396794,"device_errors":0,"device_lost":1,"caller_stall_probes":27,"pending_readbacks":0,"queue_len":0,"signal":1298,"now_ms":1785597537144},"t":1785597537144}
[page] [jolt-webgpu] engine.run caller stalled 143133 ms: {"jobs_submitted":1298,"jobs_started":1298,"jobs_finished":1297,"current_job_start_ms":1785597396866,"last_submit_ms":1785597396866,"last_drain_enter_ms":1785597396866,"last_drain_exit_ms":1785597396794,"device_errors":0,"device_lost":1,"caller_stall_probes":28,"pending_readbacks":0,"queue_len":0,"signal":1298,"now_ms":1785597539999}
[page] [gpu-worker][wedge] {"kind":"device","drainTraps":0,"rescuedWakeups":0,"signal":1,"engine":{"jobs_submitted":1,"jobs_started":1,"jobs_finished":1,"current_job_start_ms":0,"last_submit_ms":1785597237140,"last_drain_enter_ms":1785597542157,"last_drain_exit_ms":1785597542157,"device_errors":0,"device_lost":1,"caller_stall_probes":0,"pending_readbacks":0,"queue_len":0,"signal":1,"now_ms":1785597542158},"t":1785597542158}
[page] [gpu-worker][wedge] {"kind":"stall","jobDied":false,"stuckJob":true,"jobAgeMs":145292,"drainTraps":0,"rescuedWakeups":0,"signal":1298,"engine":{"jobs_submitted":1298,"jobs_started":1298,"jobs_finished":1297,"current_job_start_ms":1785597396866,"last_submit_ms":1785597396866,"last_drain_enter_ms":1785597396866,"last_drain_exit_ms":1785597396794,"device_errors":0,"device_lost":1,"caller_stall_probes":28,"pending_readbacks":0,"queue_len":0,"signal":1298,"now_ms":1785597542158},"t":1785597542158}
[page] [jolt-webgpu] engine.run caller stalled 148276 ms: {"jobs_submitted":1298,"jobs_started":1298,"jobs_finished":1297,"current_job_start_ms":1785597396866,"last_submit_ms":1785597396866,"last_drain_enter_ms":1785597396866,"last_drain_exit_ms":1785597396794,"device_errors":0,"device_lost":1,"caller_stall_probes":29,"pending_readbacks":0,"queue_len":0,"signal":1298,"now_ms":1785597545142}
[page] [gpu-worker][wedge] {"kind":"device","drainTraps":0,"rescuedWakeups":0,"signal":1,"engine":{"jobs_submitted":1,"jobs_started":1,"jobs_finished":1,"current_job_start_ms":0,"last_submit_ms":1785597237140,"last_drain_enter_ms":1785597547152,"last_drain_exit_ms":1785597547152,"device_errors":0,"device_lost":1,"caller_stall_probes":0,"pending_readbacks":0,"queue_len":0,"signal":1,"now_ms":1785597547152},"t":1785597547152}
[page] [gpu-worker][wedge] {"kind":"stall","jobDied":false,"stuckJob":true,"jobAgeMs":150287,"drainTraps":0,"rescuedWakeups":0,"signal":1298,"engine":{"jobs_submitted":1298,"jobs_started":1298,"jobs_finished":1297,"current_job_start_ms":1785597396866,"last_submit_ms":1785597396866,"last_drain_enter_ms":1785597396866,"last_drain_exit_ms":1785597396794,"device_errors":0,"device_lost":1,"caller_stall_probes":29,"pending_readbacks":0,"queue_len":0,"signal":1298,"now_ms":1785597547153},"t":1785597547153}
+ true
+ ps axo rss=,comm=
+ grep -E 'Helper \(GPU\)'
+ sort -rn
+ head -1
++ date +%T
+ awk -v t=11:19:07 '{printf "[rss] %s %.0f MB\n", t, $1/1024}'
+ sleep 15
[page] [jolt-webgpu] engine.run caller stalled 153426 ms: {"jobs_submitted":1298,"jobs_started":1298,"jobs_finished":1297,"current_job_start_ms":1785597396866,"last_submit_ms":1785597396866,"last_drain_enter_ms":1785597396866,"last_drain_exit_ms":1785597396794,"device_errors":0,"device_lost":1,"caller_stall_probes":30,"pending_readbacks":0,"queue_len":0,"signal":1298,"now_ms":1785597550292}
[page] [gpu-worker][wedge] {"kind":"device","drainTraps":0,"rescuedWakeups":0,"signal":1,"engine":{"jobs_submitted":1,"jobs_started":1,"jobs_finished":1,"current_job_start_ms":0,"last_submit_ms":1785597237140,"last_drain_enter_ms":1785597552236,"last_drain_exit_ms":1785597552236,"device_errors":0,"device_lost":1,"caller_stall_probes":0,"pending_readbacks":0,"queue_len":0,"signal":1,"now_ms":1785597552236},"t":1785597552236}
[page] [gpu-worker][wedge] {"kind":"stall","jobDied":false,"stuckJob":true,"jobAgeMs":155371,"drainTraps":0,"rescuedWakeups":0,"signal":1298,"engine":{"jobs_submitted":1298,"jobs_started":1298,"jobs_finished":1297,"current_job_start_ms":1785597396866,"last_submit_ms":1785597396866,"last_drain_enter_ms":1785597396866,"last_drain_exit_ms":1785597396794,"device_errors":0,"device_lost":1,"caller_stall_probes":30,"pending_readbacks":0,"queue_len":0,"signal":1298,"now_ms":1785597552237},"t":1785597552238}
[page] [jolt-webgpu] engine.run caller stalled 158553 ms: {"jobs_submitted":1298,"jobs_started":1298,"jobs_finished":1297,"current_job_start_ms":1785597396866,"last_submit_ms":1785597396866,"last_drain_enter_ms":1785597396866,"last_drain_exit_ms":1785597396794,"device_errors":0,"device_lost":1,"caller_stall_probes":31,"pending_readbacks":0,"queue_len":0,"signal":1298,"now_ms":1785597555419}
[page] [gpu-worker][wedge] {"kind":"device","drainTraps":0,"rescuedWakeups":0,"signal":1,"engine":{"jobs_submitted":1,"jobs_started":1,"jobs_finished":1,"current_job_start_ms":0,"last_submit_ms":1785597237140,"last_drain_enter_ms":1785597557250,"last_drain_exit_ms":1785597557250,"device_errors":0,"device_lost":1,"caller_stall_probes":0,"pending_readbacks":0,"queue_len":0,"signal":1,"now_ms":1785597557250},"t":1785597557250}
[page] [gpu-worker][wedge] {"kind":"stall","jobDied":false,"stuckJob":true,"jobAgeMs":160384,"drainTraps":0,"rescuedWakeups":0,"signal":1298,"engine":{"jobs_submitted":1298,"jobs_started":1298,"jobs_finished":1297,"current_job_start_ms":1785597396866,"last_submit_ms":1785597396866,"last_drain_enter_ms":1785597396866,"last_drain_exit_ms":1785597396794,"device_errors":0,"device_lost":1,"caller_stall_probes":31,"pending_readbacks":0,"queue_len":0,"signal":1298,"now_ms":1785597557250},"t":1785597557250}
[page] [jolt-webgpu] engine.run caller stalled 163694 ms: {"jobs_submitted":1298,"jobs_started":1298,"jobs_finished":1297,"current_job_start_ms":1785597396866,"last_submit_ms":1785597396866,"last_drain_enter_ms":1785597396866,"last_drain_exit_ms":1785597396794,"device_errors":0,"device_lost":1,"caller_stall_probes":32,"pending_readbacks":0,"queue_len":0,"signal":1298,"now_ms":1785597560560}
[page] [gpu-worker][wedge] {"kind":"device","drainTraps":0,"rescuedWakeups":0,"signal":1,"engine":{"jobs_submitted":1,"jobs_started":1,"jobs_finished":1,"current_job_start_ms":0,"last_submit_ms":1785597237140,"last_drain_enter_ms":1785597562142,"last_drain_exit_ms":1785597562142,"device_errors":0,"device_lost":1,"caller_stall_probes":0,"pending_readbacks":0,"queue_len":0,"signal":1,"now_ms":1785597562142},"t":1785597562142}
[page] [gpu-worker][wedge] {"kind":"stall","jobDied":false,"stuckJob":true,"jobAgeMs":165277,"drainTraps":0,"rescuedWakeups":0,"signal":1298,"engine":{"jobs_submitted":1298,"jobs_started":1298,"jobs_finished":1297,"current_job_start_ms":1785597396866,"last_submit_ms":1785597396866,"last_drain_enter_ms":1785597396866,"last_drain_exit_ms":1785597396794,"device_errors":0,"device_lost":1,"caller_stall_probes":32,"pending_readbacks":0,"queue_len":0,"signal":1298,"now_ms":1785597562143},"t":1785597562143}
+ true
+ ps axo rss=,comm=
+ grep -E 'Helper \(GPU\)'
+ sort -rn
+ head -1
++ date +%T
+ awk -v t=11:19:22 '{printf "[rss] %s %.0f MB\n", t, $1/1024}'
+ sleep 15
[page] [jolt-webgpu] engine.run caller stalled 168774 ms: {"jobs_submitted":1298,"jobs_started":1298,"jobs_finished":1297,"current_job_start_ms":1785597396866,"last_submit_ms":1785597396866,"last_drain_enter_ms":1785597396866,"last_drain_exit_ms":1785597396794,"device_errors":0,"device_lost":1,"caller_stall_probes":33,"pending_readbacks":0,"queue_len":0,"signal":1298,"now_ms":1785597565640}
[page] [gpu-worker][wedge] {"kind":"device","drainTraps":0,"rescuedWakeups":0,"signal":1,"engine":{"jobs_submitted":1,"jobs_started":1,"jobs_finished":1,"current_job_start_ms":0,"last_submit_ms":1785597237140,"last_drain_enter_ms":1785597567275,"last_drain_exit_ms":1785597567275,"device_errors":0,"device_lost":1,"caller_stall_probes":0,"pending_readbacks":0,"queue_len":0,"signal":1,"now_ms":1785597567275},"t":1785597567275}
[page] [gpu-worker][wedge] {"kind":"stall","jobDied":false,"stuckJob":true,"jobAgeMs":170410,"drainTraps":0,"rescuedWakeups":0,"signal":1298,"engine":{"jobs_submitted":1298,"jobs_started":1298,"jobs_finished":1297,"current_job_start_ms":1785597396866,"last_submit_ms":1785597396866,"last_drain_enter_ms":1785597396866,"last_drain_exit_ms":1785597396794,"device_errors":0,"device_lost":1,"caller_stall_probes":33,"pending_readbacks":0,"queue_len":0,"signal":1298,"now_ms":1785597567276},"t":1785597567276}
[page] [jolt-webgpu] engine.run caller stalled 173924 ms: {"jobs_submitted":1298,"jobs_started":1298,"jobs_finished":1297,"current_job_start_ms":1785597396866,"last_submit_ms":1785597396866,"last_drain_enter_ms":1785597396866,"last_drain_exit_ms":1785597396794,"device_errors":0,"device_lost":1,"caller_stall_probes":34,"pending_readbacks":0,"queue_len":0,"signal":1298,"now_ms":1785597570790}
[page] [gpu-worker][wedge] {"kind":"device","drainTraps":0,"rescuedWakeups":0,"signal":1,"engine":{"jobs_submitted":1,"jobs_started":1,"jobs_finished":1,"current_job_start_ms":0,"last_submit_ms":1785597237140,"last_drain_enter_ms":1785597572152,"last_drain_exit_ms":1785597572152,"device_errors":0,"device_lost":1,"caller_stall_probes":0,"pending_readbacks":0,"queue_len":0,"signal":1,"now_ms":1785597572152},"t":1785597572152}
[page] [gpu-worker][wedge] {"kind":"stall","jobDied":false,"stuckJob":true,"jobAgeMs":175287,"drainTraps":0,"rescuedWakeups":0,"signal":1298,"engine":{"jobs_submitted":1298,"jobs_started":1298,"jobs_finished":1297,"current_job_start_ms":1785597396866,"last_submit_ms":1785597396866,"last_drain_enter_ms":1785597396866,"last_drain_exit_ms":1785597396794,"device_errors":0,"device_lost":1,"caller_stall_probes":34,"pending_readbacks":0,"queue_len":0,"signal":1298,"now_ms":1785597572153},"t":1785597572153}
[page] [jolt-webgpu] engine.run caller stalled 179059 ms: {"jobs_submitted":1298,"jobs_started":1298,"jobs_finished":1297,"current_job_start_ms":1785597396866,"last_submit_ms":1785597396866,"last_drain_enter_ms":1785597396866,"last_drain_exit_ms":1785597396794,"device_errors":0,"device_lost":1,"caller_stall_probes":35,"pending_readbacks":0,"queue_len":0,"signal":1298,"now_ms":1785597575925}
[page] [gpu-worker][wedge] {"kind":"stall","jobDied":false,"stuckJob":true,"jobAgeMs":180352,"drainTraps":0,"rescuedWakeups":0,"signal":1298,"engine":{"jobs_submitted":1298,"jobs_started":1298,"jobs_finished":1297,"current_job_start_ms":1785597396866,"last_submit_ms":1785597396866,"last_drain_enter_ms":1785597396866,"last_drain_exit_ms":1785597396794,"device_errors":0,"device_lost":1,"caller_stall_probes":35,"pending_readbacks":0,"queue_len":0,"signal":1298,"now_ms":1785597577218},"t":1785597577218}
[page] [gpu-worker][wedge] {"kind":"device","drainTraps":0,"rescuedWakeups":0,"signal":1,"engine":{"jobs_submitted":1,"jobs_started":1,"jobs_finished":1,"current_job_start_ms":0,"last_submit_ms":1785597237140,"last_drain_enter_ms":1785597577048,"last_drain_exit_ms":1785597577048,"device_errors":0,"device_lost":1,"caller_stall_probes":0,"pending_readbacks":0,"queue_len":0,"signal":1,"now_ms":1785597577219},"t":1785597577219}
+ true
+ ps axo rss=,comm=
+ grep -E 'Helper \(GPU\)'
+ sort -rn
+ head -1
++ date +%T
+ awk -v t=11:19:37 '{printf "[rss] %s %.0f MB\n", t, $1/1024}'
+ sleep 15
[page] [jolt-webgpu] engine.run caller stalled 184059 ms: {"jobs_submitted":1298,"jobs_started":1298,"jobs_finished":1297,"current_job_start_ms":1785597396866,"last_submit_ms":1785597396866,"last_drain_enter_ms":1785597396866,"last_drain_exit_ms":1785597396794,"device_errors":0,"device_lost":1,"caller_stall_probes":36,"pending_readbacks":0,"queue_len":0,"signal":1298,"now_ms":1785597580926}
[page] [gpu-worker][wedge] {"kind":"device","drainTraps":0,"rescuedWakeups":0,"signal":1,"engine":{"jobs_submitted":1,"jobs_started":1,"jobs_finished":1,"current_job_start_ms":0,"last_submit_ms":1785597237140,"last_drain_enter_ms":1785597582070,"last_drain_exit_ms":1785597582070,"device_errors":0,"device_lost":1,"caller_stall_probes":0,"pending_readbacks":0,"queue_len":0,"signal":1,"now_ms":1785597582251},"t":1785597582251}
[page] [gpu-worker][wedge] {"kind":"stall","jobDied":false,"stuckJob":true,"jobAgeMs":185385,"drainTraps":0,"rescuedWakeups":0,"signal":1298,"engine":{"jobs_submitted":1298,"jobs_started":1298,"jobs_finished":1297,"current_job_start_ms":1785597396866,"last_submit_ms":1785597396866,"last_drain_enter_ms":1785597396866,"last_drain_exit_ms":1785597396794,"device_errors":0,"device_lost":1,"caller_stall_probes":36,"pending_readbacks":0,"queue_len":0,"signal":1298,"now_ms":1785597582251},"t":1785597582251}
[page] [jolt-webgpu] engine.run caller stalled 189210 ms: {"jobs_submitted":1298,"jobs_started":1298,"jobs_finished":1297,"current_job_start_ms":1785597396866,"last_submit_ms":1785597396866,"last_drain_enter_ms":1785597396866,"last_drain_exit_ms":1785597396794,"device_errors":0,"device_lost":1,"caller_stall_probes":37,"pending_readbacks":0,"queue_len":0,"signal":1298,"now_ms":1785597586076}
[page] [gpu-worker][wedge] {"kind":"device","drainTraps":0,"rescuedWakeups":0,"signal":1,"engine":{"jobs_submitted":1,"jobs_started":1,"jobs_finished":1,"current_job_start_ms":0,"last_submit_ms":1785597237140,"last_drain_enter_ms":1785597587218,"last_drain_exit_ms":1785597587218,"device_errors":0,"device_lost":1,"caller_stall_probes":0,"pending_readbacks":0,"queue_len":0,"signal":1,"now_ms":1785597587219},"t":1785597587219}
[page] [gpu-worker][wedge] {"kind":"stall","jobDied":false,"stuckJob":true,"jobAgeMs":190353,"drainTraps":0,"rescuedWakeups":0,"signal":1298,"engine":{"jobs_submitted":1298,"jobs_started":1298,"jobs_finished":1297,"current_job_start_ms":1785597396866,"last_submit_ms":1785597396866,"last_drain_enter_ms":1785597396866,"last_drain_exit_ms":1785597396794,"device_errors":0,"device_lost":1,"caller_stall_probes":37,"pending_readbacks":0,"queue_len":0,"signal":1298,"now_ms":1785597587219},"t":1785597587219}
[page] [jolt-webgpu] engine.run caller stalled 194361 ms: {"jobs_submitted":1298,"jobs_started":1298,"jobs_finished":1297,"current_job_start_ms":1785597396866,"last_submit_ms":1785597396866,"last_drain_enter_ms":1785597396866,"last_drain_exit_ms":1785597396794,"device_errors":0,"device_lost":1,"caller_stall_probes":38,"pending_readbacks":0,"queue_len":0,"signal":1298,"now_ms":1785597591227}
[page] [gpu-worker][wedge] {"kind":"device","drainTraps":0,"rescuedWakeups":0,"signal":1,"engine":{"jobs_submitted":1,"jobs_started":1,"jobs_finished":1,"current_job_start_ms":0,"last_submit_ms":1785597237140,"last_drain_enter_ms":1785597592144,"last_drain_exit_ms":1785597592144,"device_errors":0,"device_lost":1,"caller_stall_probes":0,"pending_readbacks":0,"queue_len":0,"signal":1,"now_ms":1785597592144},"t":1785597592144}
[page] [gpu-worker][wedge] {"kind":"stall","jobDied":false,"stuckJob":true,"jobAgeMs":195279,"drainTraps":0,"rescuedWakeups":0,"signal":1298,"engine":{"jobs_submitted":1298,"jobs_started":1298,"jobs_finished":1297,"current_job_start_ms":1785597396866,"last_submit_ms":1785597396866,"last_drain_enter_ms":1785597396866,"last_drain_exit_ms":1785597396794,"device_errors":0,"device_lost":1,"caller_stall_probes":38,"pending_readbacks":0,"queue_len":0,"signal":1298,"now_ms":1785597592145},"t":1785597592145}
+ true
+ ps axo rss=,comm=
+ grep -E 'Helper \(GPU\)'
+ sort -rn
+ head -1
++ date +%T
+ awk -v t=11:19:52 '{printf "[rss] %s %.0f MB\n", t, $1/1024}'
+ sleep 15
[page] [jolt-webgpu] engine.run caller stalled 199511 ms: {"jobs_submitted":1298,"jobs_started":1298,"jobs_finished":1297,"current_job_start_ms":1785597396866,"last_submit_ms":1785597396866,"last_drain_enter_ms":1785597396866,"last_drain_exit_ms":1785597396794,"device_errors":0,"device_lost":1,"caller_stall_probes":39,"pending_readbacks":0,"queue_len":0,"signal":1298,"now_ms":1785597596377}
[page] [gpu-worker][wedge] {"kind":"device","drainTraps":0,"rescuedWakeups":0,"signal":1,"engine":{"jobs_submitted":1,"jobs_started":1,"jobs_finished":1,"current_job_start_ms":0,"last_submit_ms":1785597237140,"last_drain_enter_ms":1785597597054,"last_drain_exit_ms":1785597597054,"device_errors":0,"device_lost":1,"caller_stall_probes":0,"pending_readbacks":0,"queue_len":0,"signal":1,"now_ms":1785597597258},"t":1785597597258}
[page] [gpu-worker][wedge] {"kind":"stall","jobDied":false,"stuckJob":true,"jobAgeMs":200392,"drainTraps":0,"rescuedWakeups":0,"signal":1298,"engine":{"jobs_submitted":1298,"jobs_started":1298,"jobs_finished":1297,"current_job_start_ms":1785597396866,"last_submit_ms":1785597396866,"last_drain_enter_ms":1785597396866,"last_drain_exit_ms":1785597396794,"device_errors":0,"device_lost":1,"caller_stall_probes":39,"pending_readbacks":0,"queue_len":0,"signal":1298,"now_ms":1785597597258},"t":1785597597258}
[page] [jolt-webgpu] engine.run caller stalled 204650 ms: {"jobs_submitted":1298,"jobs_started":1298,"jobs_finished":1297,"current_job_start_ms":1785597396866,"last_submit_ms":1785597396866,"last_drain_enter_ms":1785597396866,"last_drain_exit_ms":1785597396794,"device_errors":0,"device_lost":1,"caller_stall_probes":40,"pending_readbacks":0,"queue_len":0,"signal":1298,"now_ms":1785597601516}
[page] [gpu-worker][wedge] {"kind":"stall","jobDied":false,"stuckJob":true,"jobAgeMs":205419,"drainTraps":0,"rescuedWakeups":0,"signal":1298,"engine":{"jobs_submitted":1298,"jobs_started":1298,"jobs_finished":1297,"current_job_start_ms":1785597396866,"last_submit_ms":1785597396866,"last_drain_enter_ms":1785597396866,"last_drain_exit_ms":1785597396794,"device_errors":0,"device_lost":1,"caller_stall_probes":40,"pending_readbacks":0,"queue_len":0,"signal":1298,"now_ms":1785597602285},"t":1785597602285}
[page] [gpu-worker][wedge] {"kind":"device","drainTraps":0,"rescuedWakeups":0,"signal":1,"engine":{"jobs_submitted":1,"jobs_started":1,"jobs_finished":1,"current_job_start_ms":0,"last_submit_ms":1785597237140,"last_drain_enter_ms":1785597602037,"last_drain_exit_ms":1785597602037,"device_errors":0,"device_lost":1,"caller_stall_probes":0,"pending_readbacks":0,"queue_len":0,"signal":1,"now_ms":1785597602285},"t":1785597602285}
[page] [jolt-webgpu] engine.run caller stalled 209792 ms: {"jobs_submitted":1298,"jobs_started":1298,"jobs_finished":1297,"current_job_start_ms":1785597396866,"last_submit_ms":1785597396866,"last_drain_enter_ms":1785597396866,"last_drain_exit_ms":1785597396794,"device_errors":0,"device_lost":1,"caller_stall_probes":41,"pending_readbacks":0,"queue_len":0,"signal":1298,"now_ms":1785597606658}
[page] [gpu-worker][wedge] {"kind":"device","drainTraps":0,"rescuedWakeups":0,"signal":1,"engine":{"jobs_submitted":1,"jobs_started":1,"jobs_finished":1,"current_job_start_ms":0,"last_submit_ms":1785597237140,"last_drain_enter_ms":1785597607136,"last_drain_exit_ms":1785597607136,"device_errors":0,"device_lost":1,"caller_stall_probes":0,"pending_readbacks":0,"queue_len":0,"signal":1,"now_ms":1785597607145},"t":1785597607145}
[page] [gpu-worker][wedge] {"kind":"stall","jobDied":false,"stuckJob":true,"jobAgeMs":210280,"drainTraps":0,"rescuedWakeups":0,"signal":1298,"engine":{"jobs_submitted":1298,"jobs_started":1298,"jobs_finished":1297,"current_job_start_ms":1785597396866,"last_submit_ms":1785597396866,"last_drain_enter_ms":1785597396866,"last_drain_exit_ms":1785597396794,"device_errors":0,"device_lost":1,"caller_stall_probes":41,"pending_readbacks":0,"queue_len":0,"signal":1298,"now_ms":1785597607146},"t":1785597607146}
+ true
+ ps axo rss=,comm=
+ grep -E 'Helper \(GPU\)'
+ sort -rn
+ head -1
++ date +%T
+ awk -v t=11:20:08 '{printf "[rss] %s %.0f MB\n", t, $1/1024}'
+ sleep 15
[page] [jolt-webgpu] engine.run caller stalled 214886 ms: {"jobs_submitted":1298,"jobs_started":1298,"jobs_finished":1297,"current_job_start_ms":1785597396866,"last_submit_ms":1785597396866,"last_drain_enter_ms":1785597396866,"last_drain_exit_ms":1785597396794,"device_errors":0,"device_lost":1,"caller_stall_probes":42,"pending_readbacks":0,"queue_len":0,"signal":1298,"now_ms":1785597611752}
[page] [gpu-worker][wedge] {"kind":"stall","jobDied":false,"stuckJob":true,"jobAgeMs":215410,"drainTraps":0,"rescuedWakeups":0,"signal":1298,"engine":{"jobs_submitted":1298,"jobs_started":1298,"jobs_finished":1297,"current_job_start_ms":1785597396866,"last_submit_ms":1785597396866,"last_drain_enter_ms":1785597396866,"last_drain_exit_ms":1785597396794,"device_errors":0,"device_lost":1,"caller_stall_probes":42,"pending_readbacks":0,"queue_len":0,"signal":1298,"now_ms":1785597612276},"t":1785597612276}
[page] [gpu-worker][wedge] {"kind":"device","drainTraps":0,"rescuedWakeups":0,"signal":1,"engine":{"jobs_submitted":1,"jobs_started":1,"jobs_finished":1,"current_job_start_ms":0,"last_submit_ms":1785597237140,"last_drain_enter_ms":1785597612089,"last_drain_exit_ms":1785597612089,"device_errors":0,"device_lost":1,"caller_stall_probes":0,"pending_readbacks":0,"queue_len":0,"signal":1,"now_ms":1785597612276},"t":1785597612276}
[page] [jolt-webgpu] engine.run caller stalled 219993 ms: {"jobs_submitted":1298,"jobs_started":1298,"jobs_finished":1297,"current_job_start_ms":1785597396866,"last_submit_ms":1785597396866,"last_drain_enter_ms":1785597396866,"last_drain_exit_ms":1785597396794,"device_errors":0,"device_lost":1,"caller_stall_probes":43,"pending_readbacks":0,"queue_len":0,"signal":1298,"now_ms":1785597616859}
[page] [gpu-worker][wedge] {"kind":"stall","jobDied":false,"stuckJob":true,"jobAgeMs":220349,"drainTraps":0,"rescuedWakeups":0,"signal":1298,"engine":{"jobs_submitted":1298,"jobs_started":1298,"jobs_finished":1297,"current_job_start_ms":1785597396866,"last_submit_ms":1785597396866,"last_drain_enter_ms":1785597396866,"last_drain_exit_ms":1785597396794,"device_errors":0,"device_lost":1,"caller_stall_probes":43,"pending_readbacks":0,"queue_len":0,"signal":1298,"now_ms":1785597617216},"t":1785597617216}
[page] [gpu-worker][wedge] {"kind":"device","drainTraps":0,"rescuedWakeups":0,"signal":1,"engine":{"jobs_submitted":1,"jobs_started":1,"jobs_finished":1,"current_job_start_ms":0,"last_submit_ms":1785597237140,"last_drain_enter_ms":1785597617216,"last_drain_exit_ms":1785597617216,"device_errors":0,"device_lost":1,"caller_stall_probes":0,"pending_readbacks":0,"queue_len":0,"signal":1,"now_ms":1785597617216},"t":1785597617216}
[page] [jolt-webgpu] engine.run caller stalled 225101 ms: {"jobs_submitted":1298,"jobs_started":1298,"jobs_finished":1297,"current_job_start_ms":1785597396866,"last_submit_ms":1785597396866,"last_drain_enter_ms":1785597396866,"last_drain_exit_ms":1785597396794,"device_errors":0,"device_lost":1,"caller_stall_probes":44,"pending_readbacks":0,"queue_len":0,"signal":1298,"now_ms":1785597621967}
[page] [gpu-worker][wedge] {"kind":"device","drainTraps":0,"rescuedWakeups":0,"signal":1,"engine":{"jobs_submitted":1,"jobs_started":1,"jobs_finished":1,"current_job_start_ms":0,"last_submit_ms":1785597237140,"last_drain_enter_ms":1785597622168,"last_drain_exit_ms":1785597622168,"device_errors":0,"device_lost":1,"caller_stall_probes":0,"pending_readbacks":0,"queue_len":0,"signal":1,"now_ms":1785597622171},"t":1785597622171}
[page] [gpu-worker][wedge] {"kind":"stall","jobDied":false,"stuckJob":true,"jobAgeMs":225305,"drainTraps":0,"rescuedWakeups":0,"signal":1298,"engine":{"jobs_submitted":1298,"jobs_started":1298,"jobs_finished":1297,"current_job_start_ms":1785597396866,"last_submit_ms":1785597396866,"last_drain_enter_ms":1785597396866,"last_drain_exit_ms":1785597396794,"device_errors":0,"device_lost":1,"caller_stall_probes":44,"pending_readbacks":0,"queue_len":0,"signal":1298,"now_ms":1785597622171},"t":1785597622171}
+ true
+ ps axo rss=,comm=
+ grep -E 'Helper \(GPU\)'
+ sort -rn
+ head -1
++ date +%T
+ awk -v t=11:20:23 '{printf "[rss] %s %.0f MB\n", t, $1/1024}'
+ sleep 15
[page] [jolt-webgpu] engine.run caller stalled 230249 ms: {"jobs_submitted":1298,"jobs_started":1298,"jobs_finished":1297,"current_job_start_ms":1785597396866,"last_submit_ms":1785597396866,"last_drain_enter_ms":1785597396866,"last_drain_exit_ms":1785597396794,"device_errors":0,"device_lost":1,"caller_stall_probes":45,"pending_readbacks":0,"queue_len":0,"signal":1298,"now_ms":1785597627115}
[page] [gpu-worker][wedge] {"kind":"device","drainTraps":0,"rescuedWakeups":0,"signal":1,"engine":{"jobs_submitted":1,"jobs_started":1,"jobs_finished":1,"current_job_start_ms":0,"last_submit_ms":1785597237140,"last_drain_enter_ms":1785597627125,"last_drain_exit_ms":1785597627125,"device_errors":0,"device_lost":1,"caller_stall_probes":0,"pending_readbacks":0,"queue_len":0,"signal":1,"now_ms":1785597627224},"t":1785597627224}
[page] [gpu-worker][wedge] {"kind":"stall","jobDied":false,"stuckJob":true,"jobAgeMs":230359,"drainTraps":0,"rescuedWakeups":0,"signal":1298,"engine":{"jobs_submitted":1298,"jobs_started":1298,"jobs_finished":1297,"current_job_start_ms":1785597396866,"last_submit_ms":1785597396866,"last_drain_enter_ms":1785597396866,"last_drain_exit_ms":1785597396794,"device_errors":0,"device_lost":1,"caller_stall_probes":45,"pending_readbacks":0,"queue_len":0,"signal":1298,"now_ms":1785597627225},"t":1785597627225}
[page] [gpu-worker][wedge] {"kind":"device","drainTraps":0,"rescuedWakeups":0,"signal":1,"engine":{"jobs_submitted":1,"jobs_started":1,"jobs_finished":1,"current_job_start_ms":0,"last_submit_ms":1785597237140,"last_drain_enter_ms":1785597632159,"last_drain_exit_ms":1785597632159,"device_errors":0,"device_lost":1,"caller_stall_probes":0,"pending_readbacks":0,"queue_len":0,"signal":1,"now_ms":1785597632159},"t":1785597632159}
[page] [gpu-worker][wedge] {"kind":"stall","jobDied":false,"stuckJob":true,"jobAgeMs":235294,"drainTraps":0,"rescuedWakeups":0,"signal":1298,"engine":{"jobs_submitted":1298,"jobs_started":1298,"jobs_finished":1297,"current_job_start_ms":1785597396866,"last_submit_ms":1785597396866,"last_drain_enter_ms":1785597396866,"last_drain_exit_ms":1785597396794,"device_errors":0,"device_lost":1,"caller_stall_probes":45,"pending_readbacks":0,"queue_len":0,"signal":1298,"now_ms":1785597632160},"t":1785597632160}
[page] [jolt-webgpu] engine.run caller stalled 235379 ms: {"jobs_submitted":1298,"jobs_started":1298,"jobs_finished":1297,"current_job_start_ms":1785597396866,"last_submit_ms":1785597396866,"last_drain_enter_ms":1785597396866,"last_drain_exit_ms":1785597396794,"device_errors":0,"device_lost":1,"caller_stall_probes":46,"pending_readbacks":0,"queue_len":0,"signal":1298,"now_ms":1785597632245}
[page] [gpu-worker][wedge] {"kind":"stall","jobDied":false,"stuckJob":true,"jobAgeMs":240279,"drainTraps":0,"rescuedWakeups":0,"signal":1298,"engine":{"jobs_submitted":1298,"jobs_started":1298,"jobs_finished":1297,"current_job_start_ms":1785597396866,"last_submit_ms":1785597396866,"last_drain_enter_ms":1785597396866,"last_drain_exit_ms":1785597396794,"device_errors":0,"device_lost":1,"caller_stall_probes":46,"pending_readbacks":0,"queue_len":0,"signal":1298,"now_ms":1785597637146},"t":1785597637146}
[page] [gpu-worker][wedge] {"kind":"device","drainTraps":0,"rescuedWakeups":0,"signal":1,"engine":{"jobs_submitted":1,"jobs_started":1,"jobs_finished":1,"current_job_start_ms":0,"last_submit_ms":1785597237140,"last_drain_enter_ms":1785597637065,"last_drain_exit_ms":1785597637065,"device_errors":0,"device_lost":1,"caller_stall_probes":0,"pending_readbacks":0,"queue_len":0,"signal":1,"now_ms":1785597637146},"t":1785597637146}
[page] [jolt-webgpu] engine.run caller stalled 240529 ms: {"jobs_submitted":1298,"jobs_started":1298,"jobs_finished":1297,"current_job_start_ms":1785597396866,"last_submit_ms":1785597396866,"last_drain_enter_ms":1785597396866,"last_drain_exit_ms":1785597396794,"device_errors":0,"device_lost":1,"caller_stall_probes":47,"pending_readbacks":0,"queue_len":0,"signal":1298,"now_ms":1785597637395}
+ true
+ ps axo rss=,comm=
+ grep -E 'Helper \(GPU\)'
+ sort -rn
+ head -1
++ date +%T
+ awk -v t=11:20:38 '{printf "[rss] %s %.0f MB\n", t, $1/1024}'
+ sleep 15
[page] [gpu-worker][wedge] {"kind":"device","drainTraps":0,"rescuedWakeups":0,"signal":1,"engine":{"jobs_submitted":1,"jobs_started":1,"jobs_finished":1,"current_job_start_ms":0,"last_submit_ms":1785597237140,"last_drain_enter_ms":1785597642165,"last_drain_exit_ms":1785597642165,"device_errors":0,"device_lost":1,"caller_stall_probes":0,"pending_readbacks":0,"queue_len":0,"signal":1,"now_ms":1785597642165},"t":1785597642165}
[page] [gpu-worker][wedge] {"kind":"stall","jobDied":false,"stuckJob":true,"jobAgeMs":245300,"drainTraps":0,"rescuedWakeups":0,"signal":1298,"engine":{"jobs_submitted":1298,"jobs_started":1298,"jobs_finished":1297,"current_job_start_ms":1785597396866,"last_submit_ms":1785597396866,"last_drain_enter_ms":1785597396866,"last_drain_exit_ms":1785597396794,"device_errors":0,"device_lost":1,"caller_stall_probes":47,"pending_readbacks":0,"queue_len":0,"signal":1298,"now_ms":1785597642166},"t":1785597642166}
[page] [jolt-webgpu] engine.run caller stalled 245674 ms: {"jobs_submitted":1298,"jobs_started":1298,"jobs_finished":1297,"current_job_start_ms":1785597396866,"last_submit_ms":1785597396866,"last_drain_enter_ms":1785597396866,"last_drain_exit_ms":1785597396794,"device_errors":0,"device_lost":1,"caller_stall_probes":48,"pending_readbacks":0,"queue_len":0,"signal":1298,"now_ms":1785597642540}
[page] [gpu-worker][wedge] {"kind":"stall","jobDied":false,"stuckJob":true,"jobAgeMs":250314,"drainTraps":0,"rescuedWakeups":0,"signal":1298,"engine":{"jobs_submitted":1298,"jobs_started":1298,"jobs_finished":1297,"current_job_start_ms":1785597396866,"last_submit_ms":1785597396866,"last_drain_enter_ms":1785597396866,"last_drain_exit_ms":1785597396794,"device_errors":0,"device_lost":1,"caller_stall_probes":48,"pending_readbacks":0,"queue_len":0,"signal":1298,"now_ms":1785597647180},"t":1785597647181}
[page] [gpu-worker][wedge] {"kind":"device","drainTraps":0,"rescuedWakeups":0,"signal":1,"engine":{"jobs_submitted":1,"jobs_started":1,"jobs_finished":1,"current_job_start_ms":0,"last_submit_ms":1785597237140,"last_drain_enter_ms":1785597647181,"last_drain_exit_ms":1785597647181,"device_errors":0,"device_lost":1,"caller_stall_probes":0,"pending_readbacks":0,"queue_len":0,"signal":1,"now_ms":1785597647181},"t":1785597647181}
[page] [jolt-webgpu] engine.run caller stalled 250762 ms: {"jobs_submitted":1298,"jobs_started":1298,"jobs_finished":1297,"current_job_start_ms":1785597396866,"last_submit_ms":1785597396866,"last_drain_enter_ms":1785597396866,"last_drain_exit_ms":1785597396794,"device_errors":0,"device_lost":1,"caller_stall_probes":49,"pending_readbacks":0,"queue_len":0,"signal":1298,"now_ms":1785597647628}
[page] [gpu-worker][wedge] {"kind":"stall","jobDied":false,"stuckJob":true,"jobAgeMs":255350,"drainTraps":0,"rescuedWakeups":0,"signal":1298,"engine":{"jobs_submitted":1298,"jobs_started":1298,"jobs_finished":1297,"current_job_start_ms":1785597396866,"last_submit_ms":1785597396866,"last_drain_enter_ms":1785597396866,"last_drain_exit_ms":1785597396794,"device_errors":0,"device_lost":1,"caller_stall_probes":49,"pending_readbacks":0,"queue_len":0,"signal":1298,"now_ms":1785597652216},"t":1785597652216}
[page] [gpu-worker][wedge] {"kind":"device","drainTraps":0,"rescuedWakeups":0,"signal":1,"engine":{"jobs_submitted":1,"jobs_started":1,"jobs_finished":1,"current_job_start_ms":0,"last_submit_ms":1785597237140,"last_drain_enter_ms":1785597652216,"last_drain_exit_ms":1785597652216,"device_errors":0,"device_lost":1,"caller_stall_probes":0,"pending_readbacks":0,"queue_len":0,"signal":1,"now_ms":1785597652216},"t":1785597652216}
[page] [jolt-webgpu] engine.run caller stalled 255892 ms: {"jobs_submitted":1298,"jobs_started":1298,"jobs_finished":1297,"current_job_start_ms":1785597396866,"last_submit_ms":1785597396866,"last_drain_enter_ms":1785597396866,"last_drain_exit_ms":1785597396794,"device_errors":0,"device_lost":1,"caller_stall_probes":50,"pending_readbacks":0,"queue_len":0,"signal":1298,"now_ms":1785597652758}
+ true
+ ps axo rss=,comm=
+ grep -E 'Helper \(GPU\)'
+ sort -rn
+ head -1
++ date +%T
+ awk -v t=11:20:53 '{printf "[rss] %s %.0f MB\n", t, $1/1024}'
+ sleep 15
[page] [gpu-worker][wedge] {"kind":"stall","jobDied":false,"stuckJob":true,"jobAgeMs":260295,"drainTraps":0,"rescuedWakeups":0,"signal":1298,"engine":{"jobs_submitted":1298,"jobs_started":1298,"jobs_finished":1297,"current_job_start_ms":1785597396866,"last_submit_ms":1785597396866,"last_drain_enter_ms":1785597396866,"last_drain_exit_ms":1785597396794,"device_errors":0,"device_lost":1,"caller_stall_probes":50,"pending_readbacks":0,"queue_len":0,"signal":1298,"now_ms":1785597657161},"t":1785597657161}
[page] [gpu-worker][wedge] {"kind":"device","drainTraps":0,"rescuedWakeups":0,"signal":1,"engine":{"jobs_submitted":1,"jobs_started":1,"jobs_finished":1,"current_job_start_ms":0,"last_submit_ms":1785597237140,"last_drain_enter_ms":1785597657098,"last_drain_exit_ms":1785597657098,"device_errors":0,"device_lost":1,"caller_stall_probes":0,"pending_readbacks":0,"queue_len":0,"signal":1,"now_ms":1785597657161},"t":1785597657161}
[page] [jolt-webgpu] engine.run caller stalled 261044 ms: {"jobs_submitted":1298,"jobs_started":1298,"jobs_finished":1297,"current_job_start_ms":1785597396866,"last_submit_ms":1785597396866,"last_drain_enter_ms":1785597396866,"last_drain_exit_ms":1785597396794,"device_errors":0,"device_lost":1,"caller_stall_probes":51,"pending_readbacks":0,"queue_len":0,"signal":1298,"now_ms":1785597657910}
[page] [gpu-worker][wedge] {"kind":"stall","jobDied":false,"stuckJob":true,"jobAgeMs":265302,"drainTraps":0,"rescuedWakeups":0,"signal":1298,"engine":{"jobs_submitted":1298,"jobs_started":1298,"jobs_finished":1297,"current_job_start_ms":1785597396866,"last_submit_ms":1785597396866,"last_drain_enter_ms":1785597396866,"last_drain_exit_ms":1785597396794,"device_errors":0,"device_lost":1,"caller_stall_probes":51,"pending_readbacks":0,"queue_len":0,"signal":1298,"now_ms":1785597662168},"t":1785597662168}
[page] [gpu-worker][wedge] {"kind":"device","drainTraps":0,"rescuedWakeups":0,"signal":1,"engine":{"jobs_submitted":1,"jobs_started":1,"jobs_finished":1,"current_job_start_ms":0,"last_submit_ms":1785597237140,"last_drain_enter_ms":1785597662168,"last_drain_exit_ms":1785597662168,"device_errors":0,"device_lost":1,"caller_stall_probes":0,"pending_readbacks":0,"queue_len":0,"signal":1,"now_ms":1785597662168},"t":1785597662169}
[page] [jolt-webgpu] engine.run caller stalled 266119 ms: {"jobs_submitted":1298,"jobs_started":1298,"jobs_finished":1297,"current_job_start_ms":1785597396866,"last_submit_ms":1785597396866,"last_drain_enter_ms":1785597396866,"last_drain_exit_ms":1785597396794,"device_errors":0,"device_lost":1,"caller_stall_probes":52,"pending_readbacks":0,"queue_len":0,"signal":1298,"now_ms":1785597662985}
[page] [gpu-worker][wedge] {"kind":"stall","jobDied":false,"stuckJob":true,"jobAgeMs":270297,"drainTraps":0,"rescuedWakeups":0,"signal":1298,"engine":{"jobs_submitted":1298,"jobs_started":1298,"jobs_finished":1297,"current_job_start_ms":1785597396866,"last_submit_ms":1785597396866,"last_drain_enter_ms":1785597396866,"last_drain_exit_ms":1785597396794,"device_errors":0,"device_lost":1,"caller_stall_probes":52,"pending_readbacks":0,"queue_len":0,"signal":1298,"now_ms":1785597667163},"t":1785597667163}
[page] [gpu-worker][wedge] {"kind":"device","drainTraps":0,"rescuedWakeups":0,"signal":1,"engine":{"jobs_submitted":1,"jobs_started":1,"jobs_finished":1,"current_job_start_ms":0,"last_submit_ms":1785597237140,"last_drain_enter_ms":1785597667164,"last_drain_exit_ms":1785597667164,"device_errors":0,"device_lost":1,"caller_stall_probes":0,"pending_readbacks":0,"queue_len":0,"signal":1,"now_ms":1785597667164},"t":1785597667164}
[page] [jolt-webgpu] engine.run caller stalled 271233 ms: {"jobs_submitted":1298,"jobs_started":1298,"jobs_finished":1297,"current_job_start_ms":1785597396866,"last_submit_ms":1785597396866,"last_drain_enter_ms":1785597396866,"last_drain_exit_ms":1785597396794,"device_errors":0,"device_lost":1,"caller_stall_probes":53,"pending_readbacks":0,"queue_len":0,"signal":1298,"now_ms":1785597668099}
+ true
+ ps axo rss=,comm=
+ grep -E 'Helper \(GPU\)'
+ sort -rn
+ head -1
++ date +%T
+ awk -v t=11:21:08 '{printf "[rss] %s %.0f MB\n", t, $1/1024}'
+ sleep 15
[page] [gpu-worker][wedge] {"kind":"stall","jobDied":false,"stuckJob":true,"jobAgeMs":275281,"drainTraps":0,"rescuedWakeups":0,"signal":1298,"engine":{"jobs_submitted":1298,"jobs_started":1298,"jobs_finished":1297,"current_job_start_ms":1785597396866,"last_submit_ms":1785597396866,"last_drain_enter_ms":1785597396866,"last_drain_exit_ms":1785597396794,"device_errors":0,"device_lost":1,"caller_stall_probes":53,"pending_readbacks":0,"queue_len":0,"signal":1298,"now_ms":1785597672147},"t":1785597672147}
[page] [gpu-worker][wedge] {"kind":"device","drainTraps":0,"rescuedWakeups":0,"signal":1,"engine":{"jobs_submitted":1,"jobs_started":1,"jobs_finished":1,"current_job_start_ms":0,"last_submit_ms":1785597237140,"last_drain_enter_ms":1785597672053,"last_drain_exit_ms":1785597672053,"device_errors":0,"device_lost":1,"caller_stall_probes":0,"pending_readbacks":0,"queue_len":0,"signal":1,"now_ms":1785597672148},"t":1785597672148}
[page] [jolt-webgpu] engine.run caller stalled 276259 ms: {"jobs_submitted":1298,"jobs_started":1298,"jobs_finished":1297,"current_job_start_ms":1785597396866,"last_submit_ms":1785597396866,"last_drain_enter_ms":1785597396866,"last_drain_exit_ms":1785597396794,"device_errors":0,"device_lost":1,"caller_stall_probes":54,"pending_readbacks":0,"queue_len":0,"signal":1298,"now_ms":1785597673125}
[page] [gpu-worker][wedge] {"kind":"device","drainTraps":0,"rescuedWakeups":0,"signal":1,"engine":{"jobs_submitted":1,"jobs_started":1,"jobs_finished":1,"current_job_start_ms":0,"last_submit_ms":1785597237140,"last_drain_enter_ms":1785597677141,"last_drain_exit_ms":1785597677141,"device_errors":0,"device_lost":1,"caller_stall_probes":0,"pending_readbacks":0,"queue_len":0,"signal":1,"now_ms":1785597677141},"t":1785597677141}
[page] [gpu-worker][wedge] {"kind":"stall","jobDied":false,"stuckJob":true,"jobAgeMs":280276,"drainTraps":0,"rescuedWakeups":0,"signal":1298,"engine":{"jobs_submitted":1298,"jobs_started":1298,"jobs_finished":1297,"current_job_start_ms":1785597396866,"last_submit_ms":1785597396866,"last_drain_enter_ms":1785597396866,"last_drain_exit_ms":1785597396794,"device_errors":0,"device_lost":1,"caller_stall_probes":54,"pending_readbacks":0,"queue_len":0,"signal":1298,"now_ms":1785597677142},"t":1785597677142}
[page] [jolt-webgpu] engine.run caller stalled 281384 ms: {"jobs_submitted":1298,"jobs_started":1298,"jobs_finished":1297,"current_job_start_ms":1785597396866,"last_submit_ms":1785597396866,"last_drain_enter_ms":1785597396866,"last_drain_exit_ms":1785597396794,"device_errors":0,"device_lost":1,"caller_stall_probes":55,"pending_readbacks":0,"queue_len":0,"signal":1298,"now_ms":1785597678250}
[page] [gpu-worker][wedge] {"kind":"stall","jobDied":false,"stuckJob":true,"jobAgeMs":285272,"drainTraps":0,"rescuedWakeups":0,"signal":1298,"engine":{"jobs_submitted":1298,"jobs_started":1298,"jobs_finished":1297,"current_job_start_ms":1785597396866,"last_submit_ms":1785597396866,"last_drain_enter_ms":1785597396866,"last_drain_exit_ms":1785597396794,"device_errors":0,"device_lost":1,"caller_stall_probes":55,"pending_readbacks":0,"queue_len":0,"signal":1298,"now_ms":1785597682138},"t":1785597682138}
[page] [gpu-worker][wedge] {"kind":"device","drainTraps":0,"rescuedWakeups":0,"signal":1,"engine":{"jobs_submitted":1,"jobs_started":1,"jobs_finished":1,"current_job_start_ms":0,"last_submit_ms":1785597237140,"last_drain_enter_ms":1785597682079,"last_drain_exit_ms":1785597682079,"device_errors":0,"device_lost":1,"caller_stall_probes":0,"pending_readbacks":0,"queue_len":0,"signal":1,"now_ms":1785597682139},"t":1785597682139}
[page] [jolt-webgpu] engine.run caller stalled 286524 ms: {"jobs_submitted":1298,"jobs_started":1298,"jobs_finished":1297,"current_job_start_ms":1785597396866,"last_submit_ms":1785597396866,"last_drain_enter_ms":1785597396866,"last_drain_exit_ms":1785597396794,"device_errors":0,"device_lost":1,"caller_stall_probes":56,"pending_readbacks":0,"queue_len":0,"signal":1298,"now_ms":1785597683390}
+ true
+ ps axo rss=,comm=
+ grep -E 'Helper \(GPU\)'
+ sort -rn
+ head -1
++ date +%T
+ awk -v t=11:21:24 '{printf "[rss] %s %.0f MB\n", t, $1/1024}'
+ sleep 15
[page] [gpu-worker][wedge] {"kind":"device","drainTraps":0,"rescuedWakeups":0,"signal":1,"engine":{"jobs_submitted":1,"jobs_started":1,"jobs_finished":1,"current_job_start_ms":0,"last_submit_ms":1785597237140,"last_drain_enter_ms":1785597687123,"last_drain_exit_ms":1785597687123,"device_errors":0,"device_lost":1,"caller_stall_probes":0,"pending_readbacks":0,"queue_len":0,"signal":1,"now_ms":1785597687167},"t":1785597687167}
[page] [gpu-worker][wedge] {"kind":"stall","jobDied":false,"stuckJob":true,"jobAgeMs":290301,"drainTraps":0,"rescuedWakeups":0,"signal":1298,"engine":{"jobs_submitted":1298,"jobs_started":1298,"jobs_finished":1297,"current_job_start_ms":1785597396866,"last_submit_ms":1785597396866,"last_drain_enter_ms":1785597396866,"last_drain_exit_ms":1785597396794,"device_errors":0,"device_lost":1,"caller_stall_probes":56,"pending_readbacks":0,"queue_len":0,"signal":1298,"now_ms":1785597687167},"t":1785597687167}
[page] [jolt-webgpu] engine.run caller stalled 291674 ms: {"jobs_submitted":1298,"jobs_started":1298,"jobs_finished":1297,"current_job_start_ms":1785597396866,"last_submit_ms":1785597396866,"last_drain_enter_ms":1785597396866,"last_drain_exit_ms":1785597396794,"device_errors":0,"device_lost":1,"caller_stall_probes":57,"pending_readbacks":0,"queue_len":0,"signal":1298,"now_ms":1785597688540}
[page] [gpu-worker][wedge] {"kind":"device","drainTraps":0,"rescuedWakeups":0,"signal":1,"engine":{"jobs_submitted":1,"jobs_started":1,"jobs_finished":1,"current_job_start_ms":0,"last_submit_ms":1785597237140,"last_drain_enter_ms":1785597692072,"last_drain_exit_ms":1785597692072,"device_errors":0,"device_lost":1,"caller_stall_probes":0,"pending_readbacks":0,"queue_len":0,"signal":1,"now_ms":1785597692274},"t":1785597692274}
[page] [gpu-worker][wedge] {"kind":"stall","jobDied":false,"stuckJob":true,"jobAgeMs":295409,"drainTraps":0,"rescuedWakeups":0,"signal":1298,"engine":{"jobs_submitted":1298,"jobs_started":1298,"jobs_finished":1297,"current_job_start_ms":1785597396866,"last_submit_ms":1785597396866,"last_drain_enter_ms":1785597396866,"last_drain_exit_ms":1785597396794,"device_errors":0,"device_lost":1,"caller_stall_probes":57,"pending_readbacks":0,"queue_len":0,"signal":1298,"now_ms":1785597692275},"t":1785597692275}
[page] [jolt-webgpu] engine.run caller stalled 296819 ms: {"jobs_submitted":1298,"jobs_started":1298,"jobs_finished":1297,"current_job_start_ms":1785597396866,"last_submit_ms":1785597396866,"last_drain_enter_ms":1785597396866,"last_drain_exit_ms":1785597396794,"device_errors":0,"device_lost":1,"caller_stall_probes":58,"pending_readbacks":0,"queue_len":0,"signal":1298,"now_ms":1785597693685}
[page] [gpu-worker][wedge] {"kind":"device","drainTraps":0,"rescuedWakeups":0,"signal":1,"engine":{"jobs_submitted":1,"jobs_started":1,"jobs_finished":1,"current_job_start_ms":0,"last_submit_ms":1785597237140,"last_drain_enter_ms":1785597697227,"last_drain_exit_ms":1785597697227,"device_errors":0,"device_lost":1,"caller_stall_probes":0,"pending_readbacks":0,"queue_len":0,"signal":1,"now_ms":1785597697227},"t":1785597697227}
[page] [gpu-worker][wedge] {"kind":"stall","jobDied":false,"stuckJob":true,"jobAgeMs":300362,"drainTraps":0,"rescuedWakeups":0,"signal":1298,"engine":{"jobs_submitted":1298,"jobs_started":1298,"jobs_finished":1297,"current_job_start_ms":1785597396866,"last_submit_ms":1785597396866,"last_drain_enter_ms":1785597396866,"last_drain_exit_ms":1785597396794,"device_errors":0,"device_lost":1,"caller_stall_probes":58,"pending_readbacks":0,"queue_len":0,"signal":1298,"now_ms":1785597697228},"t":1785597697228}
[page] [jolt-webgpu] engine.run caller stalled 301952 ms: {"jobs_submitted":1298,"jobs_started":1298,"jobs_finished":1297,"current_job_start_ms":1785597396866,"last_submit_ms":1785597396866,"last_drain_enter_ms":1785597396866,"last_drain_exit_ms":1785597396794,"device_errors":0,"device_lost":1,"caller_stall_probes":59,"pending_readbacks":0,"queue_len":0,"signal":1298,"now_ms":1785597698818}
+ true
+ ps axo rss=,comm=
+ grep -E 'Helper \(GPU\)'
+ sort -rn
+ head -1
++ date +%T
+ awk -v t=11:21:39 '{printf "[rss] %s %.0f MB\n", t, $1/1024}'
+ sleep 15
[page] [gpu-worker][wedge] {"kind":"stall","jobDied":false,"stuckJob":true,"jobAgeMs":305380,"drainTraps":0,"rescuedWakeups":0,"signal":1298,"engine":{"jobs_submitted":1298,"jobs_started":1298,"jobs_finished":1297,"current_job_start_ms":1785597396866,"last_submit_ms":1785597396866,"last_drain_enter_ms":1785597396866,"last_drain_exit_ms":1785597396794,"device_errors":0,"device_lost":1,"caller_stall_probes":59,"pending_readbacks":0,"queue_len":0,"signal":1298,"now_ms":1785597702246},"t":1785597702246}
[page] [gpu-worker][wedge] {"kind":"device","drainTraps":0,"rescuedWakeups":0,"signal":1,"engine":{"jobs_submitted":1,"jobs_started":1,"jobs_finished":1,"current_job_start_ms":0,"last_submit_ms":1785597237140,"last_drain_enter_ms":1785597702246,"last_drain_exit_ms":1785597702246,"device_errors":0,"device_lost":1,"caller_stall_probes":0,"pending_readbacks":0,"queue_len":0,"signal":1,"now_ms":1785597702247},"t":1785597702247}
[page] [jolt-webgpu] engine.run caller stalled 307008 ms: {"jobs_submitted":1298,"jobs_started":1298,"jobs_finished":1297,"current_job_start_ms":1785597396866,"last_submit_ms":1785597396866,"last_drain_enter_ms":1785597396866,"last_drain_exit_ms":1785597396794,"device_errors":0,"device_lost":1,"caller_stall_probes":60,"pending_readbacks":0,"queue_len":0,"signal":1298,"now_ms":1785597703874}
[page] [gpu-worker][wedge] {"kind":"device","drainTraps":0,"rescuedWakeups":0,"signal":1,"engine":{"jobs_submitted":1,"jobs_started":1,"jobs_finished":1,"current_job_start_ms":0,"last_submit_ms":1785597237140,"last_drain_enter_ms":1785597707240,"last_drain_exit_ms":1785597707240,"device_errors":0,"device_lost":1,"caller_stall_probes":0,"pending_readbacks":0,"queue_len":0,"signal":1,"now_ms":1785597707240},"t":1785597707240}
[page] [gpu-worker][wedge] {"kind":"stall","jobDied":false,"stuckJob":true,"jobAgeMs":310375,"drainTraps":0,"rescuedWakeups":0,"signal":1298,"engine":{"jobs_submitted":1298,"jobs_started":1298,"jobs_finished":1297,"current_job_start_ms":1785597396866,"last_submit_ms":1785597396866,"last_drain_enter_ms":1785597396866,"last_drain_exit_ms":1785597396794,"device_errors":0,"device_lost":1,"caller_stall_probes":60,"pending_readbacks":0,"queue_len":0,"signal":1298,"now_ms":1785597707241},"t":1785597707241}
[page] [jolt-webgpu] engine.run caller stalled 312159 ms: {"jobs_submitted":1298,"jobs_started":1298,"jobs_finished":1297,"current_job_start_ms":1785597396866,"last_submit_ms":1785597396866,"last_drain_enter_ms":1785597396866,"last_drain_exit_ms":1785597396794,"device_errors":0,"device_lost":1,"caller_stall_probes":61,"pending_readbacks":0,"queue_len":0,"signal":1298,"now_ms":1785597709025}
[page] [gpu-worker][wedge] {"kind":"device","drainTraps":0,"rescuedWakeups":0,"signal":1,"engine":{"jobs_submitted":1,"jobs_started":1,"jobs_finished":1,"current_job_start_ms":0,"last_submit_ms":1785597237140,"last_drain_enter_ms":1785597712050,"last_drain_exit_ms":1785597712050,"device_errors":0,"device_lost":1,"caller_stall_probes":0,"pending_readbacks":0,"queue_len":0,"signal":1,"now_ms":1785597712182},"t":1785597712182}
[page] [gpu-worker][wedge] {"kind":"stall","jobDied":false,"stuckJob":true,"jobAgeMs":315317,"drainTraps":0,"rescuedWakeups":0,"signal":1298,"engine":{"jobs_submitted":1298,"jobs_started":1298,"jobs_finished":1297,"current_job_start_ms":1785597396866,"last_submit_ms":1785597396866,"last_drain_enter_ms":1785597396866,"last_drain_exit_ms":1785597396794,"device_errors":0,"device_lost":1,"caller_stall_probes":61,"pending_readbacks":0,"queue_len":0,"signal":1298,"now_ms":1785597712183},"t":1785597712183}
[page] [jolt-webgpu] engine.run caller stalled 317221 ms: {"jobs_submitted":1298,"jobs_started":1298,"jobs_finished":1297,"current_job_start_ms":1785597396866,"last_submit_ms":1785597396866,"last_drain_enter_ms":1785597396866,"last_drain_exit_ms":1785597396794,"device_errors":0,"device_lost":1,"caller_stall_probes":62,"pending_readbacks":0,"queue_len":0,"signal":1298,"now_ms":1785597714088}
+ true
+ ps axo rss=,comm=
+ grep -E 'Helper \(GPU\)'
+ sort -rn
+ head -1
++ date +%T
+ awk -v t=11:21:54 '{printf "[rss] %s %.0f MB\n", t, $1/1024}'
+ sleep 15
[page] [gpu-worker][wedge] {"kind":"device","drainTraps":0,"rescuedWakeups":0,"signal":1,"engine":{"jobs_submitted":1,"jobs_started":1,"jobs_finished":1,"current_job_start_ms":0,"last_submit_ms":1785597237140,"last_drain_enter_ms":1785597717150,"last_drain_exit_ms":1785597717150,"device_errors":0,"device_lost":1,"caller_stall_probes":0,"pending_readbacks":0,"queue_len":0,"signal":1,"now_ms":1785597717151},"t":1785597717151}
[page] [gpu-worker][wedge] {"kind":"stall","jobDied":false,"stuckJob":true,"jobAgeMs":320285,"drainTraps":0,"rescuedWakeups":0,"signal":1298,"engine":{"jobs_submitted":1298,"jobs_started":1298,"jobs_finished":1297,"current_job_start_ms":1785597396866,"last_submit_ms":1785597396866,"last_drain_enter_ms":1785597396866,"last_drain_exit_ms":1785597396794,"device_errors":0,"device_lost":1,"caller_stall_probes":62,"pending_readbacks":0,"queue_len":0,"signal":1298,"now_ms":1785597717151},"t":1785597717151}
[page] [jolt-webgpu] engine.run caller stalled 322352 ms: {"jobs_submitted":1298,"jobs_started":1298,"jobs_finished":1297,"current_job_start_ms":1785597396866,"last_submit_ms":1785597396866,"last_drain_enter_ms":1785597396866,"last_drain_exit_ms":1785597396794,"device_errors":0,"device_lost":1,"caller_stall_probes":63,"pending_readbacks":0,"queue_len":0,"signal":1298,"now_ms":1785597719218}
[page] [gpu-worker][wedge] {"kind":"device","drainTraps":0,"rescuedWakeups":0,"signal":1,"engine":{"jobs_submitted":1,"jobs_started":1,"jobs_finished":1,"current_job_start_ms":0,"last_submit_ms":1785597237140,"last_drain_enter_ms":1785597722162,"last_drain_exit_ms":1785597722162,"device_errors":0,"device_lost":1,"caller_stall_probes":0,"pending_readbacks":0,"queue_len":0,"signal":1,"now_ms":1785597722162},"t":1785597722162}
[page] [gpu-worker][wedge] {"kind":"stall","jobDied":false,"stuckJob":true,"jobAgeMs":325296,"drainTraps":0,"rescuedWakeups":0,"signal":1298,"engine":{"jobs_submitted":1298,"jobs_started":1298,"jobs_finished":1297,"current_job_start_ms":1785597396866,"last_submit_ms":1785597396866,"last_drain_enter_ms":1785597396866,"last_drain_exit_ms":1785597396794,"device_errors":0,"device_lost":1,"caller_stall_probes":63,"pending_readbacks":0,"queue_len":0,"signal":1298,"now_ms":1785597722162},"t":1785597722162}
[page] [jolt-webgpu] engine.run caller stalled 327412 ms: {"jobs_submitted":1298,"jobs_started":1298,"jobs_finished":1297,"current_job_start_ms":1785597396866,"last_submit_ms":1785597396866,"last_drain_enter_ms":1785597396866,"last_drain_exit_ms":1785597396794,"device_errors":0,"device_lost":1,"caller_stall_probes":64,"pending_readbacks":0,"queue_len":0,"signal":1298,"now_ms":1785597724278}
[page] [gpu-worker][wedge] {"kind":"stall","jobDied":false,"stuckJob":true,"jobAgeMs":330287,"drainTraps":0,"rescuedWakeups":0,"signal":1298,"engine":{"jobs_submitted":1298,"jobs_started":1298,"jobs_finished":1297,"current_job_start_ms":1785597396866,"last_submit_ms":1785597396866,"last_drain_enter_ms":1785597396866,"last_drain_exit_ms":1785597396794,"device_errors":0,"device_lost":1,"caller_stall_probes":64,"pending_readbacks":0,"queue_len":0,"signal":1298,"now_ms":1785597727153},"t":1785597727153}
[page] [gpu-worker][wedge] {"kind":"device","drainTraps":0,"rescuedWakeups":0,"signal":1,"engine":{"jobs_submitted":1,"jobs_started":1,"jobs_finished":1,"current_job_start_ms":0,"last_submit_ms":1785597237140,"last_drain_enter_ms":1785597727079,"last_drain_exit_ms":1785597727079,"device_errors":0,"device_lost":1,"caller_stall_probes":0,"pending_readbacks":0,"queue_len":0,"signal":1,"now_ms":1785597727154},"t":1785597727154}
[page] [jolt-webgpu] engine.run caller stalled 332552 ms: {"jobs_submitted":1298,"jobs_started":1298,"jobs_finished":1297,"current_job_start_ms":1785597396866,"last_submit_ms":1785597396866,"last_drain_enter_ms":1785597396866,"last_drain_exit_ms":1785597396794,"device_errors":0,"device_lost":1,"caller_stall_probes":65,"pending_readbacks":0,"queue_len":0,"signal":1298,"now_ms":1785597729418}
+ true
+ ps axo rss=,comm=
+ grep -E 'Helper \(GPU\)'
+ sort -rn
+ head -1
++ date +%T
+ awk -v t=11:22:09 '{printf "[rss] %s %.0f MB\n", t, $1/1024}'
+ sleep 15
[page] [gpu-worker][wedge] {"kind":"device","drainTraps":0,"rescuedWakeups":0,"signal":1,"engine":{"jobs_submitted":1,"jobs_started":1,"jobs_finished":1,"current_job_start_ms":0,"last_submit_ms":1785597237140,"last_drain_enter_ms":1785597732049,"last_drain_exit_ms":1785597732049,"device_errors":0,"device_lost":1,"caller_stall_probes":0,"pending_readbacks":0,"queue_len":0,"signal":1,"now_ms":1785597732286},"t":1785597732286}
[page] [gpu-worker][wedge] {"kind":"stall","jobDied":false,"stuckJob":true,"jobAgeMs":335419,"drainTraps":0,"rescuedWakeups":0,"signal":1298,"engine":{"jobs_submitted":1298,"jobs_started":1298,"jobs_finished":1297,"current_job_start_ms":1785597396866,"last_submit_ms":1785597396866,"last_drain_enter_ms":1785597396866,"last_drain_exit_ms":1785597396794,"device_errors":0,"device_lost":1,"caller_stall_probes":65,"pending_readbacks":0,"queue_len":0,"signal":1298,"now_ms":1785597732286},"t":1785597732286}
[page] [jolt-webgpu] engine.run caller stalled 337700 ms: {"jobs_submitted":1298,"jobs_started":1298,"jobs_finished":1297,"current_job_start_ms":1785597396866,"last_submit_ms":1785597396866,"last_drain_enter_ms":1785597396866,"last_drain_exit_ms":1785597396794,"device_errors":0,"device_lost":1,"caller_stall_probes":66,"pending_readbacks":0,"queue_len":0,"signal":1298,"now_ms":1785597734566}
[page] [gpu-worker][wedge] {"kind":"device","drainTraps":0,"rescuedWakeups":0,"signal":1,"engine":{"jobs_submitted":1,"jobs_started":1,"jobs_finished":1,"current_job_start_ms":0,"last_submit_ms":1785597237140,"last_drain_enter_ms":1785597737110,"last_drain_exit_ms":1785597737110,"device_errors":0,"device_lost":1,"caller_stall_probes":0,"pending_readbacks":0,"queue_len":0,"signal":1,"now_ms":1785597737276},"t":1785597737276}
[page] [gpu-worker][wedge] {"kind":"stall","jobDied":false,"stuckJob":true,"jobAgeMs":340410,"drainTraps":0,"rescuedWakeups":0,"signal":1298,"engine":{"jobs_submitted":1298,"jobs_started":1298,"jobs_finished":1297,"current_job_start_ms":1785597396866,"last_submit_ms":1785597396866,"last_drain_enter_ms":1785597396866,"last_drain_exit_ms":1785597396794,"device_errors":0,"device_lost":1,"caller_stall_probes":66,"pending_readbacks":0,"queue_len":0,"signal":1298,"now_ms":1785597737276},"t":1785597737276}
[page] [jolt-webgpu] engine.run caller stalled 342850 ms: {"jobs_submitted":1298,"jobs_started":1298,"jobs_finished":1297,"current_job_start_ms":1785597396866,"last_submit_ms":1785597396866,"last_drain_enter_ms":1785597396866,"last_drain_exit_ms":1785597396794,"device_errors":0,"device_lost":1,"caller_stall_probes":67,"pending_readbacks":0,"queue_len":0,"signal":1298,"now_ms":1785597739716}
[page] [gpu-worker][wedge] {"kind":"device","drainTraps":0,"rescuedWakeups":0,"signal":1,"engine":{"jobs_submitted":1,"jobs_started":1,"jobs_finished":1,"current_job_start_ms":0,"last_submit_ms":1785597237140,"last_drain_enter_ms":1785597742051,"last_drain_exit_ms":1785597742051,"device_errors":0,"device_lost":1,"caller_stall_probes":0,"pending_readbacks":0,"queue_len":0,"signal":1,"now_ms":1785597742270},"t":1785597742270}
[page] [gpu-worker][wedge] {"kind":"stall","jobDied":false,"stuckJob":true,"jobAgeMs":345405,"drainTraps":0,"rescuedWakeups":0,"signal":1298,"engine":{"jobs_submitted":1298,"jobs_started":1298,"jobs_finished":1297,"current_job_start_ms":1785597396866,"last_submit_ms":1785597396866,"last_drain_enter_ms":1785597396866,"last_drain_exit_ms":1785597396794,"device_errors":0,"device_lost":1,"caller_stall_probes":67,"pending_readbacks":0,"queue_len":0,"signal":1298,"now_ms":1785597742271},"t":1785597742271}
[page] [jolt-webgpu] engine.run caller stalled 347991 ms: {"jobs_submitted":1298,"jobs_started":1298,"jobs_finished":1297,"current_job_start_ms":1785597396866,"last_submit_ms":1785597396866,"last_drain_enter_ms":1785597396866,"last_drain_exit_ms":1785597396794,"device_errors":0,"device_lost":1,"caller_stall_probes":68,"pending_readbacks":0,"queue_len":0,"signal":1298,"now_ms":1785597744857}
+ true
+ ps axo rss=,comm=
+ grep -E 'Helper \(GPU\)'
+ sort -rn
+ head -1
++ date +%T
+ awk -v t=11:22:24 '{printf "[rss] %s %.0f MB\n", t, $1/1024}'
+ sleep 15
[page] [gpu-worker][wedge] {"kind":"stall","jobDied":false,"stuckJob":true,"jobAgeMs":350386,"drainTraps":0,"rescuedWakeups":0,"signal":1298,"engine":{"jobs_submitted":1298,"jobs_started":1298,"jobs_finished":1297,"current_job_start_ms":1785597396866,"last_submit_ms":1785597396866,"last_drain_enter_ms":1785597396866,"last_drain_exit_ms":1785597396794,"device_errors":0,"device_lost":1,"caller_stall_probes":68,"pending_readbacks":0,"queue_len":0,"signal":1298,"now_ms":1785597747252},"t":1785597747252}
[page] [gpu-worker][wedge] {"kind":"device","drainTraps":0,"rescuedWakeups":0,"signal":1,"engine":{"jobs_submitted":1,"jobs_started":1,"jobs_finished":1,"current_job_start_ms":0,"last_submit_ms":1785597237140,"last_drain_enter_ms":1785597747046,"last_drain_exit_ms":1785597747046,"device_errors":0,"device_lost":1,"caller_stall_probes":0,"pending_readbacks":0,"queue_len":0,"signal":1,"now_ms":1785597747253},"t":1785597747253}
[page] [jolt-webgpu] engine.run caller stalled 353133 ms: {"jobs_submitted":1298,"jobs_started":1298,"jobs_finished":1297,"current_job_start_ms":1785597396866,"last_submit_ms":1785597396866,"last_drain_enter_ms":1785597396866,"last_drain_exit_ms":1785597396794,"device_errors":0,"device_lost":1,"caller_stall_probes":69,"pending_readbacks":0,"queue_len":0,"signal":1298,"now_ms":1785597749999}
[page] [gpu-worker][wedge] {"kind":"device","drainTraps":0,"rescuedWakeups":0,"signal":1,"engine":{"jobs_submitted":1,"jobs_started":1,"jobs_finished":1,"current_job_start_ms":0,"last_submit_ms":1785597237140,"last_drain_enter_ms":1785597752117,"last_drain_exit_ms":1785597752117,"device_errors":0,"device_lost":1,"caller_stall_probes":0,"pending_readbacks":0,"queue_len":0,"signal":1,"now_ms":1785597752260},"t":1785597752260}
[page] [gpu-worker][wedge] {"kind":"stall","jobDied":false,"stuckJob":true,"jobAgeMs":355395,"drainTraps":0,"rescuedWakeups":0,"signal":1298,"engine":{"jobs_submitted":1298,"jobs_started":1298,"jobs_finished":1297,"current_job_start_ms":1785597396866,"last_submit_ms":1785597396866,"last_drain_enter_ms":1785597396866,"last_drain_exit_ms":1785597396794,"device_errors":0,"device_lost":1,"caller_stall_probes":69,"pending_readbacks":0,"queue_len":0,"signal":1298,"now_ms":1785597752261},"t":1785597752261}
[page] [jolt-webgpu] engine.run caller stalled 358222 ms: {"jobs_submitted":1298,"jobs_started":1298,"jobs_finished":1297,"current_job_start_ms":1785597396866,"last_submit_ms":1785597396866,"last_drain_enter_ms":1785597396866,"last_drain_exit_ms":1785597396794,"device_errors":0,"device_lost":1,"caller_stall_probes":70,"pending_readbacks":0,"queue_len":0,"signal":1298,"now_ms":1785597755088}
[page] [gpu-worker][wedge] {"kind":"device","drainTraps":0,"rescuedWakeups":0,"signal":1,"engine":{"jobs_submitted":1,"jobs_started":1,"jobs_finished":1,"current_job_start_ms":0,"last_submit_ms":1785597237140,"last_drain_enter_ms":1785597757164,"last_drain_exit_ms":1785597757164,"device_errors":0,"device_lost":1,"caller_stall_probes":0,"pending_readbacks":0,"queue_len":0,"signal":1,"now_ms":1785597757164},"t":1785597757164}
[page] [gpu-worker][wedge] {"kind":"stall","jobDied":false,"stuckJob":true,"jobAgeMs":360299,"drainTraps":0,"rescuedWakeups":0,"signal":1298,"engine":{"jobs_submitted":1298,"jobs_started":1298,"jobs_finished":1297,"current_job_start_ms":1785597396866,"last_submit_ms":1785597396866,"last_drain_enter_ms":1785597396866,"last_drain_exit_ms":1785597396794,"device_errors":0,"device_lost":1,"caller_stall_probes":70,"pending_readbacks":0,"queue_len":0,"signal":1298,"now_ms":1785597757165},"t":1785597757165}
+ true
+ ps axo rss=,comm=
+ grep -E 'Helper \(GPU\)'
+ sort -rn
+ head -1
++ date +%T
+ awk -v t=11:22:40 '{printf "[rss] %s %.0f MB\n", t, $1/1024}'
+ sleep 15
[page] [jolt-webgpu] engine.run caller stalled 363362 ms: {"jobs_submitted":1298,"jobs_started":1298,"jobs_finished":1297,"current_job_start_ms":1785597396866,"last_submit_ms":1785597396866,"last_drain_enter_ms":1785597396866,"last_drain_exit_ms":1785597396794,"device_errors":0,"device_lost":1,"caller_stall_probes":71,"pending_readbacks":0,"queue_len":0,"signal":1298,"now_ms":1785597760228}
[page] [gpu-worker][wedge] {"kind":"stall","jobDied":false,"stuckJob":true,"jobAgeMs":365392,"drainTraps":0,"rescuedWakeups":0,"signal":1298,"engine":{"jobs_submitted":1298,"jobs_started":1298,"jobs_finished":1297,"current_job_start_ms":1785597396866,"last_submit_ms":1785597396866,"last_drain_enter_ms":1785597396866,"last_drain_exit_ms":1785597396794,"device_errors":0,"device_lost":1,"caller_stall_probes":71,"pending_readbacks":0,"queue_len":0,"signal":1298,"now_ms":1785597762258},"t":1785597762258}
[page] [gpu-worker][wedge] {"kind":"device","drainTraps":0,"rescuedWakeups":0,"signal":1,"engine":{"jobs_submitted":1,"jobs_started":1,"jobs_finished":1,"current_job_start_ms":0,"last_submit_ms":1785597237140,"last_drain_enter_ms":1785597762118,"last_drain_exit_ms":1785597762118,"device_errors":0,"device_lost":1,"caller_stall_probes":0,"pending_readbacks":0,"queue_len":0,"signal":1,"now_ms":1785597762258},"t":1785597762258}
[page] [jolt-webgpu] engine.run caller stalled 368509 ms: {"jobs_submitted":1298,"jobs_started":1298,"jobs_finished":1297,"current_job_start_ms":1785597396866,"last_submit_ms":1785597396866,"last_drain_enter_ms":1785597396866,"last_drain_exit_ms":1785597396794,"device_errors":0,"device_lost":1,"caller_stall_probes":72,"pending_readbacks":0,"queue_len":0,"signal":1298,"now_ms":1785597765375}
[page] [gpu-worker][wedge] {"kind":"device","drainTraps":0,"rescuedWakeups":0,"signal":1,"engine":{"jobs_submitted":1,"jobs_started":1,"jobs_finished":1,"current_job_start_ms":0,"last_submit_ms":1785597237140,"last_drain_enter_ms":1785597767248,"last_drain_exit_ms":1785597767248,"device_errors":0,"device_lost":1,"caller_stall_probes":0,"pending_readbacks":0,"queue_len":0,"signal":1,"now_ms":1785597767248},"t":1785597767248}
[page] [gpu-worker][wedge] {"kind":"stall","jobDied":false,"stuckJob":true,"jobAgeMs":370382,"drainTraps":0,"rescuedWakeups":0,"signal":1298,"engine":{"jobs_submitted":1298,"jobs_started":1298,"jobs_finished":1297,"current_job_start_ms":1785597396866,"last_submit_ms":1785597396866,"last_drain_enter_ms":1785597396866,"last_drain_exit_ms":1785597396794,"device_errors":0,"device_lost":1,"caller_stall_probes":72,"pending_readbacks":0,"queue_len":0,"signal":1298,"now_ms":1785597767248},"t":1785597767248}
[page] [jolt-webgpu] engine.run caller stalled 373644 ms: {"jobs_submitted":1298,"jobs_started":1298,"jobs_finished":1297,"current_job_start_ms":1785597396866,"last_submit_ms":1785597396866,"last_drain_enter_ms":1785597396866,"last_drain_exit_ms":1785597396794,"device_errors":0,"device_lost":1,"caller_stall_probes":73,"pending_readbacks":0,"queue_len":0,"signal":1298,"now_ms":1785597770510}
[page] [gpu-worker][wedge] {"kind":"device","drainTraps":0,"rescuedWakeups":0,"signal":1,"engine":{"jobs_submitted":1,"jobs_started":1,"jobs_finished":1,"current_job_start_ms":0,"last_submit_ms":1785597237140,"last_drain_enter_ms":1785597772192,"last_drain_exit_ms":1785597772192,"device_errors":0,"device_lost":1,"caller_stall_probes":0,"pending_readbacks":0,"queue_len":0,"signal":1,"now_ms":1785597772193},"t":1785597772193}
[page] [gpu-worker][wedge] {"kind":"stall","jobDied":false,"stuckJob":true,"jobAgeMs":375327,"drainTraps":0,"rescuedWakeups":0,"signal":1298,"engine":{"jobs_submitted":1298,"jobs_started":1298,"jobs_finished":1297,"current_job_start_ms":1785597396866,"last_submit_ms":1785597396866,"last_drain_enter_ms":1785597396866,"last_drain_exit_ms":1785597396794,"device_errors":0,"device_lost":1,"caller_stall_probes":73,"pending_readbacks":0,"queue_len":0,"signal":1298,"now_ms":1785597772193},"t":1785597772193}
+ true
+ ps axo rss=,comm=
+ grep -E 'Helper \(GPU\)'
+ sort -rn
+ head -1
++ date +%T
+ awk -v t=11:22:55 '{printf "[rss] %s %.0f MB\n", t, $1/1024}'
+ sleep 15
[page] [jolt-webgpu] engine.run caller stalled 378772 ms: {"jobs_submitted":1298,"jobs_started":1298,"jobs_finished":1297,"current_job_start_ms":1785597396866,"last_submit_ms":1785597396866,"last_drain_enter_ms":1785597396866,"last_drain_exit_ms":1785597396794,"device_errors":0,"device_lost":1,"caller_stall_probes":74,"pending_readbacks":0,"queue_len":0,"signal":1298,"now_ms":1785597775638}
[page] [gpu-worker][wedge] {"kind":"device","drainTraps":0,"rescuedWakeups":0,"signal":1,"engine":{"jobs_submitted":1,"jobs_started":1,"jobs_finished":1,"current_job_start_ms":0,"last_submit_ms":1785597237140,"last_drain_enter_ms":1785597777142,"last_drain_exit_ms":1785597777142,"device_errors":0,"device_lost":1,"caller_stall_probes":0,"pending_readbacks":0,"queue_len":0,"signal":1,"now_ms":1785597777142},"t":1785597777142}
[page] [gpu-worker][wedge] {"kind":"stall","jobDied":false,"stuckJob":true,"jobAgeMs":380276,"drainTraps":0,"rescuedWakeups":0,"signal":1298,"engine":{"jobs_submitted":1298,"jobs_started":1298,"jobs_finished":1297,"current_job_start_ms":1785597396866,"last_submit_ms":1785597396866,"last_drain_enter_ms":1785597396866,"last_drain_exit_ms":1785597396794,"device_errors":0,"device_lost":1,"caller_stall_probes":74,"pending_readbacks":0,"queue_len":0,"signal":1298,"now_ms":1785597777142},"t":1785597777142}
[page] [jolt-webgpu] engine.run caller stalled 383874 ms: {"jobs_submitted":1298,"jobs_started":1298,"jobs_finished":1297,"current_job_start_ms":1785597396866,"last_submit_ms":1785597396866,"last_drain_enter_ms":1785597396866,"last_drain_exit_ms":1785597396794,"device_errors":0,"device_lost":1,"caller_stall_probes":75,"pending_readbacks":0,"queue_len":0,"signal":1298,"now_ms":1785597780740}
[page] [gpu-worker][wedge] {"kind":"stall","jobDied":false,"stuckJob":true,"jobAgeMs":385419,"drainTraps":0,"rescuedWakeups":0,"signal":1298,"engine":{"jobs_submitted":1298,"jobs_started":1298,"jobs_finished":1297,"current_job_start_ms":1785597396866,"last_submit_ms":1785597396866,"last_drain_enter_ms":1785597396866,"last_drain_exit_ms":1785597396794,"device_errors":0,"device_lost":1,"caller_stall_probes":75,"pending_readbacks":0,"queue_len":0,"signal":1298,"now_ms":1785597782285},"t":1785597782285}
[page] [gpu-worker][wedge] {"kind":"device","drainTraps":0,"rescuedWakeups":0,"signal":1,"engine":{"jobs_submitted":1,"jobs_started":1,"jobs_finished":1,"current_job_start_ms":0,"last_submit_ms":1785597237140,"last_drain_enter_ms":1785597782106,"last_drain_exit_ms":1785597782106,"device_errors":0,"device_lost":1,"caller_stall_probes":0,"pending_readbacks":0,"queue_len":0,"signal":1,"now_ms":1785597782285},"t":1785597782285}
[page] [jolt-webgpu] engine.run caller stalled 388911 ms: {"jobs_submitted":1298,"jobs_started":1298,"jobs_finished":1297,"current_job_start_ms":1785597396866,"last_submit_ms":1785597396866,"last_drain_enter_ms":1785597396866,"last_drain_exit_ms":1785597396794,"device_errors":0,"device_lost":1,"caller_stall_probes":76,"pending_readbacks":0,"queue_len":0,"signal":1298,"now_ms":1785597785777}
[page] [gpu-worker][wedge] {"kind":"stall","jobDied":false,"stuckJob":true,"jobAgeMs":390390,"drainTraps":0,"rescuedWakeups":0,"signal":1298,"engine":{"jobs_submitted":1298,"jobs_started":1298,"jobs_finished":1297,"current_job_start_ms":1785597396866,"last_submit_ms":1785597396866,"last_drain_enter_ms":1785597396866,"last_drain_exit_ms":1785597396794,"device_errors":0,"device_lost":1,"caller_stall_probes":76,"pending_readbacks":0,"queue_len":0,"signal":1298,"now_ms":1785597787256},"t":1785597787256}
[page] [gpu-worker][wedge] {"kind":"device","drainTraps":0,"rescuedWakeups":0,"signal":1,"engine":{"jobs_submitted":1,"jobs_started":1,"jobs_finished":1,"current_job_start_ms":0,"last_submit_ms":1785597237140,"last_drain_enter_ms":1785597787081,"last_drain_exit_ms":1785597787081,"device_errors":0,"device_lost":1,"caller_stall_probes":0,"pending_readbacks":0,"queue_len":0,"signal":1,"now_ms":1785597787257},"t":1785597787257}
+ true
+ ps axo rss=,comm=
+ grep -E 'Helper \(GPU\)'
+ sort -rn
+ head -1
++ date +%T
+ awk -v t=11:23:10 '{printf "[rss] %s %.0f MB\n", t, $1/1024}'
+ sleep 15
[page] [jolt-webgpu] engine.run caller stalled 394029 ms: {"jobs_submitted":1298,"jobs_started":1298,"jobs_finished":1297,"current_job_start_ms":1785597396866,"last_submit_ms":1785597396866,"last_drain_enter_ms":1785597396866,"last_drain_exit_ms":1785597396794,"device_errors":0,"device_lost":1,"caller_stall_probes":77,"pending_readbacks":0,"queue_len":0,"signal":1298,"now_ms":1785597790895}
[page] [gpu-worker][wedge] {"kind":"device","drainTraps":0,"rescuedWakeups":0,"signal":1,"engine":{"jobs_submitted":1,"jobs_started":1,"jobs_finished":1,"current_job_start_ms":0,"last_submit_ms":1785597237140,"last_drain_enter_ms":1785597792163,"last_drain_exit_ms":1785597792163,"device_errors":0,"device_lost":1,"caller_stall_probes":0,"pending_readbacks":0,"queue_len":0,"signal":1,"now_ms":1785597792164},"t":1785597792164}
[page] [gpu-worker][wedge] {"kind":"stall","jobDied":false,"stuckJob":true,"jobAgeMs":395298,"drainTraps":0,"rescuedWakeups":0,"signal":1298,"engine":{"jobs_submitted":1298,"jobs_started":1298,"jobs_finished":1297,"current_job_start_ms":1785597396866,"last_submit_ms":1785597396866,"last_drain_enter_ms":1785597396866,"last_drain_exit_ms":1785597396794,"device_errors":0,"device_lost":1,"caller_stall_probes":77,"pending_readbacks":0,"queue_len":0,"signal":1298,"now_ms":1785597792164},"t":1785597792164}
[page] [jolt-webgpu] engine.run caller stalled 399163 ms: {"jobs_submitted":1298,"jobs_started":1298,"jobs_finished":1297,"current_job_start_ms":1785597396866,"last_submit_ms":1785597396866,"last_drain_enter_ms":1785597396866,"last_drain_exit_ms":1785597396794,"device_errors":0,"device_lost":1,"caller_stall_probes":78,"pending_readbacks":0,"queue_len":0,"signal":1298,"now_ms":1785597796029}
[page] [gpu-worker][wedge] {"kind":"stall","jobDied":false,"stuckJob":true,"jobAgeMs":400381,"drainTraps":0,"rescuedWakeups":0,"signal":1298,"engine":{"jobs_submitted":1298,"jobs_started":1298,"jobs_finished":1297,"current_job_start_ms":1785597396866,"last_submit_ms":1785597396866,"last_drain_enter_ms":1785597396866,"last_drain_exit_ms":1785597396794,"device_errors":0,"device_lost":1,"caller_stall_probes":78,"pending_readbacks":0,"queue_len":0,"signal":1298,"now_ms":1785597797247},"t":1785597797247}
[page] [gpu-worker][wedge] {"kind":"device","drainTraps":0,"rescuedWakeups":0,"signal":1,"engine":{"jobs_submitted":1,"jobs_started":1,"jobs_finished":1,"current_job_start_ms":0,"last_submit_ms":1785597237140,"last_drain_enter_ms":1785597797107,"last_drain_exit_ms":1785597797107,"device_errors":0,"device_lost":1,"caller_stall_probes":0,"pending_readbacks":0,"queue_len":0,"signal":1,"now_ms":1785597797247},"t":1785597797247}
[page] [jolt-webgpu] engine.run caller stalled 404299 ms: {"jobs_submitted":1298,"jobs_started":1298,"jobs_finished":1297,"current_job_start_ms":1785597396866,"last_submit_ms":1785597396866,"last_drain_enter_ms":1785597396866,"last_drain_exit_ms":1785597396794,"device_errors":0,"device_lost":1,"caller_stall_probes":79,"pending_readbacks":0,"queue_len":0,"signal":1298,"now_ms":1785597801165}
[page] [gpu-worker][wedge] {"kind":"device","drainTraps":0,"rescuedWakeups":0,"signal":1,"engine":{"jobs_submitted":1,"jobs_started":1,"jobs_finished":1,"current_job_start_ms":0,"last_submit_ms":1785597237140,"last_drain_enter_ms":1785597802145,"last_drain_exit_ms":1785597802145,"device_errors":0,"device_lost":1,"caller_stall_probes":0,"pending_readbacks":0,"queue_len":0,"signal":1,"now_ms":1785597802145},"t":1785597802145}
[page] [gpu-worker][wedge] {"kind":"stall","jobDied":false,"stuckJob":true,"jobAgeMs":405279,"drainTraps":0,"rescuedWakeups":0,"signal":1298,"engine":{"jobs_submitted":1298,"jobs_started":1298,"jobs_finished":1297,"current_job_start_ms":1785597396866,"last_submit_ms":1785597396866,"last_drain_enter_ms":1785597396866,"last_drain_exit_ms":1785597396794,"device_errors":0,"device_lost":1,"caller_stall_probes":79,"pending_readbacks":0,"queue_len":0,"signal":1298,"now_ms":1785597802146},"t":1785597802146}
+ true
+ ps axo rss=,comm=
+ grep -E 'Helper \(GPU\)'
+ sort -rn
+ head -1
++ date +%T
+ awk -v t=11:23:25 '{printf "[rss] %s %.0f MB\n", t, $1/1024}'
+ sleep 15
[page] [jolt-webgpu] engine.run caller stalled 409429 ms: {"jobs_submitted":1298,"jobs_started":1298,"jobs_finished":1297,"current_job_start_ms":1785597396866,"last_submit_ms":1785597396866,"last_drain_enter_ms":1785597396866,"last_drain_exit_ms":1785597396794,"device_errors":0,"device_lost":1,"caller_stall_probes":80,"pending_readbacks":0,"queue_len":0,"signal":1298,"now_ms":1785597806295}
[page] [gpu-worker][wedge] {"kind":"device","drainTraps":0,"rescuedWakeups":0,"signal":1,"engine":{"jobs_submitted":1,"jobs_started":1,"jobs_finished":1,"current_job_start_ms":0,"last_submit_ms":1785597237140,"last_drain_enter_ms":1785597807116,"last_drain_exit_ms":1785597807116,"device_errors":0,"device_lost":1,"caller_stall_probes":0,"pending_readbacks":0,"queue_len":0,"signal":1,"now_ms":1785597807225},"t":1785597807225}
[page] [gpu-worker][wedge] {"kind":"stall","jobDied":false,"stuckJob":true,"jobAgeMs":410360,"drainTraps":0,"rescuedWakeups":0,"signal":1298,"engine":{"jobs_submitted":1298,"jobs_started":1298,"jobs_finished":1297,"current_job_start_ms":1785597396866,"last_submit_ms":1785597396866,"last_drain_enter_ms":1785597396866,"last_drain_exit_ms":1785597396794,"device_errors":0,"device_lost":1,"caller_stall_probes":80,"pending_readbacks":0,"queue_len":0,"signal":1298,"now_ms":1785597807226},"t":1785597807226}
[page] [jolt-webgpu] engine.run caller stalled 414459 ms: {"jobs_submitted":1298,"jobs_started":1298,"jobs_finished":1297,"current_job_start_ms":1785597396866,"last_submit_ms":1785597396866,"last_drain_enter_ms":1785597396866,"last_drain_exit_ms":1785597396794,"device_errors":0,"device_lost":1,"caller_stall_probes":81,"pending_readbacks":0,"queue_len":0,"signal":1298,"now_ms":1785597811325}
[page] [gpu-worker][wedge] {"kind":"device","drainTraps":0,"rescuedWakeups":0,"signal":1,"engine":{"jobs_submitted":1,"jobs_started":1,"jobs_finished":1,"current_job_start_ms":0,"last_submit_ms":1785597237140,"last_drain_enter_ms":1785597812056,"last_drain_exit_ms":1785597812056,"device_errors":0,"device_lost":1,"caller_stall_probes":0,"pending_readbacks":0,"queue_len":0,"signal":1,"now_ms":1785597812273},"t":1785597812273}
[page] [gpu-worker][wedge] {"kind":"stall","jobDied":false,"stuckJob":true,"jobAgeMs":415407,"drainTraps":0,"rescuedWakeups":0,"signal":1298,"engine":{"jobs_submitted":1298,"jobs_started":1298,"jobs_finished":1297,"current_job_start_ms":1785597396866,"last_submit_ms":1785597396866,"last_drain_enter_ms":1785597396866,"last_drain_exit_ms":1785597396794,"device_errors":0,"device_lost":1,"caller_stall_probes":81,"pending_readbacks":0,"queue_len":0,"signal":1298,"now_ms":1785597812274},"t":1785597812274}
[page] [jolt-webgpu] engine.run caller stalled 419609 ms: {"jobs_submitted":1298,"jobs_started":1298,"jobs_finished":1297,"current_job_start_ms":1785597396866,"last_submit_ms":1785597396866,"last_drain_enter_ms":1785597396866,"last_drain_exit_ms":1785597396794,"device_errors":0,"device_lost":1,"caller_stall_probes":82,"pending_readbacks":0,"queue_len":0,"signal":1298,"now_ms":1785597816475}
[page] [gpu-worker][wedge] {"kind":"device","drainTraps":0,"rescuedWakeups":0,"signal":1,"engine":{"jobs_submitted":1,"jobs_started":1,"jobs_finished":1,"current_job_start_ms":0,"last_submit_ms":1785597237140,"last_drain_enter_ms":1785597817199,"last_drain_exit_ms":1785597817199,"device_errors":0,"device_lost":1,"caller_stall_probes":0,"pending_readbacks":0,"queue_len":0,"signal":1,"now_ms":1785597817199},"t":1785597817199}
[page] [gpu-worker][wedge] {"kind":"stall","jobDied":false,"stuckJob":true,"jobAgeMs":420334,"drainTraps":0,"rescuedWakeups":0,"signal":1298,"engine":{"jobs_submitted":1298,"jobs_started":1298,"jobs_finished":1297,"current_job_start_ms":1785597396866,"last_submit_ms":1785597396866,"last_drain_enter_ms":1785597396866,"last_drain_exit_ms":1785597396794,"device_errors":0,"device_lost":1,"caller_stall_probes":82,"pending_readbacks":0,"queue_len":0,"signal":1298,"now_ms":1785597817200},"t":1785597817200}
+ true
+ ps axo rss=,comm=
+ grep -E 'Helper \(GPU\)'
+ sort -rn
+ head -1
++ date +%T
+ awk -v t=11:23:40 '{printf "[rss] %s %.0f MB\n", t, $1/1024}'
+ sleep 15
[page] [jolt-webgpu] engine.run caller stalled 424755 ms: {"jobs_submitted":1298,"jobs_started":1298,"jobs_finished":1297,"current_job_start_ms":1785597396866,"last_submit_ms":1785597396866,"last_drain_enter_ms":1785597396866,"last_drain_exit_ms":1785597396794,"device_errors":0,"device_lost":1,"caller_stall_probes":83,"pending_readbacks":0,"queue_len":0,"signal":1298,"now_ms":1785597821621}
[page] [gpu-worker][wedge] {"kind":"device","drainTraps":0,"rescuedWakeups":0,"signal":1,"engine":{"jobs_submitted":1,"jobs_started":1,"jobs_finished":1,"current_job_start_ms":0,"last_submit_ms":1785597237140,"last_drain_enter_ms":1785597822207,"last_drain_exit_ms":1785597822207,"device_errors":0,"device_lost":1,"caller_stall_probes":0,"pending_readbacks":0,"queue_len":0,"signal":1,"now_ms":1785597822207},"t":1785597822207}
[page] [gpu-worker][wedge] {"kind":"stall","jobDied":false,"stuckJob":true,"jobAgeMs":425342,"drainTraps":0,"rescuedWakeups":0,"signal":1298,"engine":{"jobs_submitted":1298,"jobs_started":1298,"jobs_finished":1297,"current_job_start_ms":1785597396866,"last_submit_ms":1785597396866,"last_drain_enter_ms":1785597396866,"last_drain_exit_ms":1785597396794,"device_errors":0,"device_lost":1,"caller_stall_probes":83,"pending_readbacks":0,"queue_len":0,"signal":1298,"now_ms":1785597822208},"t":1785597822208}
[page] [jolt-webgpu] engine.run caller stalled 429895 ms: {"jobs_submitted":1298,"jobs_started":1298,"jobs_finished":1297,"current_job_start_ms":1785597396866,"last_submit_ms":1785597396866,"last_drain_enter_ms":1785597396866,"last_drain_exit_ms":1785597396794,"device_errors":0,"device_lost":1,"caller_stall_probes":84,"pending_readbacks":0,"queue_len":0,"signal":1298,"now_ms":1785597826761}
[page] [gpu-worker][wedge] {"kind":"device","drainTraps":0,"rescuedWakeups":0,"signal":1,"engine":{"jobs_submitted":1,"jobs_started":1,"jobs_finished":1,"current_job_start_ms":0,"last_submit_ms":1785597237140,"last_drain_enter_ms":1785597827043,"last_drain_exit_ms":1785597827043,"device_errors":0,"device_lost":1,"caller_stall_probes":0,"pending_readbacks":0,"queue_len":0,"signal":1,"now_ms":1785597827243},"t":1785597827243}
[page] [gpu-worker][wedge] {"kind":"stall","jobDied":false,"stuckJob":true,"jobAgeMs":430378,"drainTraps":0,"rescuedWakeups":0,"signal":1298,"engine":{"jobs_submitted":1298,"jobs_started":1298,"jobs_finished":1297,"current_job_start_ms":1785597396866,"last_submit_ms":1785597396866,"last_drain_enter_ms":1785597396866,"last_drain_exit_ms":1785597396794,"device_errors":0,"device_lost":1,"caller_stall_probes":84,"pending_readbacks":0,"queue_len":0,"signal":1298,"now_ms":1785597827244},"t":1785597827244}
[page] [jolt-webgpu] engine.run caller stalled 435043 ms: {"jobs_submitted":1298,"jobs_started":1298,"jobs_finished":1297,"current_job_start_ms":1785597396866,"last_submit_ms":1785597396866,"last_drain_enter_ms":1785597396866,"last_drain_exit_ms":1785597396794,"device_errors":0,"device_lost":1,"caller_stall_probes":85,"pending_readbacks":0,"queue_len":0,"signal":1298,"now_ms":1785597831909}
[page] [gpu-worker][wedge] {"kind":"stall","jobDied":false,"stuckJob":true,"jobAgeMs":435321,"drainTraps":0,"rescuedWakeups":0,"signal":1298,"engine":{"jobs_submitted":1298,"jobs_started":1298,"jobs_finished":1297,"current_job_start_ms":1785597396866,"last_submit_ms":1785597396866,"last_drain_enter_ms":1785597396866,"last_drain_exit_ms":1785597396794,"device_errors":0,"device_lost":1,"caller_stall_probes":85,"pending_readbacks":0,"queue_len":0,"signal":1298,"now_ms":1785597832187},"t":1785597832187}
[page] [gpu-worker][wedge] {"kind":"device","drainTraps":0,"rescuedWakeups":0,"signal":1,"engine":{"jobs_submitted":1,"jobs_started":1,"jobs_finished":1,"current_job_start_ms":0,"last_submit_ms":1785597237140,"last_drain_enter_ms":1785597832187,"last_drain_exit_ms":1785597832187,"device_errors":0,"device_lost":1,"caller_stall_probes":0,"pending_readbacks":0,"queue_len":0,"signal":1,"now_ms":1785597832187},"t":1785597832187}
+ true
+ ps axo rss=,comm=
+ grep -E 'Helper \(GPU\)'
+ sort -rn
+ head -1
++ date +%T
+ awk -v t=11:23:56 '{printf "[rss] %s %.0f MB\n", t, $1/1024}'
+ sleep 15
[page] [jolt-webgpu] engine.run caller stalled 440152 ms: {"jobs_submitted":1298,"jobs_started":1298,"jobs_finished":1297,"current_job_start_ms":1785597396866,"last_submit_ms":1785597396866,"last_drain_enter_ms":1785597396866,"last_drain_exit_ms":1785597396794,"device_errors":0,"device_lost":1,"caller_stall_probes":86,"pending_readbacks":0,"queue_len":0,"signal":1298,"now_ms":1785597837018}
[page] [gpu-worker][wedge] {"kind":"stall","jobDied":false,"stuckJob":true,"jobAgeMs":440385,"drainTraps":0,"rescuedWakeups":0,"signal":1298,"engine":{"jobs_submitted":1298,"jobs_started":1298,"jobs_finished":1297,"current_job_start_ms":1785597396866,"last_submit_ms":1785597396866,"last_drain_enter_ms":1785597396866,"last_drain_exit_ms":1785597396794,"device_errors":0,"device_lost":1,"caller_stall_probes":86,"pending_readbacks":0,"queue_len":0,"signal":1298,"now_ms":1785597837251},"t":1785597837251}
[page] [gpu-worker][wedge] {"kind":"device","drainTraps":0,"rescuedWakeups":0,"signal":1,"engine":{"jobs_submitted":1,"jobs_started":1,"jobs_finished":1,"current_job_start_ms":0,"last_submit_ms":1785597237140,"last_drain_enter_ms":1785597837084,"last_drain_exit_ms":1785597837084,"device_errors":0,"device_lost":1,"caller_stall_probes":0,"pending_readbacks":0,"queue_len":0,"signal":1,"now_ms":1785597837251},"t":1785597837251}
[page] [jolt-webgpu] engine.run caller stalled 445183 ms: {"jobs_submitted":1298,"jobs_started":1298,"jobs_finished":1297,"current_job_start_ms":1785597396866,"last_submit_ms":1785597396866,"last_drain_enter_ms":1785597396866,"last_drain_exit_ms":1785597396794,"device_errors":0,"device_lost":1,"caller_stall_probes":87,"pending_readbacks":0,"queue_len":0,"signal":1298,"now_ms":1785597842049}
[page] [gpu-worker][wedge] {"kind":"device","drainTraps":0,"rescuedWakeups":0,"signal":1,"engine":{"jobs_submitted":1,"jobs_started":1,"jobs_finished":1,"current_job_start_ms":0,"last_submit_ms":1785597237140,"last_drain_enter_ms":1785597842156,"last_drain_exit_ms":1785597842156,"device_errors":0,"device_lost":1,"caller_stall_probes":0,"pending_readbacks":0,"queue_len":0,"signal":1,"now_ms":1785597842156},"t":1785597842156}
[page] [gpu-worker][wedge] {"kind":"stall","jobDied":false,"stuckJob":true,"jobAgeMs":445291,"drainTraps":0,"rescuedWakeups":0,"signal":1298,"engine":{"jobs_submitted":1298,"jobs_started":1298,"jobs_finished":1297,"current_job_start_ms":1785597396866,"last_submit_ms":1785597396866,"last_drain_enter_ms":1785597396866,"last_drain_exit_ms":1785597396794,"device_errors":0,"device_lost":1,"caller_stall_probes":87,"pending_readbacks":0,"queue_len":0,"signal":1298,"now_ms":1785597842157},"t":1785597842157}
[page] [jolt-webgpu] engine.run caller stalled 450197 ms: {"jobs_submitted":1298,"jobs_started":1298,"jobs_finished":1297,"current_job_start_ms":1785597396866,"last_submit_ms":1785597396866,"last_drain_enter_ms":1785597396866,"last_drain_exit_ms":1785597396794,"device_errors":0,"device_lost":1,"caller_stall_probes":88,"pending_readbacks":0,"queue_len":0,"signal":1298,"now_ms":1785597847063}
[page] [gpu-worker][wedge] {"kind":"device","drainTraps":0,"rescuedWakeups":0,"signal":1,"engine":{"jobs_submitted":1,"jobs_started":1,"jobs_finished":1,"current_job_start_ms":0,"last_submit_ms":1785597237140,"last_drain_enter_ms":1785597847174,"last_drain_exit_ms":1785597847174,"device_errors":0,"device_lost":1,"caller_stall_probes":0,"pending_readbacks":0,"queue_len":0,"signal":1,"now_ms":1785597847174},"t":1785597847174}
[page] [gpu-worker][wedge] {"kind":"stall","jobDied":false,"stuckJob":true,"jobAgeMs":450309,"drainTraps":0,"rescuedWakeups":0,"signal":1298,"engine":{"jobs_submitted":1298,"jobs_started":1298,"jobs_finished":1297,"current_job_start_ms":1785597396866,"last_submit_ms":1785597396866,"last_drain_enter_ms":1785597396866,"last_drain_exit_ms":1785597396794,"device_errors":0,"device_lost":1,"caller_stall_probes":88,"pending_readbacks":0,"queue_len":0,"signal":1298,"now_ms":1785597847175},"t":1785597847175}
+ true
+ ps axo rss=,comm=
+ grep -E 'Helper \(GPU\)'
+ sort -rn
+ head -1
++ date +%T
+ awk -v t=11:24:11 '{printf "[rss] %s %.0f MB\n", t, $1/1024}'
+ sleep 15
[page] [gpu-worker][wedge] {"kind":"stall","jobDied":false,"stuckJob":true,"jobAgeMs":455269,"drainTraps":0,"rescuedWakeups":0,"signal":1298,"engine":{"jobs_submitted":1298,"jobs_started":1298,"jobs_finished":1297,"current_job_start_ms":1785597396866,"last_submit_ms":1785597396866,"last_drain_enter_ms":1785597396866,"last_drain_exit_ms":1785597396794,"device_errors":0,"device_lost":1,"caller_stall_probes":88,"pending_readbacks":0,"queue_len":0,"signal":1298,"now_ms":1785597852135},"t":1785597852135}
[page] [gpu-worker][wedge] {"kind":"device","drainTraps":0,"rescuedWakeups":0,"signal":1,"engine":{"jobs_submitted":1,"jobs_started":1,"jobs_finished":1,"current_job_start_ms":0,"last_submit_ms":1785597237140,"last_drain_enter_ms":1785597852136,"last_drain_exit_ms":1785597852136,"device_errors":0,"device_lost":1,"caller_stall_probes":0,"pending_readbacks":0,"queue_len":0,"signal":1,"now_ms":1785597852136},"t":1785597852136}
[page] [jolt-webgpu] engine.run caller stalled 455276 ms: {"jobs_submitted":1298,"jobs_started":1298,"jobs_finished":1297,"current_job_start_ms":1785597396866,"last_submit_ms":1785597396866,"last_drain_enter_ms":1785597396866,"last_drain_exit_ms":1785597396794,"device_errors":0,"device_lost":1,"caller_stall_probes":89,"pending_readbacks":0,"queue_len":0,"signal":1298,"now_ms":1785597852142}
[page] [jolt-webgpu] engine.run caller stalled 460294 ms: {"jobs_submitted":1298,"jobs_started":1298,"jobs_finished":1297,"current_job_start_ms":1785597396866,"last_submit_ms":1785597396866,"last_drain_enter_ms":1785597396866,"last_drain_exit_ms":1785597396794,"device_errors":0,"device_lost":1,"caller_stall_probes":90,"pending_readbacks":0,"queue_len":0,"signal":1298,"now_ms":1785597857160}
[page] [gpu-worker][wedge] {"kind":"stall","jobDied":false,"stuckJob":true,"jobAgeMs":460334,"drainTraps":0,"rescuedWakeups":0,"signal":1298,"engine":{"jobs_submitted":1298,"jobs_started":1298,"jobs_finished":1297,"current_job_start_ms":1785597396866,"last_submit_ms":1785597396866,"last_drain_enter_ms":1785597396866,"last_drain_exit_ms":1785597396794,"device_errors":0,"device_lost":1,"caller_stall_probes":90,"pending_readbacks":0,"queue_len":0,"signal":1298,"now_ms":1785597857200},"t":1785597857200}
[page] [gpu-worker][wedge] {"kind":"device","drainTraps":0,"rescuedWakeups":0,"signal":1,"engine":{"jobs_submitted":1,"jobs_started":1,"jobs_finished":1,"current_job_start_ms":0,"last_submit_ms":1785597237140,"last_drain_enter_ms":1785597857201,"last_drain_exit_ms":1785597857201,"device_errors":0,"device_lost":1,"caller_stall_probes":0,"pending_readbacks":0,"queue_len":0,"signal":1,"now_ms":1785597857201},"t":1785597857201}
[page] [jolt-webgpu] engine.run caller stalled 465303 ms: {"jobs_submitted":1298,"jobs_started":1298,"jobs_finished":1297,"current_job_start_ms":1785597396866,"last_submit_ms":1785597396866,"last_drain_enter_ms":1785597396866,"last_drain_exit_ms":1785597396794,"device_errors":0,"device_lost":1,"caller_stall_probes":91,"pending_readbacks":0,"queue_len":0,"signal":1298,"now_ms":1785597862169}
[page] [gpu-worker][wedge] {"kind":"stall","jobDied":false,"stuckJob":true,"jobAgeMs":465304,"drainTraps":0,"rescuedWakeups":0,"signal":1298,"engine":{"jobs_submitted":1298,"jobs_started":1298,"jobs_finished":1297,"current_job_start_ms":1785597396866,"last_submit_ms":1785597396866,"last_drain_enter_ms":1785597396866,"last_drain_exit_ms":1785597396794,"device_errors":0,"device_lost":1,"caller_stall_probes":91,"pending_readbacks":0,"queue_len":0,"signal":1298,"now_ms":1785597862170},"t":1785597862170}
[page] [gpu-worker][wedge] {"kind":"device","drainTraps":0,"rescuedWakeups":0,"signal":1,"engine":{"jobs_submitted":1,"jobs_started":1,"jobs_finished":1,"current_job_start_ms":0,"last_submit_ms":1785597237140,"last_drain_enter_ms":1785597862171,"last_drain_exit_ms":1785597862171,"device_errors":0,"device_lost":1,"caller_stall_probes":0,"pending_readbacks":0,"queue_len":0,"signal":1,"now_ms":1785597862171},"t":1785597862171}
+ true
+ ps axo rss=,comm=
+ grep -E 'Helper \(GPU\)'
+ sort -rn
+ head -1
++ date +%T
+ awk -v t=11:24:26 '{printf "[rss] %s %.0f MB\n", t, $1/1024}'
+ sleep 15
[page] [gpu-worker][wedge] {"kind":"device","drainTraps":0,"rescuedWakeups":0,"signal":1,"engine":{"jobs_submitted":1,"jobs_started":1,"jobs_finished":1,"current_job_start_ms":0,"last_submit_ms":1785597237140,"last_drain_enter_ms":1785597867136,"last_drain_exit_ms":1785597867136,"device_errors":0,"device_lost":1,"caller_stall_probes":0,"pending_readbacks":0,"queue_len":0,"signal":1,"now_ms":1785597867136},"t":1785597867136}
[page] [gpu-worker][wedge] {"kind":"stall","jobDied":false,"stuckJob":true,"jobAgeMs":470270,"drainTraps":0,"rescuedWakeups":0,"signal":1298,"engine":{"jobs_submitted":1298,"jobs_started":1298,"jobs_finished":1297,"current_job_start_ms":1785597396866,"last_submit_ms":1785597396866,"last_drain_enter_ms":1785597396866,"last_drain_exit_ms":1785597396794,"device_errors":0,"device_lost":1,"caller_stall_probes":91,"pending_readbacks":0,"queue_len":0,"signal":1298,"now_ms":1785597867136},"t":1785597867136}
[page] [jolt-webgpu] engine.run caller stalled 470319 ms: {"jobs_submitted":1298,"jobs_started":1298,"jobs_finished":1297,"current_job_start_ms":1785597396866,"last_submit_ms":1785597396866,"last_drain_enter_ms":1785597396866,"last_drain_exit_ms":1785597396794,"device_errors":0,"device_lost":1,"caller_stall_probes":92,"pending_readbacks":0,"queue_len":0,"signal":1298,"now_ms":1785597867185}
[page] [gpu-worker][wedge] {"kind":"device","drainTraps":0,"rescuedWakeups":0,"signal":1,"engine":{"jobs_submitted":1,"jobs_started":1,"jobs_finished":1,"current_job_start_ms":0,"last_submit_ms":1785597237140,"last_drain_enter_ms":1785597872035,"last_drain_exit_ms":1785597872035,"device_errors":0,"device_lost":1,"caller_stall_probes":0,"pending_readbacks":0,"queue_len":0,"signal":1,"now_ms":1785597872160},"t":1785597872160}
[page] [gpu-worker][wedge] {"kind":"stall","jobDied":false,"stuckJob":true,"jobAgeMs":475294,"drainTraps":0,"rescuedWakeups":0,"signal":1298,"engine":{"jobs_submitted":1298,"jobs_started":1298,"jobs_finished":1297,"current_job_start_ms":1785597396866,"last_submit_ms":1785597396866,"last_drain_enter_ms":1785597396866,"last_drain_exit_ms":1785597396794,"device_errors":0,"device_lost":1,"caller_stall_probes":92,"pending_readbacks":0,"queue_len":0,"signal":1298,"now_ms":1785597872160},"t":1785597872160}
[page] [jolt-webgpu] engine.run caller stalled 475456 ms: {"jobs_submitted":1298,"jobs_started":1298,"jobs_finished":1297,"current_job_start_ms":1785597396866,"last_submit_ms":1785597396866,"last_drain_enter_ms":1785597396866,"last_drain_exit_ms":1785597396794,"device_errors":0,"device_lost":1,"caller_stall_probes":93,"pending_readbacks":0,"queue_len":0,"signal":1298,"now_ms":1785597872322}
[page] [gpu-worker][wedge] {"kind":"device","drainTraps":0,"rescuedWakeups":0,"signal":1,"engine":{"jobs_submitted":1,"jobs_started":1,"jobs_finished":1,"current_job_start_ms":0,"last_submit_ms":1785597237140,"last_drain_enter_ms":1785597877180,"last_drain_exit_ms":1785597877180,"device_errors":0,"device_lost":1,"caller_stall_probes":0,"pending_readbacks":0,"queue_len":0,"signal":1,"now_ms":1785597877180},"t":1785597877180}
[page] [gpu-worker][wedge] {"kind":"stall","jobDied":false,"stuckJob":true,"jobAgeMs":480315,"drainTraps":0,"rescuedWakeups":0,"signal":1298,"engine":{"jobs_submitted":1298,"jobs_started":1298,"jobs_finished":1297,"current_job_start_ms":1785597396866,"last_submit_ms":1785597396866,"last_drain_enter_ms":1785597396866,"last_drain_exit_ms":1785597396794,"device_errors":0,"device_lost":1,"caller_stall_probes":93,"pending_readbacks":0,"queue_len":0,"signal":1298,"now_ms":1785597877181},"t":1785597877181}
[page] [jolt-webgpu] engine.run caller stalled 480606 ms: {"jobs_submitted":1298,"jobs_started":1298,"jobs_finished":1297,"current_job_start_ms":1785597396866,"last_submit_ms":1785597396866,"last_drain_enter_ms":1785597396866,"last_drain_exit_ms":1785597396794,"device_errors":0,"device_lost":1,"caller_stall_probes":94,"pending_readbacks":0,"queue_len":0,"signal":1298,"now_ms":1785597877472}
+ true
+ ps axo rss=,comm=
+ grep -E 'Helper \(GPU\)'
+ sort -rn
+ head -1
++ date +%T
+ awk -v t=11:24:41 '{printf "[rss] %s %.0f MB\n", t, $1/1024}'
+ sleep 15
[page] [gpu-worker][wedge] {"kind":"device","drainTraps":0,"rescuedWakeups":0,"signal":1,"engine":{"jobs_submitted":1,"jobs_started":1,"jobs_finished":1,"current_job_start_ms":0,"last_submit_ms":1785597237140,"last_drain_enter_ms":1785597882216,"last_drain_exit_ms":1785597882216,"device_errors":0,"device_lost":1,"caller_stall_probes":0,"pending_readbacks":0,"queue_len":0,"signal":1,"now_ms":1785597882216},"t":1785597882216}
[page] [gpu-worker][wedge] {"kind":"stall","jobDied":false,"stuckJob":true,"jobAgeMs":485351,"drainTraps":0,"rescuedWakeups":0,"signal":1298,"engine":{"jobs_submitted":1298,"jobs_started":1298,"jobs_finished":1297,"current_job_start_ms":1785597396866,"last_submit_ms":1785597396866,"last_drain_enter_ms":1785597396866,"last_drain_exit_ms":1785597396794,"device_errors":0,"device_lost":1,"caller_stall_probes":94,"pending_readbacks":0,"queue_len":0,"signal":1298,"now_ms":1785597882217},"t":1785597882217}
[page] [jolt-webgpu] engine.run caller stalled 485725 ms: {"jobs_submitted":1298,"jobs_started":1298,"jobs_finished":1297,"current_job_start_ms":1785597396866,"last_submit_ms":1785597396866,"last_drain_enter_ms":1785597396866,"last_drain_exit_ms":1785597396794,"device_errors":0,"device_lost":1,"caller_stall_probes":95,"pending_readbacks":0,"queue_len":0,"signal":1298,"now_ms":1785597882591}
[page] [gpu-worker][wedge] {"kind":"stall","jobDied":false,"stuckJob":true,"jobAgeMs":490363,"drainTraps":0,"rescuedWakeups":0,"signal":1298,"engine":{"jobs_submitted":1298,"jobs_started":1298,"jobs_finished":1297,"current_job_start_ms":1785597396866,"last_submit_ms":1785597396866,"last_drain_enter_ms":1785597396866,"last_drain_exit_ms":1785597396794,"device_errors":0,"device_lost":1,"caller_stall_probes":95,"pending_readbacks":0,"queue_len":0,"signal":1298,"now_ms":1785597887230},"t":1785597887230}
[page] [gpu-worker][wedge] {"kind":"device","drainTraps":0,"rescuedWakeups":0,"signal":1,"engine":{"jobs_submitted":1,"jobs_started":1,"jobs_finished":1,"current_job_start_ms":0,"last_submit_ms":1785597237140,"last_drain_enter_ms":1785597887230,"last_drain_exit_ms":1785597887230,"device_errors":0,"device_lost":1,"caller_stall_probes":0,"pending_readbacks":0,"queue_len":0,"signal":1,"now_ms":1785597887230},"t":1785597887230}
[page] [jolt-webgpu] engine.run caller stalled 490866 ms: {"jobs_submitted":1298,"jobs_started":1298,"jobs_finished":1297,"current_job_start_ms":1785597396866,"last_submit_ms":1785597396866,"last_drain_enter_ms":1785597396866,"last_drain_exit_ms":1785597396794,"device_errors":0,"device_lost":1,"caller_stall_probes":96,"pending_readbacks":0,"queue_len":0,"signal":1298,"now_ms":1785597887732}
[page] [gpu-worker][wedge] {"kind":"device","drainTraps":0,"rescuedWakeups":0,"signal":1,"engine":{"jobs_submitted":1,"jobs_started":1,"jobs_finished":1,"current_job_start_ms":0,"last_submit_ms":1785597237140,"last_drain_enter_ms":1785597892104,"last_drain_exit_ms":1785597892104,"device_errors":0,"device_lost":1,"caller_stall_probes":0,"pending_readbacks":0,"queue_len":0,"signal":1,"now_ms":1785597892280},"t":1785597892280}
[page] [gpu-worker][wedge] {"kind":"stall","jobDied":false,"stuckJob":true,"jobAgeMs":495414,"drainTraps":0,"rescuedWakeups":0,"signal":1298,"engine":{"jobs_submitted":1298,"jobs_started":1298,"jobs_finished":1297,"current_job_start_ms":1785597396866,"last_submit_ms":1785597396866,"last_drain_enter_ms":1785597396866,"last_drain_exit_ms":1785597396794,"device_errors":0,"device_lost":1,"caller_stall_probes":96,"pending_readbacks":0,"queue_len":0,"signal":1298,"now_ms":1785597892281},"t":1785597892281}
[page] [jolt-webgpu] engine.run caller stalled 495977 ms: {"jobs_submitted":1298,"jobs_started":1298,"jobs_finished":1297,"current_job_start_ms":1785597396866,"last_submit_ms":1785597396866,"last_drain_enter_ms":1785597396866,"last_drain_exit_ms":1785597396794,"device_errors":0,"device_lost":1,"caller_stall_probes":97,"pending_readbacks":0,"queue_len":0,"signal":1298,"now_ms":1785597892843}
+ true
+ ps axo rss=,comm=
+ grep -E 'Helper \(GPU\)'
+ sort -rn
+ head -1
++ date +%T
+ awk -v t=11:24:56 '{printf "[rss] %s %.0f MB\n", t, $1/1024}'
+ sleep 15
[page] [gpu-worker][wedge] {"kind":"device","drainTraps":0,"rescuedWakeups":0,"signal":1,"engine":{"jobs_submitted":1,"jobs_started":1,"jobs_finished":1,"current_job_start_ms":0,"last_submit_ms":1785597237140,"last_drain_enter_ms":1785597897197,"last_drain_exit_ms":1785597897197,"device_errors":0,"device_lost":1,"caller_stall_probes":0,"pending_readbacks":0,"queue_len":0,"signal":1,"now_ms":1785597897197},"t":1785597897197}
[page] [gpu-worker][wedge] {"kind":"stall","jobDied":false,"stuckJob":true,"jobAgeMs":500331,"drainTraps":0,"rescuedWakeups":0,"signal":1298,"engine":{"jobs_submitted":1298,"jobs_started":1298,"jobs_finished":1297,"current_job_start_ms":1785597396866,"last_submit_ms":1785597396866,"last_drain_enter_ms":1785597396866,"last_drain_exit_ms":1785597396794,"device_errors":0,"device_lost":1,"caller_stall_probes":97,"pending_readbacks":0,"queue_len":0,"signal":1298,"now_ms":1785597897197},"t":1785597897198}
[page] [jolt-webgpu] engine.run caller stalled 501127 ms: {"jobs_submitted":1298,"jobs_started":1298,"jobs_finished":1297,"current_job_start_ms":1785597396866,"last_submit_ms":1785597396866,"last_drain_enter_ms":1785597396866,"last_drain_exit_ms":1785597396794,"device_errors":0,"device_lost":1,"caller_stall_probes":98,"pending_readbacks":0,"queue_len":0,"signal":1298,"now_ms":1785597897993}
[page] [gpu-worker][wedge] {"kind":"device","drainTraps":0,"rescuedWakeups":0,"signal":1,"engine":{"jobs_submitted":1,"jobs_started":1,"jobs_finished":1,"current_job_start_ms":0,"last_submit_ms":1785597237140,"last_drain_enter_ms":1785597902221,"last_drain_exit_ms":1785597902221,"device_errors":0,"device_lost":1,"caller_stall_probes":0,"pending_readbacks":0,"queue_len":0,"signal":1,"now_ms":1785597902221},"t":1785597902222}
[page] [gpu-worker][wedge] {"kind":"stall","jobDied":false,"stuckJob":true,"jobAgeMs":505356,"drainTraps":0,"rescuedWakeups":0,"signal":1298,"engine":{"jobs_submitted":1298,"jobs_started":1298,"jobs_finished":1297,"current_job_start_ms":1785597396866,"last_submit_ms":1785597396866,"last_drain_enter_ms":1785597396866,"last_drain_exit_ms":1785597396794,"device_errors":0,"device_lost":1,"caller_stall_probes":98,"pending_readbacks":0,"queue_len":0,"signal":1298,"now_ms":1785597902222},"t":1785597902222}
[page] [jolt-webgpu] engine.run caller stalled 506272 ms: {"jobs_submitted":1298,"jobs_started":1298,"jobs_finished":1297,"current_job_start_ms":1785597396866,"last_submit_ms":1785597396866,"last_drain_enter_ms":1785597396866,"last_drain_exit_ms":1785597396794,"device_errors":0,"device_lost":1,"caller_stall_probes":99,"pending_readbacks":0,"queue_len":0,"signal":1298,"now_ms":1785597903138}
[page] [gpu-worker][wedge] {"kind":"device","drainTraps":0,"rescuedWakeups":0,"signal":1,"engine":{"jobs_submitted":1,"jobs_started":1,"jobs_finished":1,"current_job_start_ms":0,"last_submit_ms":1785597237140,"last_drain_enter_ms":1785597907073,"last_drain_exit_ms":1785597907073,"device_errors":0,"device_lost":1,"caller_stall_probes":0,"pending_readbacks":0,"queue_len":0,"signal":1,"now_ms":1785597907255},"t":1785597907255}
[page] [gpu-worker][wedge] {"kind":"stall","jobDied":false,"stuckJob":true,"jobAgeMs":510389,"drainTraps":0,"rescuedWakeups":0,"signal":1298,"engine":{"jobs_submitted":1298,"jobs_started":1298,"jobs_finished":1297,"current_job_start_ms":1785597396866,"last_submit_ms":1785597396866,"last_drain_enter_ms":1785597396866,"last_drain_exit_ms":1785597396794,"device_errors":0,"device_lost":1,"caller_stall_probes":99,"pending_readbacks":0,"queue_len":0,"signal":1298,"now_ms":1785597907256},"t":1785597907256}
[page] [jolt-webgpu] engine.run caller stalled 511345 ms: {"jobs_submitted":1298,"jobs_started":1298,"jobs_finished":1297,"current_job_start_ms":1785597396866,"last_submit_ms":1785597396866,"last_drain_enter_ms":1785597396866,"last_drain_exit_ms":1785597396794,"device_errors":0,"device_lost":1,"caller_stall_probes":100,"pending_readbacks":0,"queue_len":0,"signal":1298,"now_ms":1785597908211}
+ true
+ ps axo rss=,comm=
+ grep -E 'Helper \(GPU\)'
+ sort -rn
+ head -1
++ date +%T
+ awk -v t=11:25:11 '{printf "[rss] %s %.0f MB\n", t, $1/1024}'
+ sleep 15
[page] [gpu-worker][wedge] {"kind":"device","drainTraps":0,"rescuedWakeups":0,"signal":1,"engine":{"jobs_submitted":1,"jobs_started":1,"jobs_finished":1,"current_job_start_ms":0,"last_submit_ms":1785597237140,"last_drain_enter_ms":1785597912230,"last_drain_exit_ms":1785597912230,"device_errors":0,"device_lost":1,"caller_stall_probes":0,"pending_readbacks":0,"queue_len":0,"signal":1,"now_ms":1785597912230},"t":1785597912230}
[page] [gpu-worker][wedge] {"kind":"stall","jobDied":false,"stuckJob":true,"jobAgeMs":515365,"drainTraps":0,"rescuedWakeups":0,"signal":1298,"engine":{"jobs_submitted":1298,"jobs_started":1298,"jobs_finished":1297,"current_job_start_ms":1785597396866,"last_submit_ms":1785597396866,"last_drain_enter_ms":1785597396866,"last_drain_exit_ms":1785597396794,"device_errors":0,"device_lost":1,"caller_stall_probes":100,"pending_readbacks":0,"queue_len":0,"signal":1298,"now_ms":1785597912231},"t":1785597912231}
[page] [jolt-webgpu] engine.run caller stalled 516388 ms: {"jobs_submitted":1298,"jobs_started":1298,"jobs_finished":1297,"current_job_start_ms":1785597396866,"last_submit_ms":1785597396866,"last_drain_enter_ms":1785597396866,"last_drain_exit_ms":1785597396794,"device_errors":0,"device_lost":1,"caller_stall_probes":101,"pending_readbacks":0,"queue_len":0,"signal":1298,"now_ms":1785597913254}
[page] [gpu-worker][wedge] {"kind":"device","drainTraps":0,"rescuedWakeups":0,"signal":1,"engine":{"jobs_submitted":1,"jobs_started":1,"jobs_finished":1,"current_job_start_ms":0,"last_submit_ms":1785597237140,"last_drain_enter_ms":1785597917116,"last_drain_exit_ms":1785597917116,"device_errors":0,"device_lost":1,"caller_stall_probes":0,"pending_readbacks":0,"queue_len":0,"signal":1,"now_ms":1785597917270},"t":1785597917270}
[page] [gpu-worker][wedge] {"kind":"stall","jobDied":false,"stuckJob":true,"jobAgeMs":520404,"drainTraps":0,"rescuedWakeups":0,"signal":1298,"engine":{"jobs_submitted":1298,"jobs_started":1298,"jobs_finished":1297,"current_job_start_ms":1785597396866,"last_submit_ms":1785597396866,"last_drain_enter_ms":1785597396866,"last_drain_exit_ms":1785597396794,"device_errors":0,"device_lost":1,"caller_stall_probes":101,"pending_readbacks":0,"queue_len":0,"signal":1298,"now_ms":1785597917270},"t":1785597917270}
[page] [jolt-webgpu] engine.run caller stalled 521408 ms: {"jobs_submitted":1298,"jobs_started":1298,"jobs_finished":1297,"current_job_start_ms":1785597396866,"last_submit_ms":1785597396866,"last_drain_enter_ms":1785597396866,"last_drain_exit_ms":1785597396794,"device_errors":0,"device_lost":1,"caller_stall_probes":102,"pending_readbacks":0,"queue_len":0,"signal":1298,"now_ms":1785597918274}
[page] [gpu-worker][wedge] {"kind":"stall","jobDied":false,"stuckJob":true,"jobAgeMs":525372,"drainTraps":0,"rescuedWakeups":0,"signal":1298,"engine":{"jobs_submitted":1298,"jobs_started":1298,"jobs_finished":1297,"current_job_start_ms":1785597396866,"last_submit_ms":1785597396866,"last_drain_enter_ms":1785597396866,"last_drain_exit_ms":1785597396794,"device_errors":0,"device_lost":1,"caller_stall_probes":102,"pending_readbacks":0,"queue_len":0,"signal":1298,"now_ms":1785597922238},"t":1785597922238}
[page] [gpu-worker][wedge] {"kind":"device","drainTraps":0,"rescuedWakeups":0,"signal":1,"engine":{"jobs_submitted":1,"jobs_started":1,"jobs_finished":1,"current_job_start_ms":0,"last_submit_ms":1785597237140,"last_drain_enter_ms":1785597922084,"last_drain_exit_ms":1785597922084,"device_errors":0,"device_lost":1,"caller_stall_probes":0,"pending_readbacks":0,"queue_len":0,"signal":1,"now_ms":1785597922238},"t":1785597922238}
[page] [jolt-webgpu] engine.run caller stalled 526506 ms: {"jobs_submitted":1298,"jobs_started":1298,"jobs_finished":1297,"current_job_start_ms":1785597396866,"last_submit_ms":1785597396866,"last_drain_enter_ms":1785597396866,"last_drain_exit_ms":1785597396794,"device_errors":0,"device_lost":1,"caller_stall_probes":103,"pending_readbacks":0,"queue_len":0,"signal":1298,"now_ms":1785597923372}
+ true
+ ps axo rss=,comm=
+ grep -E 'Helper \(GPU\)'
+ sort -rn
+ head -1
++ date +%T
+ awk -v t=11:25:27 '{printf "[rss] %s %.0f MB\n", t, $1/1024}'
+ sleep 15
[page] [gpu-worker][wedge] {"kind":"device","drainTraps":0,"rescuedWakeups":0,"signal":1,"engine":{"jobs_submitted":1,"jobs_started":1,"jobs_finished":1,"current_job_start_ms":0,"last_submit_ms":1785597237140,"last_drain_enter_ms":1785597927119,"last_drain_exit_ms":1785597927119,"device_errors":0,"device_lost":1,"caller_stall_probes":0,"pending_readbacks":0,"queue_len":0,"signal":1,"now_ms":1785597927254},"t":1785597927254}
[page] [gpu-worker][wedge] {"kind":"stall","jobDied":false,"stuckJob":true,"jobAgeMs":530388,"drainTraps":0,"rescuedWakeups":0,"signal":1298,"engine":{"jobs_submitted":1298,"jobs_started":1298,"jobs_finished":1297,"current_job_start_ms":1785597396866,"last_submit_ms":1785597396866,"last_drain_enter_ms":1785597396866,"last_drain_exit_ms":1785597396794,"device_errors":0,"device_lost":1,"caller_stall_probes":103,"pending_readbacks":0,"queue_len":0,"signal":1298,"now_ms":1785597927254},"t":1785597927254}
[page] [jolt-webgpu] engine.run caller stalled 531653 ms: {"jobs_submitted":1298,"jobs_started":1298,"jobs_finished":1297,"current_job_start_ms":1785597396866,"last_submit_ms":1785597396866,"last_drain_enter_ms":1785597396866,"last_drain_exit_ms":1785597396794,"device_errors":0,"device_lost":1,"caller_stall_probes":104,"pending_readbacks":0,"queue_len":0,"signal":1298,"now_ms":1785597928519}
[page] [gpu-worker][wedge] {"kind":"device","drainTraps":0,"rescuedWakeups":0,"signal":1,"engine":{"jobs_submitted":1,"jobs_started":1,"jobs_finished":1,"current_job_start_ms":0,"last_submit_ms":1785597237140,"last_drain_enter_ms":1785597932109,"last_drain_exit_ms":1785597932109,"device_errors":0,"device_lost":1,"caller_stall_probes":0,"pending_readbacks":0,"queue_len":0,"signal":1,"now_ms":1785597932231},"t":1785597932231}
[page] [gpu-worker][wedge] {"kind":"stall","jobDied":false,"stuckJob":true,"jobAgeMs":535366,"drainTraps":0,"rescuedWakeups":0,"signal":1298,"engine":{"jobs_submitted":1298,"jobs_started":1298,"jobs_finished":1297,"current_job_start_ms":1785597396866,"last_submit_ms":1785597396866,"last_drain_enter_ms":1785597396866,"last_drain_exit_ms":1785597396794,"device_errors":0,"device_lost":1,"caller_stall_probes":104,"pending_readbacks":0,"queue_len":0,"signal":1298,"now_ms":1785597932232},"t":1785597932232}
[page] [jolt-webgpu] engine.run caller stalled 536803 ms: {"jobs_submitted":1298,"jobs_started":1298,"jobs_finished":1297,"current_job_start_ms":1785597396866,"last_submit_ms":1785597396866,"last_drain_enter_ms":1785597396866,"last_drain_exit_ms":1785597396794,"device_errors":0,"device_lost":1,"caller_stall_probes":105,"pending_readbacks":0,"queue_len":0,"signal":1298,"now_ms":1785597933669}
[page] [gpu-worker][wedge] {"kind":"stall","jobDied":false,"stuckJob":true,"jobAgeMs":540355,"drainTraps":0,"rescuedWakeups":0,"signal":1298,"engine":{"jobs_submitted":1298,"jobs_started":1298,"jobs_finished":1297,"current_job_start_ms":1785597396866,"last_submit_ms":1785597396866,"last_drain_enter_ms":1785597396866,"last_drain_exit_ms":1785597396794,"device_errors":0,"device_lost":1,"caller_stall_probes":105,"pending_readbacks":0,"queue_len":0,"signal":1298,"now_ms":1785597937221},"t":1785597937221}
[page] [gpu-worker][wedge] {"kind":"device","drainTraps":0,"rescuedWakeups":0,"signal":1,"engine":{"jobs_submitted":1,"jobs_started":1,"jobs_finished":1,"current_job_start_ms":0,"last_submit_ms":1785597237140,"last_drain_enter_ms":1785597937121,"last_drain_exit_ms":1785597937121,"device_errors":0,"device_lost":1,"caller_stall_probes":0,"pending_readbacks":0,"queue_len":0,"signal":1,"now_ms":1785597937222},"t":1785597937222}
[page] [jolt-webgpu] engine.run caller stalled 541947 ms: {"jobs_submitted":1298,"jobs_started":1298,"jobs_finished":1297,"current_job_start_ms":1785597396866,"last_submit_ms":1785597396866,"last_drain_enter_ms":1785597396866,"last_drain_exit_ms":1785597396794,"device_errors":0,"device_lost":1,"caller_stall_probes":106,"pending_readbacks":0,"queue_len":0,"signal":1298,"now_ms":1785597938813}
[page] [gpu-worker][wedge] {"kind":"device","drainTraps":0,"rescuedWakeups":0,"signal":1,"engine":{"jobs_submitted":1,"jobs_started":1,"jobs_finished":1,"current_job_start_ms":0,"last_submit_ms":1785597237140,"last_drain_enter_ms":1785597942128,"last_drain_exit_ms":1785597942128,"device_errors":0,"device_lost":1,"caller_stall_probes":0,"pending_readbacks":0,"queue_len":0,"signal":1,"now_ms":1785597942137},"t":1785597942137}
[page] [gpu-worker][wedge] {"kind":"stall","jobDied":false,"stuckJob":true,"jobAgeMs":545272,"drainTraps":0,"rescuedWakeups":0,"signal":1298,"engine":{"jobs_submitted":1298,"jobs_started":1298,"jobs_finished":1297,"current_job_start_ms":1785597396866,"last_submit_ms":1785597396866,"last_drain_enter_ms":1785597396866,"last_drain_exit_ms":1785597396794,"device_errors":0,"device_lost":1,"caller_stall_probes":106,"pending_readbacks":0,"queue_len":0,"signal":1298,"now_ms":1785597942138},"t":1785597942138}
+ true
+ ps axo rss=,comm=
+ grep -E 'Helper \(GPU\)'
+ sort -rn
+ head -1
++ date +%T
+ awk -v t=11:25:42 '{printf "[rss] %s %.0f MB\n", t, $1/1024}'
+ sleep 15
[page] [jolt-webgpu] engine.run caller stalled 547097 ms: {"jobs_submitted":1298,"jobs_started":1298,"jobs_finished":1297,"current_job_start_ms":1785597396866,"last_submit_ms":1785597396866,"last_drain_enter_ms":1785597396866,"last_drain_exit_ms":1785597396794,"device_errors":0,"device_lost":1,"caller_stall_probes":107,"pending_readbacks":0,"queue_len":0,"signal":1298,"now_ms":1785597943963}
[page] [gpu-worker][wedge] {"kind":"device","drainTraps":0,"rescuedWakeups":0,"signal":1,"engine":{"jobs_submitted":1,"jobs_started":1,"jobs_finished":1,"current_job_start_ms":0,"last_submit_ms":1785597237140,"last_drain_enter_ms":1785597947136,"last_drain_exit_ms":1785597947136,"device_errors":0,"device_lost":1,"caller_stall_probes":0,"pending_readbacks":0,"queue_len":0,"signal":1,"now_ms":1785597947136},"t":1785597947136}
[page] [gpu-worker][wedge] {"kind":"stall","jobDied":false,"stuckJob":true,"jobAgeMs":550271,"drainTraps":0,"rescuedWakeups":0,"signal":1298,"engine":{"jobs_submitted":1298,"jobs_started":1298,"jobs_finished":1297,"current_job_start_ms":1785597396866,"last_submit_ms":1785597396866,"last_drain_enter_ms":1785597396866,"last_drain_exit_ms":1785597396794,"device_errors":0,"device_lost":1,"caller_stall_probes":107,"pending_readbacks":0,"queue_len":0,"signal":1298,"now_ms":1785597947137},"t":1785597947137}
[page] [jolt-webgpu] engine.run caller stalled 552239 ms: {"jobs_submitted":1298,"jobs_started":1298,"jobs_finished":1297,"current_job_start_ms":1785597396866,"last_submit_ms":1785597396866,"last_drain_enter_ms":1785597396866,"last_drain_exit_ms":1785597396794,"device_errors":0,"device_lost":1,"caller_stall_probes":108,"pending_readbacks":0,"queue_len":0,"signal":1298,"now_ms":1785597949105}
[page] [gpu-worker][wedge] {"kind":"stall","jobDied":false,"stuckJob":true,"jobAgeMs":555284,"drainTraps":0,"rescuedWakeups":0,"signal":1298,"engine":{"jobs_submitted":1298,"jobs_started":1298,"jobs_finished":1297,"current_job_start_ms":1785597396866,"last_submit_ms":1785597396866,"last_drain_enter_ms":1785597396866,"last_drain_exit_ms":1785597396794,"device_errors":0,"device_lost":1,"caller_stall_probes":108,"pending_readbacks":0,"queue_len":0,"signal":1298,"now_ms":1785597952150},"t":1785597952150}
[page] [gpu-worker][wedge] {"kind":"device","drainTraps":0,"rescuedWakeups":0,"signal":1,"engine":{"jobs_submitted":1,"jobs_started":1,"jobs_finished":1,"current_job_start_ms":0,"last_submit_ms":1785597237140,"last_drain_enter_ms":1785597952117,"last_drain_exit_ms":1785597952117,"device_errors":0,"device_lost":1,"caller_stall_probes":0,"pending_readbacks":0,"queue_len":0,"signal":1,"now_ms":1785597952151},"t":1785597952151}
[page] [jolt-webgpu] engine.run caller stalled 557366 ms: {"jobs_submitted":1298,"jobs_started":1298,"jobs_finished":1297,"current_job_start_ms":1785597396866,"last_submit_ms":1785597396866,"last_drain_enter_ms":1785597396866,"last_drain_exit_ms":1785597396794,"device_errors":0,"device_lost":1,"caller_stall_probes":109,"pending_readbacks":0,"queue_len":0,"signal":1298,"now_ms":1785597954232}
[page] [gpu-worker][wedge] {"kind":"device","drainTraps":0,"rescuedWakeups":0,"signal":1,"engine":{"jobs_submitted":1,"jobs_started":1,"jobs_finished":1,"current_job_start_ms":0,"last_submit_ms":1785597237140,"last_drain_enter_ms":1785597957192,"last_drain_exit_ms":1785597957192,"device_errors":0,"device_lost":1,"caller_stall_probes":0,"pending_readbacks":0,"queue_len":0,"signal":1,"now_ms":1785597957193},"t":1785597957193}
[page] [gpu-worker][wedge] {"kind":"stall","jobDied":false,"stuckJob":true,"jobAgeMs":560327,"drainTraps":0,"rescuedWakeups":0,"signal":1298,"engine":{"jobs_submitted":1298,"jobs_started":1298,"jobs_finished":1297,"current_job_start_ms":1785597396866,"last_submit_ms":1785597396866,"last_drain_enter_ms":1785597396866,"last_drain_exit_ms":1785597396794,"device_errors":0,"device_lost":1,"caller_stall_probes":109,"pending_readbacks":0,"queue_len":0,"signal":1298,"now_ms":1785597957193},"t":1785597957193}
+ true
+ ps axo rss=,comm=
+ grep -E 'Helper \(GPU\)'
+ sort -rn
+ head -1
++ date +%T
+ awk -v t=11:25:57 '{printf "[rss] %s %.0f MB\n", t, $1/1024}'
+ sleep 15
[page] [jolt-webgpu] engine.run caller stalled 562515 ms: {"jobs_submitted":1298,"jobs_started":1298,"jobs_finished":1297,"current_job_start_ms":1785597396866,"last_submit_ms":1785597396866,"last_drain_enter_ms":1785597396866,"last_drain_exit_ms":1785597396794,"device_errors":0,"device_lost":1,"caller_stall_probes":110,"pending_readbacks":0,"queue_len":0,"signal":1298,"now_ms":1785597959381}
[page] [gpu-worker][wedge] {"kind":"stall","jobDied":false,"stuckJob":true,"jobAgeMs":565307,"drainTraps":0,"rescuedWakeups":0,"signal":1298,"engine":{"jobs_submitted":1298,"jobs_started":1298,"jobs_finished":1297,"current_job_start_ms":1785597396866,"last_submit_ms":1785597396866,"last_drain_enter_ms":1785597396866,"last_drain_exit_ms":1785597396794,"device_errors":0,"device_lost":1,"caller_stall_probes":110,"pending_readbacks":0,"queue_len":0,"signal":1298,"now_ms":1785597962173},"t":1785597962173}
[page] [gpu-worker][wedge] {"kind":"device","drainTraps":0,"rescuedWakeups":0,"signal":1,"engine":{"jobs_submitted":1,"jobs_started":1,"jobs_finished":1,"current_job_start_ms":0,"last_submit_ms":1785597237140,"last_drain_enter_ms":1785597962173,"last_drain_exit_ms":1785597962173,"device_errors":0,"device_lost":1,"caller_stall_probes":0,"pending_readbacks":0,"queue_len":0,"signal":1,"now_ms":1785597962174},"t":1785597962174}
[page] [jolt-webgpu] engine.run caller stalled 567516 ms: {"jobs_submitted":1298,"jobs_started":1298,"jobs_finished":1297,"current_job_start_ms":1785597396866,"last_submit_ms":1785597396866,"last_drain_enter_ms":1785597396866,"last_drain_exit_ms":1785597396794,"device_errors":0,"device_lost":1,"caller_stall_probes":111,"pending_readbacks":0,"queue_len":0,"signal":1298,"now_ms":1785597964382}
[page] [gpu-worker][wedge] {"kind":"stall","jobDied":false,"stuckJob":true,"jobAgeMs":570345,"drainTraps":0,"rescuedWakeups":0,"signal":1298,"engine":{"jobs_submitted":1298,"jobs_started":1298,"jobs_finished":1297,"current_job_start_ms":1785597396866,"last_submit_ms":1785597396866,"last_drain_enter_ms":1785597396866,"last_drain_exit_ms":1785597396794,"device_errors":0,"device_lost":1,"caller_stall_probes":111,"pending_readbacks":0,"queue_len":0,"signal":1298,"now_ms":1785597967211},"t":1785597967211}
[page] [gpu-worker][wedge] {"kind":"device","drainTraps":0,"rescuedWakeups":0,"signal":1,"engine":{"jobs_submitted":1,"jobs_started":1,"jobs_finished":1,"current_job_start_ms":0,"last_submit_ms":1785597237140,"last_drain_enter_ms":1785597967119,"last_drain_exit_ms":1785597967119,"device_errors":0,"device_lost":1,"caller_stall_probes":0,"pending_readbacks":0,"queue_len":0,"signal":1,"now_ms":1785597967212},"t":1785597967212}
[page] [jolt-webgpu] engine.run caller stalled 572655 ms: {"jobs_submitted":1298,"jobs_started":1298,"jobs_finished":1297,"current_job_start_ms":1785597396866,"last_submit_ms":1785597396866,"last_drain_enter_ms":1785597396866,"last_drain_exit_ms":1785597396794,"device_errors":0,"device_lost":1,"caller_stall_probes":112,"pending_readbacks":0,"queue_len":0,"signal":1298,"now_ms":1785597969521}
[page] [gpu-worker][wedge] {"kind":"device","drainTraps":0,"rescuedWakeups":0,"signal":1,"engine":{"jobs_submitted":1,"jobs_started":1,"jobs_finished":1,"current_job_start_ms":0,"last_submit_ms":1785597237140,"last_drain_enter_ms":1785597972188,"last_drain_exit_ms":1785597972188,"device_errors":0,"device_lost":1,"caller_stall_probes":0,"pending_readbacks":0,"queue_len":0,"signal":1,"now_ms":1785597972188},"t":1785597972188}
[page] [gpu-worker][wedge] {"kind":"stall","jobDied":false,"stuckJob":true,"jobAgeMs":575323,"drainTraps":0,"rescuedWakeups":0,"signal":1298,"engine":{"jobs_submitted":1298,"jobs_started":1298,"jobs_finished":1297,"current_job_start_ms":1785597396866,"last_submit_ms":1785597396866,"last_drain_enter_ms":1785597396866,"last_drain_exit_ms":1785597396794,"device_errors":0,"device_lost":1,"caller_stall_probes":112,"pending_readbacks":0,"queue_len":0,"signal":1298,"now_ms":1785597972189},"t":1785597972189}
+ true
+ ps axo rss=,comm=
+ grep -E 'Helper \(GPU\)'
+ sort -rn
+ head -1
++ date +%T
+ awk -v t=11:26:12 '{printf "[rss] %s %.0f MB\n", t, $1/1024}'
+ sleep 15
[page] [jolt-webgpu] engine.run caller stalled 577709 ms: {"jobs_submitted":1298,"jobs_started":1298,"jobs_finished":1297,"current_job_start_ms":1785597396866,"last_submit_ms":1785597396866,"last_drain_enter_ms":1785597396866,"last_drain_exit_ms":1785597396794,"device_errors":0,"device_lost":1,"caller_stall_probes":113,"pending_readbacks":0,"queue_len":0,"signal":1298,"now_ms":1785597974575}
[page] [gpu-worker][wedge] {"kind":"device","drainTraps":0,"rescuedWakeups":0,"signal":1,"engine":{"jobs_submitted":1,"jobs_started":1,"jobs_finished":1,"current_job_start_ms":0,"last_submit_ms":1785597237140,"last_drain_enter_ms":1785597977112,"last_drain_exit_ms":1785597977112,"device_errors":0,"device_lost":1,"caller_stall_probes":0,"pending_readbacks":0,"queue_len":0,"signal":1,"now_ms":1785597977276},"t":1785597977276}
[page] [gpu-worker][wedge] {"kind":"stall","jobDied":false,"stuckJob":true,"jobAgeMs":580410,"drainTraps":0,"rescuedWakeups":0,"signal":1298,"engine":{"jobs_submitted":1298,"jobs_started":1298,"jobs_finished":1297,"current_job_start_ms":1785597396866,"last_submit_ms":1785597396866,"last_drain_enter_ms":1785597396866,"last_drain_exit_ms":1785597396794,"device_errors":0,"device_lost":1,"caller_stall_probes":113,"pending_readbacks":0,"queue_len":0,"signal":1298,"now_ms":1785597977276},"t":1785597977276}
[page] [jolt-webgpu] engine.run caller stalled 582859 ms: {"jobs_submitted":1298,"jobs_started":1298,"jobs_finished":1297,"current_job_start_ms":1785597396866,"last_submit_ms":1785597396866,"last_drain_enter_ms":1785597396866,"last_drain_exit_ms":1785597396794,"device_errors":0,"device_lost":1,"caller_stall_probes":114,"pending_readbacks":0,"queue_len":0,"signal":1298,"now_ms":1785597979725}
[page] [gpu-worker][wedge] {"kind":"device","drainTraps":0,"rescuedWakeups":0,"signal":1,"engine":{"jobs_submitted":1,"jobs_started":1,"jobs_finished":1,"current_job_start_ms":0,"last_submit_ms":1785597237140,"last_drain_enter_ms":1785597982124,"last_drain_exit_ms":1785597982124,"device_errors":0,"device_lost":1,"caller_stall_probes":0,"pending_readbacks":0,"queue_len":0,"signal":1,"now_ms":1785597982148},"t":1785597982148}
[page] [gpu-worker][wedge] {"kind":"stall","jobDied":false,"stuckJob":true,"jobAgeMs":585283,"drainTraps":0,"rescuedWakeups":0,"signal":1298,"engine":{"jobs_submitted":1298,"jobs_started":1298,"jobs_finished":1297,"current_job_start_ms":1785597396866,"last_submit_ms":1785597396866,"last_drain_enter_ms":1785597396866,"last_drain_exit_ms":1785597396794,"device_errors":0,"device_lost":1,"caller_stall_probes":114,"pending_readbacks":0,"queue_len":0,"signal":1298,"now_ms":1785597982149},"t":1785597982149}
[page] [jolt-webgpu] engine.run caller stalled 588008 ms: {"jobs_submitted":1298,"jobs_started":1298,"jobs_finished":1297,"current_job_start_ms":1785597396866,"last_submit_ms":1785597396866,"last_drain_enter_ms":1785597396866,"last_drain_exit_ms":1785597396794,"device_errors":0,"device_lost":1,"caller_stall_probes":115,"pending_readbacks":0,"queue_len":0,"signal":1298,"now_ms":1785597984874}
[page] [gpu-worker][wedge] {"kind":"stall","jobDied":false,"stuckJob":true,"jobAgeMs":590348,"drainTraps":0,"rescuedWakeups":0,"signal":1298,"engine":{"jobs_submitted":1298,"jobs_started":1298,"jobs_finished":1297,"current_job_start_ms":1785597396866,"last_submit_ms":1785597396866,"last_drain_enter_ms":1785597396866,"last_drain_exit_ms":1785597396794,"device_errors":0,"device_lost":1,"caller_stall_probes":115,"pending_readbacks":0,"queue_len":0,"signal":1298,"now_ms":1785597987215},"t":1785597987215}
[page] [gpu-worker][wedge] {"kind":"device","drainTraps":0,"rescuedWakeups":0,"signal":1,"engine":{"jobs_submitted":1,"jobs_started":1,"jobs_finished":1,"current_job_start_ms":0,"last_submit_ms":1785597237140,"last_drain_enter_ms":1785597987215,"last_drain_exit_ms":1785597987215,"device_errors":0,"device_lost":1,"caller_stall_probes":0,"pending_readbacks":0,"queue_len":0,"signal":1,"now_ms":1785597987215},"t":1785597987215}
+ true
+ ps axo rss=,comm=
+ grep -E 'Helper \(GPU\)'
+ sort -rn
+ head -1
++ date +%T
+ awk -v t=11:26:27 '{printf "[rss] %s %.0f MB\n", t, $1/1024}'
+ sleep 15
[page] [jolt-webgpu] engine.run caller stalled 593057 ms: {"jobs_submitted":1298,"jobs_started":1298,"jobs_finished":1297,"current_job_start_ms":1785597396866,"last_submit_ms":1785597396866,"last_drain_enter_ms":1785597396866,"last_drain_exit_ms":1785597396794,"device_errors":0,"device_lost":1,"caller_stall_probes":116,"pending_readbacks":0,"queue_len":0,"signal":1298,"now_ms":1785597989923}
[page] [gpu-worker][wedge] {"kind":"device","drainTraps":0,"rescuedWakeups":0,"signal":1,"engine":{"jobs_submitted":1,"jobs_started":1,"jobs_finished":1,"current_job_start_ms":0,"last_submit_ms":1785597237140,"last_drain_enter_ms":1785597992119,"last_drain_exit_ms":1785597992119,"device_errors":0,"device_lost":1,"caller_stall_probes":0,"pending_readbacks":0,"queue_len":0,"signal":1,"now_ms":1785597992170},"t":1785597992171}
[page] [gpu-worker][wedge] {"kind":"stall","jobDied":false,"stuckJob":true,"jobAgeMs":595305,"drainTraps":0,"rescuedWakeups":0,"signal":1298,"engine":{"jobs_submitted":1298,"jobs_started":1298,"jobs_finished":1297,"current_job_start_ms":1785597396866,"last_submit_ms":1785597396866,"last_drain_enter_ms":1785597396866,"last_drain_exit_ms":1785597396794,"device_errors":0,"device_lost":1,"caller_stall_probes":116,"pending_readbacks":0,"queue_len":0,"signal":1298,"now_ms":1785597992171},"t":1785597992171}
[page] [jolt-webgpu] engine.run caller stalled 598205 ms: {"jobs_submitted":1298,"jobs_started":1298,"jobs_finished":1297,"current_job_start_ms":1785597396866,"last_submit_ms":1785597396866,"last_drain_enter_ms":1785597396866,"last_drain_exit_ms":1785597396794,"device_errors":0,"device_lost":1,"caller_stall_probes":117,"pending_readbacks":0,"queue_len":0,"signal":1298,"now_ms":1785597995071}
[page] [gpu-worker][wedge] {"kind":"stall","jobDied":false,"stuckJob":true,"jobAgeMs":600278,"drainTraps":0,"rescuedWakeups":0,"signal":1298,"engine":{"jobs_submitted":1298,"jobs_started":1298,"jobs_finished":1297,"current_job_start_ms":1785597396866,"last_submit_ms":1785597396866,"last_drain_enter_ms":1785597396866,"last_drain_exit_ms":1785597396794,"device_errors":0,"device_lost":1,"caller_stall_probes":117,"pending_readbacks":0,"queue_len":0,"signal":1298,"now_ms":1785597997144},"t":1785597997144}
[page] [gpu-worker][wedge] {"kind":"device","drainTraps":0,"rescuedWakeups":0,"signal":1,"engine":{"jobs_submitted":1,"jobs_started":1,"jobs_finished":1,"current_job_start_ms":0,"last_submit_ms":1785597237140,"last_drain_enter_ms":1785597997061,"last_drain_exit_ms":1785597997061,"device_errors":0,"device_lost":1,"caller_stall_probes":0,"pending_readbacks":0,"queue_len":0,"signal":1,"now_ms":1785597997145},"t":1785597997145}
[page] [jolt-webgpu] engine.run caller stalled 603321 ms: {"jobs_submitted":1298,"jobs_started":1298,"jobs_finished":1297,"current_job_start_ms":1785597396866,"last_submit_ms":1785597396866,"last_drain_enter_ms":1785597396866,"last_drain_exit_ms":1785597396794,"device_errors":0,"device_lost":1,"caller_stall_probes":118,"pending_readbacks":0,"queue_len":0,"signal":1298,"now_ms":1785598000187}
[page] [gpu-worker][wedge] {"kind":"stall","jobDied":false,"stuckJob":true,"jobAgeMs":605380,"drainTraps":0,"rescuedWakeups":0,"signal":1298,"engine":{"jobs_submitted":1298,"jobs_started":1298,"jobs_finished":1297,"current_job_start_ms":1785597396866,"last_submit_ms":1785597396866,"last_drain_enter_ms":1785597396866,"last_drain_exit_ms":1785597396794,"device_errors":0,"device_lost":1,"caller_stall_probes":118,"pending_readbacks":0,"queue_len":0,"signal":1298,"now_ms":1785598002246},"t":1785598002246}
[page] [gpu-worker][wedge] {"kind":"device","drainTraps":0,"rescuedWakeups":0,"signal":1,"engine":{"jobs_submitted":1,"jobs_started":1,"jobs_finished":1,"current_job_start_ms":0,"last_submit_ms":1785597237140,"last_drain_enter_ms":1785598002247,"last_drain_exit_ms":1785598002247,"device_errors":0,"device_lost":1,"caller_stall_probes":0,"pending_readbacks":0,"queue_len":0,"signal":1,"now_ms":1785598002247},"t":1785598002247}
+ true
+ ps axo rss=,comm=
+ grep -E 'Helper \(GPU\)'
+ sort -rn
+ head -1
++ date +%T
+ awk -v t=11:26:42 '{printf "[rss] %s %.0f MB\n", t, $1/1024}'
+ sleep 15
[page] [jolt-webgpu] engine.run caller stalled 608430 ms: {"jobs_submitted":1298,"jobs_started":1298,"jobs_finished":1297,"current_job_start_ms":1785597396866,"last_submit_ms":1785597396866,"last_drain_enter_ms":1785597396866,"last_drain_exit_ms":1785597396794,"device_errors":0,"device_lost":1,"caller_stall_probes":119,"pending_readbacks":0,"queue_len":0,"signal":1298,"now_ms":1785598005296}
[page] [gpu-worker][wedge] {"kind":"stall","jobDied":false,"stuckJob":true,"jobAgeMs":610298,"drainTraps":0,"rescuedWakeups":0,"signal":1298,"engine":{"jobs_submitted":1298,"jobs_started":1298,"jobs_finished":1297,"current_job_start_ms":1785597396866,"last_submit_ms":1785597396866,"last_drain_enter_ms":1785597396866,"last_drain_exit_ms":1785597396794,"device_errors":0,"device_lost":1,"caller_stall_probes":119,"pending_readbacks":0,"queue_len":0,"signal":1298,"now_ms":1785598007164},"t":1785598007164}
[page] [gpu-worker][wedge] {"kind":"device","drainTraps":0,"rescuedWakeups":0,"signal":1,"engine":{"jobs_submitted":1,"jobs_started":1,"jobs_finished":1,"current_job_start_ms":0,"last_submit_ms":1785597237140,"last_drain_enter_ms":1785598007086,"last_drain_exit_ms":1785598007086,"device_errors":0,"device_lost":1,"caller_stall_probes":0,"pending_readbacks":0,"queue_len":0,"signal":1,"now_ms":1785598007165},"t":1785598007165}
[page] [jolt-webgpu] engine.run caller stalled 613554 ms: {"jobs_submitted":1298,"jobs_started":1298,"jobs_finished":1297,"current_job_start_ms":1785597396866,"last_submit_ms":1785597396866,"last_drain_enter_ms":1785597396866,"last_drain_exit_ms":1785597396794,"device_errors":0,"device_lost":1,"caller_stall_probes":120,"pending_readbacks":0,"queue_len":0,"signal":1298,"now_ms":1785598010420}
[page] [gpu-worker][wedge] {"kind":"device","drainTraps":0,"rescuedWakeups":0,"signal":1,"engine":{"jobs_submitted":1,"jobs_started":1,"jobs_finished":1,"current_job_start_ms":0,"last_submit_ms":1785597237140,"last_drain_enter_ms":1785598012102,"last_drain_exit_ms":1785598012102,"device_errors":0,"device_lost":1,"caller_stall_probes":0,"pending_readbacks":0,"queue_len":0,"signal":1,"now_ms":1785598012150},"t":1785598012150}
[page] [gpu-worker][wedge] {"kind":"stall","jobDied":false,"stuckJob":true,"jobAgeMs":615284,"drainTraps":0,"rescuedWakeups":0,"signal":1298,"engine":{"jobs_submitted":1298,"jobs_started":1298,"jobs_finished":1297,"current_job_start_ms":1785597396866,"last_submit_ms":1785597396866,"last_drain_enter_ms":1785597396866,"last_drain_exit_ms":1785597396794,"device_errors":0,"device_lost":1,"caller_stall_probes":120,"pending_readbacks":0,"queue_len":0,"signal":1298,"now_ms":1785598012150},"t":1785598012150}
[page] [jolt-webgpu] engine.run caller stalled 618699 ms: {"jobs_submitted":1298,"jobs_started":1298,"jobs_finished":1297,"current_job_start_ms":1785597396866,"last_submit_ms":1785597396866,"last_drain_enter_ms":1785597396866,"last_drain_exit_ms":1785597396794,"device_errors":0,"device_lost":1,"caller_stall_probes":121,"pending_readbacks":0,"queue_len":0,"signal":1298,"now_ms":1785598015565}
[page] [gpu-worker][wedge] {"kind":"device","drainTraps":0,"rescuedWakeups":0,"signal":1,"engine":{"jobs_submitted":1,"jobs_started":1,"jobs_finished":1,"current_job_start_ms":0,"last_submit_ms":1785597237140,"last_drain_enter_ms":1785598017152,"last_drain_exit_ms":1785598017152,"device_errors":0,"device_lost":1,"caller_stall_probes":0,"pending_readbacks":0,"queue_len":0,"signal":1,"now_ms":1785598017153},"t":1785598017153}
[page] [gpu-worker][wedge] {"kind":"stall","jobDied":false,"stuckJob":true,"jobAgeMs":620287,"drainTraps":0,"rescuedWakeups":0,"signal":1298,"engine":{"jobs_submitted":1298,"jobs_started":1298,"jobs_finished":1297,"current_job_start_ms":1785597396866,"last_submit_ms":1785597396866,"last_drain_enter_ms":1785597396866,"last_drain_exit_ms":1785597396794,"device_errors":0,"device_lost":1,"caller_stall_probes":121,"pending_readbacks":0,"queue_len":0,"signal":1298,"now_ms":1785598017153},"t":1785598017153}
+ true
+ ps axo rss=,comm=
+ grep -E 'Helper \(GPU\)'
+ sort -rn
+ head -1
++ date +%T
+ awk -v t=11:26:58 '{printf "[rss] %s %.0f MB\n", t, $1/1024}'
+ sleep 15
[page] [jolt-webgpu] engine.run caller stalled 623831 ms: {"jobs_submitted":1298,"jobs_started":1298,"jobs_finished":1297,"current_job_start_ms":1785597396866,"last_submit_ms":1785597396866,"last_drain_enter_ms":1785597396866,"last_drain_exit_ms":1785597396794,"device_errors":0,"device_lost":1,"caller_stall_probes":122,"pending_readbacks":0,"queue_len":0,"signal":1298,"now_ms":1785598020697}
[page] [gpu-worker][wedge] {"kind":"device","drainTraps":0,"rescuedWakeups":0,"signal":1,"engine":{"jobs_submitted":1,"jobs_started":1,"jobs_finished":1,"current_job_start_ms":0,"last_submit_ms":1785597237140,"last_drain_enter_ms":1785598022137,"last_drain_exit_ms":1785598022137,"device_errors":0,"device_lost":1,"caller_stall_probes":0,"pending_readbacks":0,"queue_len":0,"signal":1,"now_ms":1785598022137},"t":1785598022137}
[page] [gpu-worker][wedge] {"kind":"stall","jobDied":false,"stuckJob":true,"jobAgeMs":625272,"drainTraps":0,"rescuedWakeups":0,"signal":1298,"engine":{"jobs_submitted":1298,"jobs_started":1298,"jobs_finished":1297,"current_job_start_ms":1785597396866,"last_submit_ms":1785597396866,"last_drain_enter_ms":1785597396866,"last_drain_exit_ms":1785597396794,"device_errors":0,"device_lost":1,"caller_stall_probes":122,"pending_readbacks":0,"queue_len":0,"signal":1298,"now_ms":1785598022138},"t":1785598022138}
[page] [jolt-webgpu] engine.run caller stalled 628979 ms: {"jobs_submitted":1298,"jobs_started":1298,"jobs_finished":1297,"current_job_start_ms":1785597396866,"last_submit_ms":1785597396866,"last_drain_enter_ms":1785597396866,"last_drain_exit_ms":1785597396794,"device_errors":0,"device_lost":1,"caller_stall_probes":123,"pending_readbacks":0,"queue_len":0,"signal":1298,"now_ms":1785598025845}
[page] [gpu-worker][wedge] {"kind":"stall","jobDied":false,"stuckJob":true,"jobAgeMs":630384,"drainTraps":0,"rescuedWakeups":0,"signal":1298,"engine":{"jobs_submitted":1298,"jobs_started":1298,"jobs_finished":1297,"current_job_start_ms":1785597396866,"last_submit_ms":1785597396866,"last_drain_enter_ms":1785597396866,"last_drain_exit_ms":1785597396794,"device_errors":0,"device_lost":1,"caller_stall_probes":123,"pending_readbacks":0,"queue_len":0,"signal":1298,"now_ms":1785598027250},"t":1785598027250}
[page] [gpu-worker][wedge] {"kind":"device","drainTraps":0,"rescuedWakeups":0,"signal":1,"engine":{"jobs_submitted":1,"jobs_started":1,"jobs_finished":1,"current_job_start_ms":0,"last_submit_ms":1785597237140,"last_drain_enter_ms":1785598027252,"last_drain_exit_ms":1785598027252,"device_errors":0,"device_lost":1,"caller_stall_probes":0,"pending_readbacks":0,"queue_len":0,"signal":1,"now_ms":1785598027252},"t":1785598027252}
[page] [jolt-webgpu] engine.run caller stalled 634082 ms: {"jobs_submitted":1298,"jobs_started":1298,"jobs_finished":1297,"current_job_start_ms":1785597396866,"last_submit_ms":1785597396866,"last_drain_enter_ms":1785597396866,"last_drain_exit_ms":1785597396794,"device_errors":0,"device_lost":1,"caller_stall_probes":124,"pending_readbacks":0,"queue_len":0,"signal":1298,"now_ms":1785598030948}
[page] [gpu-worker][wedge] {"kind":"stall","jobDied":false,"stuckJob":true,"jobAgeMs":635377,"drainTraps":0,"rescuedWakeups":0,"signal":1298,"engine":{"jobs_submitted":1298,"jobs_started":1298,"jobs_finished":1297,"current_job_start_ms":1785597396866,"last_submit_ms":1785597396866,"last_drain_enter_ms":1785597396866,"last_drain_exit_ms":1785597396794,"device_errors":0,"device_lost":1,"caller_stall_probes":124,"pending_readbacks":0,"queue_len":0,"signal":1298,"now_ms":1785598032243},"t":1785598032243}
[page] [gpu-worker][wedge] {"kind":"device","drainTraps":0,"rescuedWakeups":0,"signal":1,"engine":{"jobs_submitted":1,"jobs_started":1,"jobs_finished":1,"current_job_start_ms":0,"last_submit_ms":1785597237140,"last_drain_enter_ms":1785598032243,"last_drain_exit_ms":1785598032243,"device_errors":0,"device_lost":1,"caller_stall_probes":0,"pending_readbacks":0,"queue_len":0,"signal":1,"now_ms":1785598032244},"t":1785598032244}
+ true
+ ps axo rss=,comm=
+ grep -E 'Helper \(GPU\)'
+ sort -rn
+ head -1
++ date +%T
+ awk -v t=11:27:13 '{printf "[rss] %s %.0f MB\n", t, $1/1024}'
+ sleep 15
[page] [jolt-webgpu] engine.run caller stalled 639231 ms: {"jobs_submitted":1298,"jobs_started":1298,"jobs_finished":1297,"current_job_start_ms":1785597396866,"last_submit_ms":1785597396866,"last_drain_enter_ms":1785597396866,"last_drain_exit_ms":1785597396794,"device_errors":0,"device_lost":1,"caller_stall_probes":125,"pending_readbacks":0,"queue_len":0,"signal":1298,"now_ms":1785598036097}
[page] [gpu-worker][wedge] {"kind":"device","drainTraps":0,"rescuedWakeups":0,"signal":1,"engine":{"jobs_submitted":1,"jobs_started":1,"jobs_finished":1,"current_job_start_ms":0,"last_submit_ms":1785597237140,"last_drain_enter_ms":1785598037246,"last_drain_exit_ms":1785598037246,"device_errors":0,"device_lost":1,"caller_stall_probes":0,"pending_readbacks":0,"queue_len":0,"signal":1,"now_ms":1785598037247},"t":1785598037247}
[page] [gpu-worker][wedge] {"kind":"stall","jobDied":false,"stuckJob":true,"jobAgeMs":640381,"drainTraps":0,"rescuedWakeups":0,"signal":1298,"engine":{"jobs_submitted":1298,"jobs_started":1298,"jobs_finished":1297,"current_job_start_ms":1785597396866,"last_submit_ms":1785597396866,"last_drain_enter_ms":1785597396866,"last_drain_exit_ms":1785597396794,"device_errors":0,"device_lost":1,"caller_stall_probes":125,"pending_readbacks":0,"queue_len":0,"signal":1298,"now_ms":1785598037247},"t":1785598037247}
[page] [jolt-webgpu] engine.run caller stalled 644368 ms: {"jobs_submitted":1298,"jobs_started":1298,"jobs_finished":1297,"current_job_start_ms":1785597396866,"last_submit_ms":1785597396866,"last_drain_enter_ms":1785597396866,"last_drain_exit_ms":1785597396794,"device_errors":0,"device_lost":1,"caller_stall_probes":126,"pending_readbacks":0,"queue_len":0,"signal":1298,"now_ms":1785598041234}
[page] [gpu-worker][wedge] {"kind":"device","drainTraps":0,"rescuedWakeups":0,"signal":1,"engine":{"jobs_submitted":1,"jobs_started":1,"jobs_finished":1,"current_job_start_ms":0,"last_submit_ms":1785597237140,"last_drain_enter_ms":1785598042106,"last_drain_exit_ms":1785598042106,"device_errors":0,"device_lost":1,"caller_stall_probes":0,"pending_readbacks":0,"queue_len":0,"signal":1,"now_ms":1785598042253},"t":1785598042253}
[page] [gpu-worker][wedge] {"kind":"stall","jobDied":false,"stuckJob":true,"jobAgeMs":645388,"drainTraps":0,"rescuedWakeups":0,"signal":1298,"engine":{"jobs_submitted":1298,"jobs_started":1298,"jobs_finished":1297,"current_job_start_ms":1785597396866,"last_submit_ms":1785597396866,"last_drain_enter_ms":1785597396866,"last_drain_exit_ms":1785597396794,"device_errors":0,"device_lost":1,"caller_stall_probes":126,"pending_readbacks":0,"queue_len":0,"signal":1298,"now_ms":1785598042254},"t":1785598042254}
[page] [jolt-webgpu] engine.run caller stalled 649512 ms: {"jobs_submitted":1298,"jobs_started":1298,"jobs_finished":1297,"current_job_start_ms":1785597396866,"last_submit_ms":1785597396866,"last_drain_enter_ms":1785597396866,"last_drain_exit_ms":1785597396794,"device_errors":0,"device_lost":1,"caller_stall_probes":127,"pending_readbacks":0,"queue_len":0,"signal":1298,"now_ms":1785598046378}
[page] [gpu-worker][wedge] {"kind":"device","drainTraps":0,"rescuedWakeups":0,"signal":1,"engine":{"jobs_submitted":1,"jobs_started":1,"jobs_finished":1,"current_job_start_ms":0,"last_submit_ms":1785597237140,"last_drain_enter_ms":1785598047239,"last_drain_exit_ms":1785598047239,"device_errors":0,"device_lost":1,"caller_stall_probes":0,"pending_readbacks":0,"queue_len":0,"signal":1,"now_ms":1785598047239},"t":1785598047239}
[page] [gpu-worker][wedge] {"kind":"stall","jobDied":false,"stuckJob":true,"jobAgeMs":650373,"drainTraps":0,"rescuedWakeups":0,"signal":1298,"engine":{"jobs_submitted":1298,"jobs_started":1298,"jobs_finished":1297,"current_job_start_ms":1785597396866,"last_submit_ms":1785597396866,"last_drain_enter_ms":1785597396866,"last_drain_exit_ms":1785597396794,"device_errors":0,"device_lost":1,"caller_stall_probes":127,"pending_readbacks":0,"queue_len":0,"signal":1298,"now_ms":1785598047239},"t":1785598047239}
+ true
+ ps axo rss=,comm=
+ grep -E 'Helper \(GPU\)'
+ sort -rn
+ head -1
++ date +%T
+ awk -v t=11:27:28 '{printf "[rss] %s %.0f MB\n", t, $1/1024}'
+ sleep 15
[page] [jolt-webgpu] engine.run caller stalled 654646 ms: {"jobs_submitted":1298,"jobs_started":1298,"jobs_finished":1297,"current_job_start_ms":1785597396866,"last_submit_ms":1785597396866,"last_drain_enter_ms":1785597396866,"last_drain_exit_ms":1785597396794,"device_errors":0,"device_lost":1,"caller_stall_probes":128,"pending_readbacks":0,"queue_len":0,"signal":1298,"now_ms":1785598051512}
[page] [gpu-worker][wedge] {"kind":"device","drainTraps":0,"rescuedWakeups":0,"signal":1,"engine":{"jobs_submitted":1,"jobs_started":1,"jobs_finished":1,"current_job_start_ms":0,"last_submit_ms":1785597237140,"last_drain_enter_ms":1785598052145,"last_drain_exit_ms":1785598052145,"device_errors":0,"device_lost":1,"caller_stall_probes":0,"pending_readbacks":0,"queue_len":0,"signal":1,"now_ms":1785598052145},"t":1785598052146}
[page] [gpu-worker][wedge] {"kind":"stall","jobDied":false,"stuckJob":true,"jobAgeMs":655280,"drainTraps":0,"rescuedWakeups":0,"signal":1298,"engine":{"jobs_submitted":1298,"jobs_started":1298,"jobs_finished":1297,"current_job_start_ms":1785597396866,"last_submit_ms":1785597396866,"last_drain_enter_ms":1785597396866,"last_drain_exit_ms":1785597396794,"device_errors":0,"device_lost":1,"caller_stall_probes":128,"pending_readbacks":0,"queue_len":0,"signal":1298,"now_ms":1785598052146},"t":1785598052146}
[page] [jolt-webgpu] engine.run caller stalled 659713 ms: {"jobs_submitted":1298,"jobs_started":1298,"jobs_finished":1297,"current_job_start_ms":1785597396866,"last_submit_ms":1785597396866,"last_drain_enter_ms":1785597396866,"last_drain_exit_ms":1785597396794,"device_errors":0,"device_lost":1,"caller_stall_probes":129,"pending_readbacks":0,"queue_len":0,"signal":1298,"now_ms":1785598056579}
[page] [gpu-worker][wedge] {"kind":"device","drainTraps":0,"rescuedWakeups":0,"signal":1,"engine":{"jobs_submitted":1,"jobs_started":1,"jobs_finished":1,"current_job_start_ms":0,"last_submit_ms":1785597237140,"last_drain_enter_ms":1785598057062,"last_drain_exit_ms":1785598057062,"device_errors":0,"device_lost":1,"caller_stall_probes":0,"pending_readbacks":0,"queue_len":0,"signal":1,"now_ms":1785598057256},"t":1785598057256}
[page] [gpu-worker][wedge] {"kind":"stall","jobDied":false,"stuckJob":true,"jobAgeMs":660390,"drainTraps":0,"rescuedWakeups":0,"signal":1298,"engine":{"jobs_submitted":1298,"jobs_started":1298,"jobs_finished":1297,"current_job_start_ms":1785597396866,"last_submit_ms":1785597396866,"last_drain_enter_ms":1785597396866,"last_drain_exit_ms":1785597396794,"device_errors":0,"device_lost":1,"caller_stall_probes":129,"pending_readbacks":0,"queue_len":0,"signal":1298,"now_ms":1785598057256},"t":1785598057256}
[page] [jolt-webgpu] engine.run caller stalled 664743 ms: {"jobs_submitted":1298,"jobs_started":1298,"jobs_finished":1297,"current_job_start_ms":1785597396866,"last_submit_ms":1785597396866,"last_drain_enter_ms":1785597396866,"last_drain_exit_ms":1785597396794,"device_errors":0,"device_lost":1,"caller_stall_probes":130,"pending_readbacks":0,"queue_len":0,"signal":1298,"now_ms":1785598061609}
[page] [gpu-worker][wedge] {"kind":"device","drainTraps":0,"rescuedWakeups":0,"signal":1,"engine":{"jobs_submitted":1,"jobs_started":1,"jobs_finished":1,"current_job_start_ms":0,"last_submit_ms":1785597237140,"last_drain_enter_ms":1785598062192,"last_drain_exit_ms":1785598062192,"device_errors":0,"device_lost":1,"caller_stall_probes":0,"pending_readbacks":0,"queue_len":0,"signal":1,"now_ms":1785598062192},"t":1785598062192}
[page] [gpu-worker][wedge] {"kind":"stall","jobDied":false,"stuckJob":true,"jobAgeMs":665326,"drainTraps":0,"rescuedWakeups":0,"signal":1298,"engine":{"jobs_submitted":1298,"jobs_started":1298,"jobs_finished":1297,"current_job_start_ms":1785597396866,"last_submit_ms":1785597396866,"last_drain_enter_ms":1785597396866,"last_drain_exit_ms":1785597396794,"device_errors":0,"device_lost":1,"caller_stall_probes":130,"pending_readbacks":0,"queue_len":0,"signal":1298,"now_ms":1785598062193},"t":1785598062193}
+ true
+ ps axo rss=,comm=
+ grep -E 'Helper \(GPU\)'
+ sort -rn
+ head -1
++ date +%T
+ awk -v t=11:27:43 '{printf "[rss] %s %.0f MB\n", t, $1/1024}'
+ sleep 15
[page] [jolt-webgpu] engine.run caller stalled 669821 ms: {"jobs_submitted":1298,"jobs_started":1298,"jobs_finished":1297,"current_job_start_ms":1785597396866,"last_submit_ms":1785597396866,"last_drain_enter_ms":1785597396866,"last_drain_exit_ms":1785597396794,"device_errors":0,"device_lost":1,"caller_stall_probes":131,"pending_readbacks":0,"queue_len":0,"signal":1298,"now_ms":1785598066687}
[page] [gpu-worker][wedge] {"kind":"device","drainTraps":0,"rescuedWakeups":0,"signal":1,"engine":{"jobs_submitted":1,"jobs_started":1,"jobs_finished":1,"current_job_start_ms":0,"last_submit_ms":1785597237140,"last_drain_enter_ms":1785598067232,"last_drain_exit_ms":1785598067232,"device_errors":0,"device_lost":1,"caller_stall_probes":0,"pending_readbacks":0,"queue_len":0,"signal":1,"now_ms":1785598067232},"t":1785598067232}
[page] [gpu-worker][wedge] {"kind":"stall","jobDied":false,"stuckJob":true,"jobAgeMs":670366,"drainTraps":0,"rescuedWakeups":0,"signal":1298,"engine":{"jobs_submitted":1298,"jobs_started":1298,"jobs_finished":1297,"current_job_start_ms":1785597396866,"last_submit_ms":1785597396866,"last_drain_enter_ms":1785597396866,"last_drain_exit_ms":1785597396794,"device_errors":0,"device_lost":1,"caller_stall_probes":131,"pending_readbacks":0,"queue_len":0,"signal":1298,"now_ms":1785598067233},"t":1785598067233}
[page] [jolt-webgpu] engine.run caller stalled 674844 ms: {"jobs_submitted":1298,"jobs_started":1298,"jobs_finished":1297,"current_job_start_ms":1785597396866,"last_submit_ms":1785597396866,"last_drain_enter_ms":1785597396866,"last_drain_exit_ms":1785597396794,"device_errors":0,"device_lost":1,"caller_stall_probes":132,"pending_readbacks":0,"queue_len":0,"signal":1298,"now_ms":1785598071710}
[page] [gpu-worker][wedge] {"kind":"device","drainTraps":0,"rescuedWakeups":0,"signal":1,"engine":{"jobs_submitted":1,"jobs_started":1,"jobs_finished":1,"current_job_start_ms":0,"last_submit_ms":1785597237140,"last_drain_enter_ms":1785598072128,"last_drain_exit_ms":1785598072128,"device_errors":0,"device_lost":1,"caller_stall_probes":0,"pending_readbacks":0,"queue_len":0,"signal":1,"now_ms":1785598072161},"t":1785598072162}
[page] [gpu-worker][wedge] {"kind":"stall","jobDied":false,"stuckJob":true,"jobAgeMs":675296,"drainTraps":0,"rescuedWakeups":0,"signal":1298,"engine":{"jobs_submitted":1298,"jobs_started":1298,"jobs_finished":1297,"current_job_start_ms":1785597396866,"last_submit_ms":1785597396866,"last_drain_enter_ms":1785597396866,"last_drain_exit_ms":1785597396794,"device_errors":0,"device_lost":1,"caller_stall_probes":132,"pending_readbacks":0,"queue_len":0,"signal":1298,"now_ms":1785598072162},"t":1785598072162}
[page] [jolt-webgpu] engine.run caller stalled 679873 ms: {"jobs_submitted":1298,"jobs_started":1298,"jobs_finished":1297,"current_job_start_ms":1785597396866,"last_submit_ms":1785597396866,"last_drain_enter_ms":1785597396866,"last_drain_exit_ms":1785597396794,"device_errors":0,"device_lost":1,"caller_stall_probes":133,"pending_readbacks":0,"queue_len":0,"signal":1298,"now_ms":1785598076739}
[page] [gpu-worker][wedge] {"kind":"stall","jobDied":false,"stuckJob":true,"jobAgeMs":680271,"drainTraps":0,"rescuedWakeups":0,"signal":1298,"engine":{"jobs_submitted":1298,"jobs_started":1298,"jobs_finished":1297,"current_job_start_ms":1785597396866,"last_submit_ms":1785597396866,"last_drain_enter_ms":1785597396866,"last_drain_exit_ms":1785597396794,"device_errors":0,"device_lost":1,"caller_stall_probes":133,"pending_readbacks":0,"queue_len":0,"signal":1298,"now_ms":1785598077137},"t":1785598077137}
[page] [gpu-worker][wedge] {"kind":"device","drainTraps":0,"rescuedWakeups":0,"signal":1,"engine":{"jobs_submitted":1,"jobs_started":1,"jobs_finished":1,"current_job_start_ms":0,"last_submit_ms":1785597237140,"last_drain_enter_ms":1785598077070,"last_drain_exit_ms":1785598077070,"device_errors":0,"device_lost":1,"caller_stall_probes":0,"pending_readbacks":0,"queue_len":0,"signal":1,"now_ms":1785598077137},"t":1785598077137}
+ true
+ ps axo rss=,comm=
+ grep -E 'Helper \(GPU\)'
+ sort -rn
+ head -1
++ date +%T
+ awk -v t=11:27:58 '{printf "[rss] %s %.0f MB\n", t, $1/1024}'
+ sleep 15
[page] [jolt-webgpu] engine.run caller stalled 684919 ms: {"jobs_submitted":1298,"jobs_started":1298,"jobs_finished":1297,"current_job_start_ms":1785597396866,"last_submit_ms":1785597396866,"last_drain_enter_ms":1785597396866,"last_drain_exit_ms":1785597396794,"device_errors":0,"device_lost":1,"caller_stall_probes":134,"pending_readbacks":0,"queue_len":0,"signal":1298,"now_ms":1785598081785}
[page] [gpu-worker][wedge] {"kind":"device","drainTraps":0,"rescuedWakeups":0,"signal":1,"engine":{"jobs_submitted":1,"jobs_started":1,"jobs_finished":1,"current_job_start_ms":0,"last_submit_ms":1785597237140,"last_drain_enter_ms":1785598082159,"last_drain_exit_ms":1785598082159,"device_errors":0,"device_lost":1,"caller_stall_probes":0,"pending_readbacks":0,"queue_len":0,"signal":1,"now_ms":1785598082159},"t":1785598082159}
[page] [gpu-worker][wedge] {"kind":"stall","jobDied":false,"stuckJob":true,"jobAgeMs":685294,"drainTraps":0,"rescuedWakeups":0,"signal":1298,"engine":{"jobs_submitted":1298,"jobs_started":1298,"jobs_finished":1297,"current_job_start_ms":1785597396866,"last_submit_ms":1785597396866,"last_drain_enter_ms":1785597396866,"last_drain_exit_ms":1785597396794,"device_errors":0,"device_lost":1,"caller_stall_probes":134,"pending_readbacks":0,"queue_len":0,"signal":1298,"now_ms":1785598082160},"t":1785598082160}
[page] [jolt-webgpu] engine.run caller stalled 690065 ms: {"jobs_submitted":1298,"jobs_started":1298,"jobs_finished":1297,"current_job_start_ms":1785597396866,"last_submit_ms":1785597396866,"last_drain_enter_ms":1785597396866,"last_drain_exit_ms":1785597396794,"device_errors":0,"device_lost":1,"caller_stall_probes":135,"pending_readbacks":0,"queue_len":0,"signal":1298,"now_ms":1785598086931}
[page] [gpu-worker][wedge] {"kind":"device","drainTraps":0,"rescuedWakeups":0,"signal":1,"engine":{"jobs_submitted":1,"jobs_started":1,"jobs_finished":1,"current_job_start_ms":0,"last_submit_ms":1785597237140,"last_drain_enter_ms":1785598087043,"last_drain_exit_ms":1785598087043,"device_errors":0,"device_lost":1,"caller_stall_probes":0,"pending_readbacks":0,"queue_len":0,"signal":1,"now_ms":1785598087153},"t":1785598087153}
[page] [gpu-worker][wedge] {"kind":"stall","jobDied":false,"stuckJob":true,"jobAgeMs":690287,"drainTraps":0,"rescuedWakeups":0,"signal":1298,"engine":{"jobs_submitted":1298,"jobs_started":1298,"jobs_finished":1297,"current_job_start_ms":1785597396866,"last_submit_ms":1785597396866,"last_drain_enter_ms":1785597396866,"last_drain_exit_ms":1785597396794,"device_errors":0,"device_lost":1,"caller_stall_probes":135,"pending_readbacks":0,"queue_len":0,"signal":1298,"now_ms":1785598087153},"t":1785598087153}
[page] [jolt-webgpu] engine.run caller stalled 695156 ms: {"jobs_submitted":1298,"jobs_started":1298,"jobs_finished":1297,"current_job_start_ms":1785597396866,"last_submit_ms":1785597396866,"last_drain_enter_ms":1785597396866,"last_drain_exit_ms":1785597396794,"device_errors":0,"device_lost":1,"caller_stall_probes":136,"pending_readbacks":0,"queue_len":0,"signal":1298,"now_ms":1785598092022}
[page] [gpu-worker][wedge] {"kind":"device","drainTraps":0,"rescuedWakeups":0,"signal":1,"engine":{"jobs_submitted":1,"jobs_started":1,"jobs_finished":1,"current_job_start_ms":0,"last_submit_ms":1785597237140,"last_drain_enter_ms":1785598092120,"last_drain_exit_ms":1785598092120,"device_errors":0,"device_lost":1,"caller_stall_probes":0,"pending_readbacks":0,"queue_len":0,"signal":1,"now_ms":1785598092164},"t":1785598092164}
[page] [gpu-worker][wedge] {"kind":"stall","jobDied":false,"stuckJob":true,"jobAgeMs":695298,"drainTraps":0,"rescuedWakeups":0,"signal":1298,"engine":{"jobs_submitted":1298,"jobs_started":1298,"jobs_finished":1297,"current_job_start_ms":1785597396866,"last_submit_ms":1785597396866,"last_drain_enter_ms":1785597396866,"last_drain_exit_ms":1785597396794,"device_errors":0,"device_lost":1,"caller_stall_probes":136,"pending_readbacks":0,"queue_len":0,"signal":1298,"now_ms":1785598092165},"t":1785598092165}
+ true
+ ps axo rss=,comm=
+ grep -E 'Helper \(GPU\)'
+ sort -rn
+ head -1
++ date +%T
+ awk -v t=11:28:14 '{printf "[rss] %s %.0f MB\n", t, $1/1024}'
+ sleep 15
[page] [jolt-webgpu] engine.run caller stalled 700207 ms: {"jobs_submitted":1298,"jobs_started":1298,"jobs_finished":1297,"current_job_start_ms":1785597396866,"last_submit_ms":1785597396866,"last_drain_enter_ms":1785597396866,"last_drain_exit_ms":1785597396794,"device_errors":0,"device_lost":1,"caller_stall_probes":137,"pending_readbacks":0,"queue_len":0,"signal":1298,"now_ms":1785598097073}
[page] [gpu-worker][wedge] {"kind":"device","drainTraps":0,"rescuedWakeups":0,"signal":1,"engine":{"jobs_submitted":1,"jobs_started":1,"jobs_finished":1,"current_job_start_ms":0,"last_submit_ms":1785597237140,"last_drain_enter_ms":1785598097082,"last_drain_exit_ms":1785598097082,"device_errors":0,"device_lost":1,"caller_stall_probes":0,"pending_readbacks":0,"queue_len":0,"signal":1,"now_ms":1785598097278},"t":1785598097278}
[page] [gpu-worker][wedge] {"kind":"stall","jobDied":false,"stuckJob":true,"jobAgeMs":700413,"drainTraps":0,"rescuedWakeups":0,"signal":1298,"engine":{"jobs_submitted":1298,"jobs_started":1298,"jobs_finished":1297,"current_job_start_ms":1785597396866,"last_submit_ms":1785597396866,"last_drain_enter_ms":1785597396866,"last_drain_exit_ms":1785597396794,"device_errors":0,"device_lost":1,"caller_stall_probes":137,"pending_readbacks":0,"queue_len":0,"signal":1298,"now_ms":1785598097279},"t":1785598097279}
[page] [jolt-webgpu] engine.run caller stalled 705264 ms: {"jobs_submitted":1298,"jobs_started":1298,"jobs_finished":1297,"current_job_start_ms":1785597396866,"last_submit_ms":1785597396866,"last_drain_enter_ms":1785597396866,"last_drain_exit_ms":1785597396794,"device_errors":0,"device_lost":1,"caller_stall_probes":138,"pending_readbacks":0,"queue_len":0,"signal":1298,"now_ms":1785598102130}
[page] [gpu-worker][wedge] {"kind":"device","drainTraps":0,"rescuedWakeups":0,"signal":1,"engine":{"jobs_submitted":1,"jobs_started":1,"jobs_finished":1,"current_job_start_ms":0,"last_submit_ms":1785597237140,"last_drain_enter_ms":1785598102240,"last_drain_exit_ms":1785598102240,"device_errors":0,"device_lost":1,"caller_stall_probes":0,"pending_readbacks":0,"queue_len":0,"signal":1,"now_ms":1785598102240},"t":1785598102240}
[page] [gpu-worker][wedge] {"kind":"stall","jobDied":false,"stuckJob":true,"jobAgeMs":705374,"drainTraps":0,"rescuedWakeups":0,"signal":1298,"engine":{"jobs_submitted":1298,"jobs_started":1298,"jobs_finished":1297,"current_job_start_ms":1785597396866,"last_submit_ms":1785597396866,"last_drain_enter_ms":1785597396866,"last_drain_exit_ms":1785597396794,"device_errors":0,"device_lost":1,"caller_stall_probes":138,"pending_readbacks":0,"queue_len":0,"signal":1298,"now_ms":1785598102240},"t":1785598102240}
[page] [gpu-worker][wedge] {"kind":"stall","jobDied":false,"stuckJob":true,"jobAgeMs":710286,"drainTraps":0,"rescuedWakeups":0,"signal":1298,"engine":{"jobs_submitted":1298,"jobs_started":1298,"jobs_finished":1297,"current_job_start_ms":1785597396866,"last_submit_ms":1785597396866,"last_drain_enter_ms":1785597396866,"last_drain_exit_ms":1785597396794,"device_errors":0,"device_lost":1,"caller_stall_probes":138,"pending_readbacks":0,"queue_len":0,"signal":1298,"now_ms":1785598107152},"t":1785598107152}
[page] [gpu-worker][wedge] {"kind":"device","drainTraps":0,"rescuedWakeups":0,"signal":1,"engine":{"jobs_submitted":1,"jobs_started":1,"jobs_finished":1,"current_job_start_ms":0,"last_submit_ms":1785597237140,"last_drain_enter_ms":1785598107153,"last_drain_exit_ms":1785598107153,"device_errors":0,"device_lost":1,"caller_stall_probes":0,"pending_readbacks":0,"queue_len":0,"signal":1,"now_ms":1785598107153},"t":1785598107153}
[page] [jolt-webgpu] engine.run caller stalled 710397 ms: {"jobs_submitted":1298,"jobs_started":1298,"jobs_finished":1297,"current_job_start_ms":1785597396866,"last_submit_ms":1785597396866,"last_drain_enter_ms":1785597396866,"last_drain_exit_ms":1785597396794,"device_errors":0,"device_lost":1,"caller_stall_probes":139,"pending_readbacks":0,"queue_len":0,"signal":1298,"now_ms":1785598107263}
+ true
+ ps axo rss=,comm=
+ grep -E 'Helper \(GPU\)'
+ sort -rn
+ head -1
++ date +%T
+ awk -v t=11:28:29 '{printf "[rss] %s %.0f MB\n", t, $1/1024}'
+ sleep 15
[page] [gpu-worker][wedge] {"kind":"device","drainTraps":0,"rescuedWakeups":0,"signal":1,"engine":{"jobs_submitted":1,"jobs_started":1,"jobs_finished":1,"current_job_start_ms":0,"last_submit_ms":1785597237140,"last_drain_enter_ms":1785598112099,"last_drain_exit_ms":1785598112099,"device_errors":0,"device_lost":1,"caller_stall_probes":0,"pending_readbacks":0,"queue_len":0,"signal":1,"now_ms":1785598112184},"t":1785598112184}
[page] [gpu-worker][wedge] {"kind":"stall","jobDied":false,"stuckJob":true,"jobAgeMs":715319,"drainTraps":0,"rescuedWakeups":0,"signal":1298,"engine":{"jobs_submitted":1298,"jobs_started":1298,"jobs_finished":1297,"current_job_start_ms":1785597396866,"last_submit_ms":1785597396866,"last_drain_enter_ms":1785597396866,"last_drain_exit_ms":1785597396794,"device_errors":0,"device_lost":1,"caller_stall_probes":139,"pending_readbacks":0,"queue_len":0,"signal":1298,"now_ms":1785598112185},"t":1785598112185}
[page] [jolt-webgpu] engine.run caller stalled 715506 ms: {"jobs_submitted":1298,"jobs_started":1298,"jobs_finished":1297,"current_job_start_ms":1785597396866,"last_submit_ms":1785597396866,"last_drain_enter_ms":1785597396866,"last_drain_exit_ms":1785597396794,"device_errors":0,"device_lost":1,"caller_stall_probes":140,"pending_readbacks":0,"queue_len":0,"signal":1298,"now_ms":1785598112372}
[page] [gpu-worker][wedge] {"kind":"device","drainTraps":0,"rescuedWakeups":0,"signal":1,"engine":{"jobs_submitted":1,"jobs_started":1,"jobs_finished":1,"current_job_start_ms":0,"last_submit_ms":1785597237140,"last_drain_enter_ms":1785598117197,"last_drain_exit_ms":1785598117197,"device_errors":0,"device_lost":1,"caller_stall_probes":0,"pending_readbacks":0,"queue_len":0,"signal":1,"now_ms":1785598117197},"t":1785598117197}
[page] [gpu-worker][wedge] {"kind":"stall","jobDied":false,"stuckJob":true,"jobAgeMs":720332,"drainTraps":0,"rescuedWakeups":0,"signal":1298,"engine":{"jobs_submitted":1298,"jobs_started":1298,"jobs_finished":1297,"current_job_start_ms":1785597396866,"last_submit_ms":1785597396866,"last_drain_enter_ms":1785597396866,"last_drain_exit_ms":1785597396794,"device_errors":0,"device_lost":1,"caller_stall_probes":140,"pending_readbacks":0,"queue_len":0,"signal":1298,"now_ms":1785598117198},"t":1785598117198}
[page] [jolt-webgpu] engine.run caller stalled 720652 ms: {"jobs_submitted":1298,"jobs_started":1298,"jobs_finished":1297,"current_job_start_ms":1785597396866,"last_submit_ms":1785597396866,"last_drain_enter_ms":1785597396866,"last_drain_exit_ms":1785597396794,"device_errors":0,"device_lost":1,"caller_stall_probes":141,"pending_readbacks":0,"queue_len":0,"signal":1298,"now_ms":1785598117518}
[page] [gpu-worker][wedge] {"kind":"stall","jobDied":false,"stuckJob":true,"jobAgeMs":725270,"drainTraps":0,"rescuedWakeups":0,"signal":1298,"engine":{"jobs_submitted":1298,"jobs_started":1298,"jobs_finished":1297,"current_job_start_ms":1785597396866,"last_submit_ms":1785597396866,"last_drain_enter_ms":1785597396866,"last_drain_exit_ms":1785597396794,"device_errors":0,"device_lost":1,"caller_stall_probes":141,"pending_readbacks":0,"queue_len":0,"signal":1298,"now_ms":1785598122136},"t":1785598122136}
[page] [gpu-worker][wedge] {"kind":"device","drainTraps":0,"rescuedWakeups":0,"signal":1,"engine":{"jobs_submitted":1,"jobs_started":1,"jobs_finished":1,"current_job_start_ms":0,"last_submit_ms":1785597237140,"last_drain_enter_ms":1785598122137,"last_drain_exit_ms":1785598122137,"device_errors":0,"device_lost":1,"caller_stall_probes":0,"pending_readbacks":0,"queue_len":0,"signal":1,"now_ms":1785598122137},"t":1785598122137}
[page] [jolt-webgpu] engine.run caller stalled 725770 ms: {"jobs_submitted":1298,"jobs_started":1298,"jobs_finished":1297,"current_job_start_ms":1785597396866,"last_submit_ms":1785597396866,"last_drain_enter_ms":1785597396866,"last_drain_exit_ms":1785597396794,"device_errors":0,"device_lost":1,"caller_stall_probes":142,"pending_readbacks":0,"queue_len":0,"signal":1298,"now_ms":1785598122636}
+ true
+ ps axo rss=,comm=
+ grep -E 'Helper \(GPU\)'
+ sort -rn
+ head -1
++ date +%T
+ awk -v t=11:28:44 '{printf "[rss] %s %.0f MB\n", t, $1/1024}'
+ sleep 15
[page] [gpu-worker][wedge] {"kind":"stall","jobDied":false,"stuckJob":true,"jobAgeMs":730371,"drainTraps":0,"rescuedWakeups":0,"signal":1298,"engine":{"jobs_submitted":1298,"jobs_started":1298,"jobs_finished":1297,"current_job_start_ms":1785597396866,"last_submit_ms":1785597396866,"last_drain_enter_ms":1785597396866,"last_drain_exit_ms":1785597396794,"device_errors":0,"device_lost":1,"caller_stall_probes":142,"pending_readbacks":0,"queue_len":0,"signal":1298,"now_ms":1785598127238},"t":1785598127238}
[page] [gpu-worker][wedge] {"kind":"device","drainTraps":0,"rescuedWakeups":0,"signal":1,"engine":{"jobs_submitted":1,"jobs_started":1,"jobs_finished":1,"current_job_start_ms":0,"last_submit_ms":1785597237140,"last_drain_enter_ms":1785598127045,"last_drain_exit_ms":1785598127045,"device_errors":0,"device_lost":1,"caller_stall_probes":0,"pending_readbacks":0,"queue_len":0,"signal":1,"now_ms":1785598127238},"t":1785598127238}
[page] [jolt-webgpu] engine.run caller stalled 730920 ms: {"jobs_submitted":1298,"jobs_started":1298,"jobs_finished":1297,"current_job_start_ms":1785597396866,"last_submit_ms":1785597396866,"last_drain_enter_ms":1785597396866,"last_drain_exit_ms":1785597396794,"device_errors":0,"device_lost":1,"caller_stall_probes":143,"pending_readbacks":0,"queue_len":0,"signal":1298,"now_ms":1785598127786}
[page] [gpu-worker][wedge] {"kind":"stall","jobDied":false,"stuckJob":true,"jobAgeMs":735327,"drainTraps":0,"rescuedWakeups":0,"signal":1298,"engine":{"jobs_submitted":1298,"jobs_started":1298,"jobs_finished":1297,"current_job_start_ms":1785597396866,"last_submit_ms":1785597396866,"last_drain_enter_ms":1785597396866,"last_drain_exit_ms":1785597396794,"device_errors":0,"device_lost":1,"caller_stall_probes":143,"pending_readbacks":0,"queue_len":0,"signal":1298,"now_ms":1785598132193},"t":1785598132193}
[page] [gpu-worker][wedge] {"kind":"device","drainTraps":0,"rescuedWakeups":0,"signal":1,"engine":{"jobs_submitted":1,"jobs_started":1,"jobs_finished":1,"current_job_start_ms":0,"last_submit_ms":1785597237140,"last_drain_enter_ms":1785598132103,"last_drain_exit_ms":1785598132103,"device_errors":0,"device_lost":1,"caller_stall_probes":0,"pending_readbacks":0,"queue_len":0,"signal":1,"now_ms":1785598132193},"t":1785598132193}
[page] [jolt-webgpu] engine.run caller stalled 735996 ms: {"jobs_submitted":1298,"jobs_started":1298,"jobs_finished":1297,"current_job_start_ms":1785597396866,"last_submit_ms":1785597396866,"last_drain_enter_ms":1785597396866,"last_drain_exit_ms":1785597396794,"device_errors":0,"device_lost":1,"caller_stall_probes":144,"pending_readbacks":0,"queue_len":0,"signal":1298,"now_ms":1785598132862}
[page] [gpu-worker][wedge] {"kind":"device","drainTraps":0,"rescuedWakeups":0,"signal":1,"engine":{"jobs_submitted":1,"jobs_started":1,"jobs_finished":1,"current_job_start_ms":0,"last_submit_ms":1785597237140,"last_drain_enter_ms":1785598137214,"last_drain_exit_ms":1785598137214,"device_errors":0,"device_lost":1,"caller_stall_probes":0,"pending_readbacks":0,"queue_len":0,"signal":1,"now_ms":1785598137214},"t":1785598137215}
[page] [gpu-worker][wedge] {"kind":"stall","jobDied":false,"stuckJob":true,"jobAgeMs":740349,"drainTraps":0,"rescuedWakeups":0,"signal":1298,"engine":{"jobs_submitted":1298,"jobs_started":1298,"jobs_finished":1297,"current_job_start_ms":1785597396866,"last_submit_ms":1785597396866,"last_drain_enter_ms":1785597396866,"last_drain_exit_ms":1785597396794,"device_errors":0,"device_lost":1,"caller_stall_probes":144,"pending_readbacks":0,"queue_len":0,"signal":1298,"now_ms":1785598137215},"t":1785598137215}
[page] [jolt-webgpu] engine.run caller stalled 741146 ms: {"jobs_submitted":1298,"jobs_started":1298,"jobs_finished":1297,"current_job_start_ms":1785597396866,"last_submit_ms":1785597396866,"last_drain_enter_ms":1785597396866,"last_drain_exit_ms":1785597396794,"device_errors":0,"device_lost":1,"caller_stall_probes":145,"pending_readbacks":0,"queue_len":0,"signal":1298,"now_ms":1785598138012}
+ true
+ ps axo rss=,comm=
+ grep -E 'Helper \(GPU\)'
+ sort -rn
+ head -1
++ date +%T
+ awk -v t=11:28:59 '{printf "[rss] %s %.0f MB\n", t, $1/1024}'
+ sleep 15
[page] [gpu-worker][wedge] {"kind":"device","drainTraps":0,"rescuedWakeups":0,"signal":1,"engine":{"jobs_submitted":1,"jobs_started":1,"jobs_finished":1,"current_job_start_ms":0,"last_submit_ms":1785597237140,"last_drain_enter_ms":1785598142051,"last_drain_exit_ms":1785598142051,"device_errors":0,"device_lost":1,"caller_stall_probes":0,"pending_readbacks":0,"queue_len":0,"signal":1,"now_ms":1785598142258},"t":1785598142258}
[page] [gpu-worker][wedge] {"kind":"stall","jobDied":false,"stuckJob":true,"jobAgeMs":745393,"drainTraps":0,"rescuedWakeups":0,"signal":1298,"engine":{"jobs_submitted":1298,"jobs_started":1298,"jobs_finished":1297,"current_job_start_ms":1785597396866,"last_submit_ms":1785597396866,"last_drain_enter_ms":1785597396866,"last_drain_exit_ms":1785597396794,"device_errors":0,"device_lost":1,"caller_stall_probes":145,"pending_readbacks":0,"queue_len":0,"signal":1298,"now_ms":1785598142259},"t":1785598142259}
[page] [jolt-webgpu] engine.run caller stalled 746287 ms: {"jobs_submitted":1298,"jobs_started":1298,"jobs_finished":1297,"current_job_start_ms":1785597396866,"last_submit_ms":1785597396866,"last_drain_enter_ms":1785597396866,"last_drain_exit_ms":1785597396794,"device_errors":0,"device_lost":1,"caller_stall_probes":146,"pending_readbacks":0,"queue_len":0,"signal":1298,"now_ms":1785598143153}
[page] [gpu-worker][wedge] {"kind":"device","drainTraps":0,"rescuedWakeups":0,"signal":1,"engine":{"jobs_submitted":1,"jobs_started":1,"jobs_finished":1,"current_job_start_ms":0,"last_submit_ms":1785597237140,"last_drain_enter_ms":1785598147229,"last_drain_exit_ms":1785598147229,"device_errors":0,"device_lost":1,"caller_stall_probes":0,"pending_readbacks":0,"queue_len":0,"signal":1,"now_ms":1785598147229},"t":1785598147229}
[page] [gpu-worker][wedge] {"kind":"stall","jobDied":false,"stuckJob":true,"jobAgeMs":750364,"drainTraps":0,"rescuedWakeups":0,"signal":1298,"engine":{"jobs_submitted":1298,"jobs_started":1298,"jobs_finished":1297,"current_job_start_ms":1785597396866,"last_submit_ms":1785597396866,"last_drain_enter_ms":1785597396866,"last_drain_exit_ms":1785597396794,"device_errors":0,"device_lost":1,"caller_stall_probes":146,"pending_readbacks":0,"queue_len":0,"signal":1298,"now_ms":1785598147230},"t":1785598147230}
[page] [jolt-webgpu] engine.run caller stalled 751437 ms: {"jobs_submitted":1298,"jobs_started":1298,"jobs_finished":1297,"current_job_start_ms":1785597396866,"last_submit_ms":1785597396866,"last_drain_enter_ms":1785597396866,"last_drain_exit_ms":1785597396794,"device_errors":0,"device_lost":1,"caller_stall_probes":147,"pending_readbacks":0,"queue_len":0,"signal":1298,"now_ms":1785598148303}
[page] [gpu-worker][wedge] {"kind":"device","drainTraps":0,"rescuedWakeups":0,"signal":1,"engine":{"jobs_submitted":1,"jobs_started":1,"jobs_finished":1,"current_job_start_ms":0,"last_submit_ms":1785597237140,"last_drain_enter_ms":1785598152160,"last_drain_exit_ms":1785598152160,"device_errors":0,"device_lost":1,"caller_stall_probes":0,"pending_readbacks":0,"queue_len":0,"signal":1,"now_ms":1785598152160},"t":1785598152160}
[page] [gpu-worker][wedge] {"kind":"stall","jobDied":false,"stuckJob":true,"jobAgeMs":755295,"drainTraps":0,"rescuedWakeups":0,"signal":1298,"engine":{"jobs_submitted":1298,"jobs_started":1298,"jobs_finished":1297,"current_job_start_ms":1785597396866,"last_submit_ms":1785597396866,"last_drain_enter_ms":1785597396866,"last_drain_exit_ms":1785597396794,"device_errors":0,"device_lost":1,"caller_stall_probes":147,"pending_readbacks":0,"queue_len":0,"signal":1298,"now_ms":1785598152161},"t":1785598152161}
[page] [jolt-webgpu] engine.run caller stalled 756587 ms: {"jobs_submitted":1298,"jobs_started":1298,"jobs_finished":1297,"current_job_start_ms":1785597396866,"last_submit_ms":1785597396866,"last_drain_enter_ms":1785597396866,"last_drain_exit_ms":1785597396794,"device_errors":0,"device_lost":1,"caller_stall_probes":148,"pending_readbacks":0,"queue_len":0,"signal":1298,"now_ms":1785598153453}
+ true
+ ps axo rss=,comm=
+ grep -E 'Helper \(GPU\)'
+ sort -rn
+ head -1
++ date +%T
+ awk -v t=11:29:14 '{printf "[rss] %s %.0f MB\n", t, $1/1024}'
+ sleep 15
[page] [gpu-worker][wedge] {"kind":"device","drainTraps":0,"rescuedWakeups":0,"signal":1,"engine":{"jobs_submitted":1,"jobs_started":1,"jobs_finished":1,"current_job_start_ms":0,"last_submit_ms":1785597237140,"last_drain_enter_ms":1785598157046,"last_drain_exit_ms":1785598157046,"device_errors":0,"device_lost":1,"caller_stall_probes":0,"pending_readbacks":0,"queue_len":0,"signal":1,"now_ms":1785598157280},"t":1785598157280}
[page] [gpu-worker][wedge] {"kind":"stall","jobDied":false,"stuckJob":true,"jobAgeMs":760415,"drainTraps":0,"rescuedWakeups":0,"signal":1298,"engine":{"jobs_submitted":1298,"jobs_started":1298,"jobs_finished":1297,"current_job_start_ms":1785597396866,"last_submit_ms":1785597396866,"last_drain_enter_ms":1785597396866,"last_drain_exit_ms":1785597396794,"device_errors":0,"device_lost":1,"caller_stall_probes":148,"pending_readbacks":0,"queue_len":0,"signal":1298,"now_ms":1785598157281},"t":1785598157281}
[page] [jolt-webgpu] engine.run caller stalled 761592 ms: {"jobs_submitted":1298,"jobs_started":1298,"jobs_finished":1297,"current_job_start_ms":1785597396866,"last_submit_ms":1785597396866,"last_drain_enter_ms":1785597396866,"last_drain_exit_ms":1785597396794,"device_errors":0,"device_lost":1,"caller_stall_probes":149,"pending_readbacks":0,"queue_len":0,"signal":1298,"now_ms":1785598158458}
[page] [gpu-worker][wedge] {"kind":"stall","jobDied":false,"stuckJob":true,"jobAgeMs":765415,"drainTraps":0,"rescuedWakeups":0,"signal":1298,"engine":{"jobs_submitted":1298,"jobs_started":1298,"jobs_finished":1297,"current_job_start_ms":1785597396866,"last_submit_ms":1785597396866,"last_drain_enter_ms":1785597396866,"last_drain_exit_ms":1785597396794,"device_errors":0,"device_lost":1,"caller_stall_probes":149,"pending_readbacks":0,"queue_len":0,"signal":1298,"now_ms":1785598162282},"t":1785598162282}
[page] [gpu-worker][wedge] {"kind":"device","drainTraps":0,"rescuedWakeups":0,"signal":1,"engine":{"jobs_submitted":1,"jobs_started":1,"jobs_finished":1,"current_job_start_ms":0,"last_submit_ms":1785597237140,"last_drain_enter_ms":1785598162047,"last_drain_exit_ms":1785598162047,"device_errors":0,"device_lost":1,"caller_stall_probes":0,"pending_readbacks":0,"queue_len":0,"signal":1,"now_ms":1785598162282},"t":1785598162282}
[page] [jolt-webgpu] engine.run caller stalled 766729 ms: {"jobs_submitted":1298,"jobs_started":1298,"jobs_finished":1297,"current_job_start_ms":1785597396866,"last_submit_ms":1785597396866,"last_drain_enter_ms":1785597396866,"last_drain_exit_ms":1785597396794,"device_errors":0,"device_lost":1,"caller_stall_probes":150,"pending_readbacks":0,"queue_len":0,"signal":1298,"now_ms":1785598163595}
[page] [gpu-worker][wedge] {"kind":"stall","jobDied":false,"stuckJob":true,"jobAgeMs":770292,"drainTraps":0,"rescuedWakeups":0,"signal":1298,"engine":{"jobs_submitted":1298,"jobs_started":1298,"jobs_finished":1297,"current_job_start_ms":1785597396866,"last_submit_ms":1785597396866,"last_drain_enter_ms":1785597396866,"last_drain_exit_ms":1785597396794,"device_errors":0,"device_lost":1,"caller_stall_probes":150,"pending_readbacks":0,"queue_len":0,"signal":1298,"now_ms":1785598167158},"t":1785598167158}
[page] [gpu-worker][wedge] {"kind":"device","drainTraps":0,"rescuedWakeups":0,"signal":1,"engine":{"jobs_submitted":1,"jobs_started":1,"jobs_finished":1,"current_job_start_ms":0,"last_submit_ms":1785597237140,"last_drain_enter_ms":1785598167046,"last_drain_exit_ms":1785598167046,"device_errors":0,"device_lost":1,"caller_stall_probes":0,"pending_readbacks":0,"queue_len":0,"signal":1,"now_ms":1785598167158},"t":1785598167158}
[page] [jolt-webgpu] engine.run caller stalled 771869 ms: {"jobs_submitted":1298,"jobs_started":1298,"jobs_finished":1297,"current_job_start_ms":1785597396866,"last_submit_ms":1785597396866,"last_drain_enter_ms":1785597396866,"last_drain_exit_ms":1785597396794,"device_errors":0,"device_lost":1,"caller_stall_probes":151,"pending_readbacks":0,"queue_len":0,"signal":1298,"now_ms":1785598168735}
+ true
+ ps axo rss=,comm=
+ grep -E 'Helper \(GPU\)'
+ sort -rn
+ head -1
++ date +%T
+ awk -v t=11:29:30 '{printf "[rss] %s %.0f MB\n", t, $1/1024}'
+ sleep 15
[page] [gpu-worker][wedge] {"kind":"device","drainTraps":0,"rescuedWakeups":0,"signal":1,"engine":{"jobs_submitted":1,"jobs_started":1,"jobs_finished":1,"current_job_start_ms":0,"last_submit_ms":1785597237140,"last_drain_enter_ms":1785598172181,"last_drain_exit_ms":1785598172181,"device_errors":0,"device_lost":1,"caller_stall_probes":0,"pending_readbacks":0,"queue_len":0,"signal":1,"now_ms":1785598172181},"t":1785598172181}
[page] [gpu-worker][wedge] {"kind":"stall","jobDied":false,"stuckJob":true,"jobAgeMs":775316,"drainTraps":0,"rescuedWakeups":0,"signal":1298,"engine":{"jobs_submitted":1298,"jobs_started":1298,"jobs_finished":1297,"current_job_start_ms":1785597396866,"last_submit_ms":1785597396866,"last_drain_enter_ms":1785597396866,"last_drain_exit_ms":1785597396794,"device_errors":0,"device_lost":1,"caller_stall_probes":151,"pending_readbacks":0,"queue_len":0,"signal":1298,"now_ms":1785598172182},"t":1785598172182}
[page] [jolt-webgpu] engine.run caller stalled 776956 ms: {"jobs_submitted":1298,"jobs_started":1298,"jobs_finished":1297,"current_job_start_ms":1785597396866,"last_submit_ms":1785597396866,"last_drain_enter_ms":1785597396866,"last_drain_exit_ms":1785597396794,"device_errors":0,"device_lost":1,"caller_stall_probes":152,"pending_readbacks":0,"queue_len":0,"signal":1298,"now_ms":1785598173822}
[page] [gpu-worker][wedge] {"kind":"stall","jobDied":false,"stuckJob":true,"jobAgeMs":780401,"drainTraps":0,"rescuedWakeups":0,"signal":1298,"engine":{"jobs_submitted":1298,"jobs_started":1298,"jobs_finished":1297,"current_job_start_ms":1785597396866,"last_submit_ms":1785597396866,"last_drain_enter_ms":1785597396866,"last_drain_exit_ms":1785597396794,"device_errors":0,"device_lost":1,"caller_stall_probes":152,"pending_readbacks":0,"queue_len":0,"signal":1298,"now_ms":1785598177267},"t":1785598177267}
[page] [gpu-worker][wedge] {"kind":"device","drainTraps":0,"rescuedWakeups":0,"signal":1,"engine":{"jobs_submitted":1,"jobs_started":1,"jobs_finished":1,"current_job_start_ms":0,"last_submit_ms":1785597237140,"last_drain_enter_ms":1785598177108,"last_drain_exit_ms":1785598177108,"device_errors":0,"device_lost":1,"caller_stall_probes":0,"pending_readbacks":0,"queue_len":0,"signal":1,"now_ms":1785598177268},"t":1785598177268}
[page] [jolt-webgpu] engine.run caller stalled 782084 ms: {"jobs_submitted":1298,"jobs_started":1298,"jobs_finished":1297,"current_job_start_ms":1785597396866,"last_submit_ms":1785597396866,"last_drain_enter_ms":1785597396866,"last_drain_exit_ms":1785597396794,"device_errors":0,"device_lost":1,"caller_stall_probes":153,"pending_readbacks":0,"queue_len":0,"signal":1298,"now_ms":1785598178950}
[page] [gpu-worker][wedge] {"kind":"stall","jobDied":false,"stuckJob":true,"jobAgeMs":785288,"drainTraps":0,"rescuedWakeups":0,"signal":1298,"engine":{"jobs_submitted":1298,"jobs_started":1298,"jobs_finished":1297,"current_job_start_ms":1785597396866,"last_submit_ms":1785597396866,"last_drain_enter_ms":1785597396866,"last_drain_exit_ms":1785597396794,"device_errors":0,"device_lost":1,"caller_stall_probes":153,"pending_readbacks":0,"queue_len":0,"signal":1298,"now_ms":1785598182154},"t":1785598182154}
[page] [gpu-worker][wedge] {"kind":"device","drainTraps":0,"rescuedWakeups":0,"signal":1,"engine":{"jobs_submitted":1,"jobs_started":1,"jobs_finished":1,"current_job_start_ms":0,"last_submit_ms":1785597237140,"last_drain_enter_ms":1785598182102,"last_drain_exit_ms":1785598182102,"device_errors":0,"device_lost":1,"caller_stall_probes":0,"pending_readbacks":0,"queue_len":0,"signal":1,"now_ms":1785598182155},"t":1785598182155}
[page] [jolt-webgpu] engine.run caller stalled 787234 ms: {"jobs_submitted":1298,"jobs_started":1298,"jobs_finished":1297,"current_job_start_ms":1785597396866,"last_submit_ms":1785597396866,"last_drain_enter_ms":1785597396866,"last_drain_exit_ms":1785597396794,"device_errors":0,"device_lost":1,"caller_stall_probes":154,"pending_readbacks":0,"queue_len":0,"signal":1298,"now_ms":1785598184100}
+ true
+ ps axo rss=,comm=
+ grep -E 'Helper \(GPU\)'
+ sort -rn
+ head -1
++ date +%T
+ awk -v t=11:29:45 '{printf "[rss] %s %.0f MB\n", t, $1/1024}'
+ sleep 15
[page] [gpu-worker][wedge] {"kind":"device","drainTraps":0,"rescuedWakeups":0,"signal":1,"engine":{"jobs_submitted":1,"jobs_started":1,"jobs_finished":1,"current_job_start_ms":0,"last_submit_ms":1785597237140,"last_drain_enter_ms":1785598187120,"last_drain_exit_ms":1785598187120,"device_errors":0,"device_lost":1,"caller_stall_probes":0,"pending_readbacks":0,"queue_len":0,"signal":1,"now_ms":1785598187135},"t":1785598187135}
[page] [gpu-worker][wedge] {"kind":"stall","jobDied":false,"stuckJob":true,"jobAgeMs":790270,"drainTraps":0,"rescuedWakeups":0,"signal":1298,"engine":{"jobs_submitted":1298,"jobs_started":1298,"jobs_finished":1297,"current_job_start_ms":1785597396866,"last_submit_ms":1785597396866,"last_drain_enter_ms":1785597396866,"last_drain_exit_ms":1785597396794,"device_errors":0,"device_lost":1,"caller_stall_probes":154,"pending_readbacks":0,"queue_len":0,"signal":1298,"now_ms":1785598187136},"t":1785598187136}
[page] [jolt-webgpu] engine.run caller stalled 792361 ms: {"jobs_submitted":1298,"jobs_started":1298,"jobs_finished":1297,"current_job_start_ms":1785597396866,"last_submit_ms":1785597396866,"last_drain_enter_ms":1785597396866,"last_drain_exit_ms":1785597396794,"device_errors":0,"device_lost":1,"caller_stall_probes":155,"pending_readbacks":0,"queue_len":0,"signal":1298,"now_ms":1785598189227}
[page] [gpu-worker][wedge] {"kind":"stall","jobDied":false,"stuckJob":true,"jobAgeMs":795399,"drainTraps":0,"rescuedWakeups":0,"signal":1298,"engine":{"jobs_submitted":1298,"jobs_started":1298,"jobs_finished":1297,"current_job_start_ms":1785597396866,"last_submit_ms":1785597396866,"last_drain_enter_ms":1785597396866,"last_drain_exit_ms":1785597396794,"device_errors":0,"device_lost":1,"caller_stall_probes":155,"pending_readbacks":0,"queue_len":0,"signal":1298,"now_ms":1785598192265},"t":1785598192265}
[page] [gpu-worker][wedge] {"kind":"device","drainTraps":0,"rescuedWakeups":0,"signal":1,"engine":{"jobs_submitted":1,"jobs_started":1,"jobs_finished":1,"current_job_start_ms":0,"last_submit_ms":1785597237140,"last_drain_enter_ms":1785598192068,"last_drain_exit_ms":1785598192068,"device_errors":0,"device_lost":1,"caller_stall_probes":0,"pending_readbacks":0,"queue_len":0,"signal":1,"now_ms":1785598192265},"t":1785598192265}
[page] [jolt-webgpu] engine.run caller stalled 797368 ms: {"jobs_submitted":1298,"jobs_started":1298,"jobs_finished":1297,"current_job_start_ms":1785597396866,"last_submit_ms":1785597396866,"last_drain_enter_ms":1785597396866,"last_drain_exit_ms":1785597396794,"device_errors":0,"device_lost":1,"caller_stall_probes":156,"pending_readbacks":0,"queue_len":0,"signal":1298,"now_ms":1785598194234}
[page] [gpu-worker][wedge] {"kind":"device","drainTraps":0,"rescuedWakeups":0,"signal":1,"engine":{"jobs_submitted":1,"jobs_started":1,"jobs_finished":1,"current_job_start_ms":0,"last_submit_ms":1785597237140,"last_drain_enter_ms":1785598197096,"last_drain_exit_ms":1785598197096,"device_errors":0,"device_lost":1,"caller_stall_probes":0,"pending_readbacks":0,"queue_len":0,"signal":1,"now_ms":1785598197227},"t":1785598197227}
[page] [gpu-worker][wedge] {"kind":"stall","jobDied":false,"stuckJob":true,"jobAgeMs":800362,"drainTraps":0,"rescuedWakeups":0,"signal":1298,"engine":{"jobs_submitted":1298,"jobs_started":1298,"jobs_finished":1297,"current_job_start_ms":1785597396866,"last_submit_ms":1785597396866,"last_drain_enter_ms":1785597396866,"last_drain_exit_ms":1785597396794,"device_errors":0,"device_lost":1,"caller_stall_probes":156,"pending_readbacks":0,"queue_len":0,"signal":1298,"now_ms":1785598197228},"t":1785598197228}
[page] [jolt-webgpu] engine.run caller stalled 802441 ms: {"jobs_submitted":1298,"jobs_started":1298,"jobs_finished":1297,"current_job_start_ms":1785597396866,"last_submit_ms":1785597396866,"last_drain_enter_ms":1785597396866,"last_drain_exit_ms":1785597396794,"device_errors":0,"device_lost":1,"caller_stall_probes":157,"pending_readbacks":0,"queue_len":0,"signal":1298,"now_ms":1785598199307}
+ true
+ ps axo rss=,comm=
+ grep -E 'Helper \(GPU\)'
+ sort -rn
+ head -1
++ date +%T
+ awk -v t=11:30:00 '{printf "[rss] %s %.0f MB\n", t, $1/1024}'
+ sleep 15
[page] [gpu-worker][wedge] {"kind":"stall","jobDied":false,"stuckJob":true,"jobAgeMs":805286,"drainTraps":0,"rescuedWakeups":0,"signal":1298,"engine":{"jobs_submitted":1298,"jobs_started":1298,"jobs_finished":1297,"current_job_start_ms":1785597396866,"last_submit_ms":1785597396866,"last_drain_enter_ms":1785597396866,"last_drain_exit_ms":1785597396794,"device_errors":0,"device_lost":1,"caller_stall_probes":157,"pending_readbacks":0,"queue_len":0,"signal":1298,"now_ms":1785598202152},"t":1785598202152}
[page] [gpu-worker][wedge] {"kind":"device","drainTraps":0,"rescuedWakeups":0,"signal":1,"engine":{"jobs_submitted":1,"jobs_started":1,"jobs_finished":1,"current_job_start_ms":0,"last_submit_ms":1785597237140,"last_drain_enter_ms":1785598202120,"last_drain_exit_ms":1785598202120,"device_errors":0,"device_lost":1,"caller_stall_probes":0,"pending_readbacks":0,"queue_len":0,"signal":1,"now_ms":1785598202153},"t":1785598202153}
[page] [jolt-webgpu] engine.run caller stalled 807502 ms: {"jobs_submitted":1298,"jobs_started":1298,"jobs_finished":1297,"current_job_start_ms":1785597396866,"last_submit_ms":1785597396866,"last_drain_enter_ms":1785597396866,"last_drain_exit_ms":1785597396794,"device_errors":0,"device_lost":1,"caller_stall_probes":158,"pending_readbacks":0,"queue_len":0,"signal":1298,"now_ms":1785598204368}
[page] [gpu-worker][wedge] {"kind":"device","drainTraps":0,"rescuedWakeups":0,"signal":1,"engine":{"jobs_submitted":1,"jobs_started":1,"jobs_finished":1,"current_job_start_ms":0,"last_submit_ms":1785597237140,"last_drain_enter_ms":1785598207129,"last_drain_exit_ms":1785598207129,"device_errors":0,"device_lost":1,"caller_stall_probes":0,"pending_readbacks":0,"queue_len":0,"signal":1,"now_ms":1785598207144},"t":1785598207144}
[page] [gpu-worker][wedge] {"kind":"stall","jobDied":false,"stuckJob":true,"jobAgeMs":810278,"drainTraps":0,"rescuedWakeups":0,"signal":1298,"engine":{"jobs_submitted":1298,"jobs_started":1298,"jobs_finished":1297,"current_job_start_ms":1785597396866,"last_submit_ms":1785597396866,"last_drain_enter_ms":1785597396866,"last_drain_exit_ms":1785597396794,"device_errors":0,"device_lost":1,"caller_stall_probes":158,"pending_readbacks":0,"queue_len":0,"signal":1298,"now_ms":1785598207144},"t":1785598207144}
[page] [jolt-webgpu] engine.run caller stalled 812627 ms: {"jobs_submitted":1298,"jobs_started":1298,"jobs_finished":1297,"current_job_start_ms":1785597396866,"last_submit_ms":1785597396866,"last_drain_enter_ms":1785597396866,"last_drain_exit_ms":1785597396794,"device_errors":0,"device_lost":1,"caller_stall_probes":159,"pending_readbacks":0,"queue_len":0,"signal":1298,"now_ms":1785598209493}
[page] [gpu-worker][wedge] {"kind":"stall","jobDied":false,"stuckJob":true,"jobAgeMs":815339,"drainTraps":0,"rescuedWakeups":0,"signal":1298,"engine":{"jobs_submitted":1298,"jobs_started":1298,"jobs_finished":1297,"current_job_start_ms":1785597396866,"last_submit_ms":1785597396866,"last_drain_enter_ms":1785597396866,"last_drain_exit_ms":1785597396794,"device_errors":0,"device_lost":1,"caller_stall_probes":159,"pending_readbacks":0,"queue_len":0,"signal":1298,"now_ms":1785598212205},"t":1785598212205}
[page] [gpu-worker][wedge] {"kind":"device","drainTraps":0,"rescuedWakeups":0,"signal":1,"engine":{"jobs_submitted":1,"jobs_started":1,"jobs_finished":1,"current_job_start_ms":0,"last_submit_ms":1785597237140,"last_drain_enter_ms":1785598212093,"last_drain_exit_ms":1785598212093,"device_errors":0,"device_lost":1,"caller_stall_probes":0,"pending_readbacks":0,"queue_len":0,"signal":1,"now_ms":1785598212205},"t":1785598212205}
[page] [jolt-webgpu] engine.run caller stalled 817777 ms: {"jobs_submitted":1298,"jobs_started":1298,"jobs_finished":1297,"current_job_start_ms":1785597396866,"last_submit_ms":1785597396866,"last_drain_enter_ms":1785597396866,"last_drain_exit_ms":1785597396794,"device_errors":0,"device_lost":1,"caller_stall_probes":160,"pending_readbacks":0,"queue_len":0,"signal":1298,"now_ms":1785598214643}
+ true
+ ps axo rss=,comm=
+ grep -E 'Helper \(GPU\)'
+ sort -rn
+ head -1
++ date +%T
+ awk -v t=11:30:15 '{printf "[rss] %s %.0f MB\n", t, $1/1024}'
+ sleep 15
[page] [gpu-worker][wedge] {"kind":"stall","jobDied":false,"stuckJob":true,"jobAgeMs":820268,"drainTraps":0,"rescuedWakeups":0,"signal":1298,"engine":{"jobs_submitted":1298,"jobs_started":1298,"jobs_finished":1297,"current_job_start_ms":1785597396866,"last_submit_ms":1785597396866,"last_drain_enter_ms":1785597396866,"last_drain_exit_ms":1785597396794,"device_errors":0,"device_lost":1,"caller_stall_probes":160,"pending_readbacks":0,"queue_len":0,"signal":1298,"now_ms":1785598217134},"t":1785598217134}
[page] [gpu-worker][wedge] {"kind":"device","drainTraps":0,"rescuedWakeups":0,"signal":1,"engine":{"jobs_submitted":1,"jobs_started":1,"jobs_finished":1,"current_job_start_ms":0,"last_submit_ms":1785597237140,"last_drain_enter_ms":1785598217135,"last_drain_exit_ms":1785598217135,"device_errors":0,"device_lost":1,"caller_stall_probes":0,"pending_readbacks":0,"queue_len":0,"signal":1,"now_ms":1785598217135},"t":1785598217135}
[page] [jolt-webgpu] engine.run caller stalled 822928 ms: {"jobs_submitted":1298,"jobs_started":1298,"jobs_finished":1297,"current_job_start_ms":1785597396866,"last_submit_ms":1785597396866,"last_drain_enter_ms":1785597396866,"last_drain_exit_ms":1785597396794,"device_errors":0,"device_lost":1,"caller_stall_probes":161,"pending_readbacks":0,"queue_len":0,"signal":1298,"now_ms":1785598219794}
[page] [gpu-worker][wedge] {"kind":"stall","jobDied":false,"stuckJob":true,"jobAgeMs":825299,"drainTraps":0,"rescuedWakeups":0,"signal":1298,"engine":{"jobs_submitted":1298,"jobs_started":1298,"jobs_finished":1297,"current_job_start_ms":1785597396866,"last_submit_ms":1785597396866,"last_drain_enter_ms":1785597396866,"last_drain_exit_ms":1785597396794,"device_errors":0,"device_lost":1,"caller_stall_probes":161,"pending_readbacks":0,"queue_len":0,"signal":1298,"now_ms":1785598222165},"t":1785598222165}
[page] [gpu-worker][wedge] {"kind":"device","drainTraps":0,"rescuedWakeups":0,"signal":1,"engine":{"jobs_submitted":1,"jobs_started":1,"jobs_finished":1,"current_job_start_ms":0,"last_submit_ms":1785597237140,"last_drain_enter_ms":1785598222166,"last_drain_exit_ms":1785598222166,"device_errors":0,"device_lost":1,"caller_stall_probes":0,"pending_readbacks":0,"queue_len":0,"signal":1,"now_ms":1785598222166},"t":1785598222166}
[page] [jolt-webgpu] engine.run caller stalled 827947 ms: {"jobs_submitted":1298,"jobs_started":1298,"jobs_finished":1297,"current_job_start_ms":1785597396866,"last_submit_ms":1785597396866,"last_drain_enter_ms":1785597396866,"last_drain_exit_ms":1785597396794,"device_errors":0,"device_lost":1,"caller_stall_probes":162,"pending_readbacks":0,"queue_len":0,"signal":1298,"now_ms":1785598224813}
[page] [gpu-worker][wedge] {"kind":"device","drainTraps":0,"rescuedWakeups":0,"signal":1,"engine":{"jobs_submitted":1,"jobs_started":1,"jobs_finished":1,"current_job_start_ms":0,"last_submit_ms":1785597237140,"last_drain_enter_ms":1785598227229,"last_drain_exit_ms":1785598227229,"device_errors":0,"device_lost":1,"caller_stall_probes":0,"pending_readbacks":0,"queue_len":0,"signal":1,"now_ms":1785598227229},"t":1785598227229}
[page] [gpu-worker][wedge] {"kind":"stall","jobDied":false,"stuckJob":true,"jobAgeMs":830363,"drainTraps":0,"rescuedWakeups":0,"signal":1298,"engine":{"jobs_submitted":1298,"jobs_started":1298,"jobs_finished":1297,"current_job_start_ms":1785597396866,"last_submit_ms":1785597396866,"last_drain_enter_ms":1785597396866,"last_drain_exit_ms":1785597396794,"device_errors":0,"device_lost":1,"caller_stall_probes":162,"pending_readbacks":0,"queue_len":0,"signal":1298,"now_ms":1785598227230},"t":1785598227230}
[page] [jolt-webgpu] engine.run caller stalled 833098 ms: {"jobs_submitted":1298,"jobs_started":1298,"jobs_finished":1297,"current_job_start_ms":1785597396866,"last_submit_ms":1785597396866,"last_drain_enter_ms":1785597396866,"last_drain_exit_ms":1785597396794,"device_errors":0,"device_lost":1,"caller_stall_probes":163,"pending_readbacks":0,"queue_len":0,"signal":1298,"now_ms":1785598229964}
+ true
+ ps axo rss=,comm=
+ grep -E 'Helper \(GPU\)'
+ sort -rn
+ head -1
++ date +%T
+ awk -v t=11:30:30 '{printf "[rss] %s %.0f MB\n", t, $1/1024}'
+ sleep 15
[page] [gpu-worker][wedge] {"kind":"stall","jobDied":false,"stuckJob":true,"jobAgeMs":835403,"drainTraps":0,"rescuedWakeups":0,"signal":1298,"engine":{"jobs_submitted":1298,"jobs_started":1298,"jobs_finished":1297,"current_job_start_ms":1785597396866,"last_submit_ms":1785597396866,"last_drain_enter_ms":1785597396866,"last_drain_exit_ms":1785597396794,"device_errors":0,"device_lost":1,"caller_stall_probes":163,"pending_readbacks":0,"queue_len":0,"signal":1298,"now_ms":1785598232269},"t":1785598232269}
[page] [gpu-worker][wedge] {"kind":"device","drainTraps":0,"rescuedWakeups":0,"signal":1,"engine":{"jobs_submitted":1,"jobs_started":1,"jobs_finished":1,"current_job_start_ms":0,"last_submit_ms":1785597237140,"last_drain_enter_ms":1785598232048,"last_drain_exit_ms":1785598232048,"device_errors":0,"device_lost":1,"caller_stall_probes":0,"pending_readbacks":0,"queue_len":0,"signal":1,"now_ms":1785598232270},"t":1785598232270}
[page] [jolt-webgpu] engine.run caller stalled 838154 ms: {"jobs_submitted":1298,"jobs_started":1298,"jobs_finished":1297,"current_job_start_ms":1785597396866,"last_submit_ms":1785597396866,"last_drain_enter_ms":1785597396866,"last_drain_exit_ms":1785597396794,"device_errors":0,"device_lost":1,"caller_stall_probes":164,"pending_readbacks":0,"queue_len":0,"signal":1298,"now_ms":1785598235020}
[page] [gpu-worker][wedge] {"kind":"device","drainTraps":0,"rescuedWakeups":0,"signal":1,"engine":{"jobs_submitted":1,"jobs_started":1,"jobs_finished":1,"current_job_start_ms":0,"last_submit_ms":1785597237140,"last_drain_enter_ms":1785598237054,"last_drain_exit_ms":1785598237054,"device_errors":0,"device_lost":1,"caller_stall_probes":0,"pending_readbacks":0,"queue_len":0,"signal":1,"now_ms":1785598237152},"t":1785598237152}
[page] [gpu-worker][wedge] {"kind":"stall","jobDied":false,"stuckJob":true,"jobAgeMs":840286,"drainTraps":0,"rescuedWakeups":0,"signal":1298,"engine":{"jobs_submitted":1298,"jobs_started":1298,"jobs_finished":1297,"current_job_start_ms":1785597396866,"last_submit_ms":1785597396866,"last_drain_enter_ms":1785597396866,"last_drain_exit_ms":1785597396794,"device_errors":0,"device_lost":1,"caller_stall_probes":164,"pending_readbacks":0,"queue_len":0,"signal":1298,"now_ms":1785598237152},"t":1785598237152}
[page] [jolt-webgpu] engine.run caller stalled 843292 ms: {"jobs_submitted":1298,"jobs_started":1298,"jobs_finished":1297,"current_job_start_ms":1785597396866,"last_submit_ms":1785597396866,"last_drain_enter_ms":1785597396866,"last_drain_exit_ms":1785597396794,"device_errors":0,"device_lost":1,"caller_stall_probes":165,"pending_readbacks":0,"queue_len":0,"signal":1298,"now_ms":1785598240158}
[page] [gpu-worker][wedge] {"kind":"device","drainTraps":0,"rescuedWakeups":0,"signal":1,"engine":{"jobs_submitted":1,"jobs_started":1,"jobs_finished":1,"current_job_start_ms":0,"last_submit_ms":1785597237140,"last_drain_enter_ms":1785598242083,"last_drain_exit_ms":1785598242083,"device_errors":0,"device_lost":1,"caller_stall_probes":0,"pending_readbacks":0,"queue_len":0,"signal":1,"now_ms":1785598242150},"t":1785598242150}
[page] [gpu-worker][wedge] {"kind":"stall","jobDied":false,"stuckJob":true,"jobAgeMs":845284,"drainTraps":0,"rescuedWakeups":0,"signal":1298,"engine":{"jobs_submitted":1298,"jobs_started":1298,"jobs_finished":1297,"current_job_start_ms":1785597396866,"last_submit_ms":1785597396866,"last_drain_enter_ms":1785597396866,"last_drain_exit_ms":1785597396794,"device_errors":0,"device_lost":1,"caller_stall_probes":165,"pending_readbacks":0,"queue_len":0,"signal":1298,"now_ms":1785598242150},"t":1785598242150}
[page] [jolt-webgpu] engine.run caller stalled 848345 ms: {"jobs_submitted":1298,"jobs_started":1298,"jobs_finished":1297,"current_job_start_ms":1785597396866,"last_submit_ms":1785597396866,"last_drain_enter_ms":1785597396866,"last_drain_exit_ms":1785597396794,"device_errors":0,"device_lost":1,"caller_stall_probes":166,"pending_readbacks":0,"queue_len":0,"signal":1298,"now_ms":1785598245211}
+ true
+ ps axo rss=,comm=
+ grep -E 'Helper \(GPU\)'
+ sort -rn
+ head -1
++ date +%T
+ awk -v t=11:30:46 '{printf "[rss] %s %.0f MB\n", t, $1/1024}'
+ sleep 15
[page] [gpu-worker][wedge] {"kind":"device","drainTraps":0,"rescuedWakeups":0,"signal":1,"engine":{"jobs_submitted":1,"jobs_started":1,"jobs_finished":1,"current_job_start_ms":0,"last_submit_ms":1785597237140,"last_drain_enter_ms":1785598247087,"last_drain_exit_ms":1785598247087,"device_errors":0,"device_lost":1,"caller_stall_probes":0,"pending_readbacks":0,"queue_len":0,"signal":1,"now_ms":1785598247143},"t":1785598247143}
[page] [gpu-worker][wedge] {"kind":"stall","jobDied":false,"stuckJob":true,"jobAgeMs":850278,"drainTraps":0,"rescuedWakeups":0,"signal":1298,"engine":{"jobs_submitted":1298,"jobs_started":1298,"jobs_finished":1297,"current_job_start_ms":1785597396866,"last_submit_ms":1785597396866,"last_drain_enter_ms":1785597396866,"last_drain_exit_ms":1785597396794,"device_errors":0,"device_lost":1,"caller_stall_probes":166,"pending_readbacks":0,"queue_len":0,"signal":1298,"now_ms":1785598247144},"t":1785598247144}
[page] [jolt-webgpu] engine.run caller stalled 853378 ms: {"jobs_submitted":1298,"jobs_started":1298,"jobs_finished":1297,"current_job_start_ms":1785597396866,"last_submit_ms":1785597396866,"last_drain_enter_ms":1785597396866,"last_drain_exit_ms":1785597396794,"device_errors":0,"device_lost":1,"caller_stall_probes":167,"pending_readbacks":0,"queue_len":0,"signal":1298,"now_ms":1785598250244}
[page] [gpu-worker][wedge] {"kind":"stall","jobDied":false,"stuckJob":true,"jobAgeMs":855326,"drainTraps":0,"rescuedWakeups":0,"signal":1298,"engine":{"jobs_submitted":1298,"jobs_started":1298,"jobs_finished":1297,"current_job_start_ms":1785597396866,"last_submit_ms":1785597396866,"last_drain_enter_ms":1785597396866,"last_drain_exit_ms":1785597396794,"device_errors":0,"device_lost":1,"caller_stall_probes":167,"pending_readbacks":0,"queue_len":0,"signal":1298,"now_ms":1785598252192},"t":1785598252192}
[page] [gpu-worker][wedge] {"kind":"device","drainTraps":0,"rescuedWakeups":0,"signal":1,"engine":{"jobs_submitted":1,"jobs_started":1,"jobs_finished":1,"current_job_start_ms":0,"last_submit_ms":1785597237140,"last_drain_enter_ms":1785598252193,"last_drain_exit_ms":1785598252193,"device_errors":0,"device_lost":1,"caller_stall_probes":0,"pending_readbacks":0,"queue_len":0,"signal":1,"now_ms":1785598252193},"t":1785598252193}
[page] [jolt-webgpu] engine.run caller stalled 858413 ms: {"jobs_submitted":1298,"jobs_started":1298,"jobs_finished":1297,"current_job_start_ms":1785597396866,"last_submit_ms":1785597396866,"last_drain_enter_ms":1785597396866,"last_drain_exit_ms":1785597396794,"device_errors":0,"device_lost":1,"caller_stall_probes":168,"pending_readbacks":0,"queue_len":0,"signal":1298,"now_ms":1785598255279}
[page] [gpu-worker][wedge] {"kind":"device","drainTraps":0,"rescuedWakeups":0,"signal":1,"engine":{"jobs_submitted":1,"jobs_started":1,"jobs_finished":1,"current_job_start_ms":0,"last_submit_ms":1785597237140,"last_drain_enter_ms":1785598257126,"last_drain_exit_ms":1785598257126,"device_errors":0,"device_lost":1,"caller_stall_probes":0,"pending_readbacks":0,"queue_len":0,"signal":1,"now_ms":1785598257163},"t":1785598257163}
[page] [gpu-worker][wedge] {"kind":"stall","jobDied":false,"stuckJob":true,"jobAgeMs":860297,"drainTraps":0,"rescuedWakeups":0,"signal":1298,"engine":{"jobs_submitted":1298,"jobs_started":1298,"jobs_finished":1297,"current_job_start_ms":1785597396866,"last_submit_ms":1785597396866,"last_drain_enter_ms":1785597396866,"last_drain_exit_ms":1785597396794,"device_errors":0,"device_lost":1,"caller_stall_probes":168,"pending_readbacks":0,"queue_len":0,"signal":1298,"now_ms":1785598257163},"t":1785598257163}
[page] [jolt-webgpu] engine.run caller stalled 863479 ms: {"jobs_submitted":1298,"jobs_started":1298,"jobs_finished":1297,"current_job_start_ms":1785597396866,"last_submit_ms":1785597396866,"last_drain_enter_ms":1785597396866,"last_drain_exit_ms":1785597396794,"device_errors":0,"device_lost":1,"caller_stall_probes":169,"pending_readbacks":0,"queue_len":0,"signal":1298,"now_ms":1785598260345}
+ true
+ ps axo rss=,comm=
+ grep -E 'Helper \(GPU\)'
+ sort -rn
+ head -1
++ date +%T
+ awk -v t=11:31:01 '{printf "[rss] %s %.0f MB\n", t, $1/1024}'
+ sleep 15
[page] [gpu-worker][wedge] {"kind":"device","drainTraps":0,"rescuedWakeups":0,"signal":1,"engine":{"jobs_submitted":1,"jobs_started":1,"jobs_finished":1,"current_job_start_ms":0,"last_submit_ms":1785597237140,"last_drain_enter_ms":1785598262118,"last_drain_exit_ms":1785598262118,"device_errors":0,"device_lost":1,"caller_stall_probes":0,"pending_readbacks":0,"queue_len":0,"signal":1,"now_ms":1785598262193},"t":1785598262193}
[page] [gpu-worker][wedge] {"kind":"stall","jobDied":false,"stuckJob":true,"jobAgeMs":865328,"drainTraps":0,"rescuedWakeups":0,"signal":1298,"engine":{"jobs_submitted":1298,"jobs_started":1298,"jobs_finished":1297,"current_job_start_ms":1785597396866,"last_submit_ms":1785597396866,"last_drain_enter_ms":1785597396866,"last_drain_exit_ms":1785597396794,"device_errors":0,"device_lost":1,"caller_stall_probes":169,"pending_readbacks":0,"queue_len":0,"signal":1298,"now_ms":1785598262194},"t":1785598262194}
[page] [jolt-webgpu] engine.run caller stalled 868499 ms: {"jobs_submitted":1298,"jobs_started":1298,"jobs_finished":1297,"current_job_start_ms":1785597396866,"last_submit_ms":1785597396866,"last_drain_enter_ms":1785597396866,"last_drain_exit_ms":1785597396794,"device_errors":0,"device_lost":1,"caller_stall_probes":170,"pending_readbacks":0,"queue_len":0,"signal":1298,"now_ms":1785598265365}
[page] [gpu-worker][wedge] {"kind":"device","drainTraps":0,"rescuedWakeups":0,"signal":1,"engine":{"jobs_submitted":1,"jobs_started":1,"jobs_finished":1,"current_job_start_ms":0,"last_submit_ms":1785597237140,"last_drain_enter_ms":1785598267097,"last_drain_exit_ms":1785598267097,"device_errors":0,"device_lost":1,"caller_stall_probes":0,"pending_readbacks":0,"queue_len":0,"signal":1,"now_ms":1785598267183},"t":1785598267183}
[page] [gpu-worker][wedge] {"kind":"stall","jobDied":false,"stuckJob":true,"jobAgeMs":870318,"drainTraps":0,"rescuedWakeups":0,"signal":1298,"engine":{"jobs_submitted":1298,"jobs_started":1298,"jobs_finished":1297,"current_job_start_ms":1785597396866,"last_submit_ms":1785597396866,"last_drain_enter_ms":1785597396866,"last_drain_exit_ms":1785597396794,"device_errors":0,"device_lost":1,"caller_stall_probes":170,"pending_readbacks":0,"queue_len":0,"signal":1298,"now_ms":1785598267184},"t":1785598267184}
[page] [jolt-webgpu] engine.run caller stalled 873649 ms: {"jobs_submitted":1298,"jobs_started":1298,"jobs_finished":1297,"current_job_start_ms":1785597396866,"last_submit_ms":1785597396866,"last_drain_enter_ms":1785597396866,"last_drain_exit_ms":1785597396794,"device_errors":0,"device_lost":1,"caller_stall_probes":171,"pending_readbacks":0,"queue_len":0,"signal":1298,"now_ms":1785598270515}
[page] [gpu-worker][wedge] {"kind":"device","drainTraps":0,"rescuedWakeups":0,"signal":1,"engine":{"jobs_submitted":1,"jobs_started":1,"jobs_finished":1,"current_job_start_ms":0,"last_submit_ms":1785597237140,"last_drain_enter_ms":1785598272080,"last_drain_exit_ms":1785598272080,"device_errors":0,"device_lost":1,"caller_stall_probes":0,"pending_readbacks":0,"queue_len":0,"signal":1,"now_ms":1785598272151},"t":1785598272151}
[page] [gpu-worker][wedge] {"kind":"stall","jobDied":false,"stuckJob":true,"jobAgeMs":875287,"drainTraps":0,"rescuedWakeups":0,"signal":1298,"engine":{"jobs_submitted":1298,"jobs_started":1298,"jobs_finished":1297,"current_job_start_ms":1785597396866,"last_submit_ms":1785597396866,"last_drain_enter_ms":1785597396866,"last_drain_exit_ms":1785597396794,"device_errors":0,"device_lost":1,"caller_stall_probes":171,"pending_readbacks":0,"queue_len":0,"signal":1298,"now_ms":1785598272153},"t":1785598272153}
[page] [jolt-webgpu] engine.run caller stalled 878787 ms: {"jobs_submitted":1298,"jobs_started":1298,"jobs_finished":1297,"current_job_start_ms":1785597396866,"last_submit_ms":1785597396866,"last_drain_enter_ms":1785597396866,"last_drain_exit_ms":1785597396794,"device_errors":0,"device_lost":1,"caller_stall_probes":172,"pending_readbacks":0,"queue_len":0,"signal":1298,"now_ms":1785598275653}
+ true
+ ps axo rss=,comm=
+ grep -E 'Helper \(GPU\)'
+ sort -rn
+ head -1
++ date +%T
+ awk -v t=11:31:16 '{printf "[rss] %s %.0f MB\n", t, $1/1024}'
+ sleep 15
[page] [gpu-worker][wedge] {"kind":"stall","jobDied":false,"stuckJob":true,"jobAgeMs":880410,"drainTraps":0,"rescuedWakeups":0,"signal":1298,"engine":{"jobs_submitted":1298,"jobs_started":1298,"jobs_finished":1297,"current_job_start_ms":1785597396866,"last_submit_ms":1785597396866,"last_drain_enter_ms":1785597396866,"last_drain_exit_ms":1785597396794,"device_errors":0,"device_lost":1,"caller_stall_probes":172,"pending_readbacks":0,"queue_len":0,"signal":1298,"now_ms":1785598277276},"t":1785598277276}
[page] [gpu-worker][wedge] {"kind":"device","drainTraps":0,"rescuedWakeups":0,"signal":1,"engine":{"jobs_submitted":1,"jobs_started":1,"jobs_finished":1,"current_job_start_ms":0,"last_submit_ms":1785597237140,"last_drain_enter_ms":1785598277052,"last_drain_exit_ms":1785598277052,"device_errors":0,"device_lost":1,"caller_stall_probes":0,"pending_readbacks":0,"queue_len":0,"signal":1,"now_ms":1785598277277},"t":1785598277277}
[page] [jolt-webgpu] engine.run caller stalled 883806 ms: {"jobs_submitted":1298,"jobs_started":1298,"jobs_finished":1297,"current_job_start_ms":1785597396866,"last_submit_ms":1785597396866,"last_drain_enter_ms":1785597396866,"last_drain_exit_ms":1785597396794,"device_errors":0,"device_lost":1,"caller_stall_probes":173,"pending_readbacks":0,"queue_len":0,"signal":1298,"now_ms":1785598280672}
[page] [gpu-worker][wedge] {"kind":"device","drainTraps":0,"rescuedWakeups":0,"signal":1,"engine":{"jobs_submitted":1,"jobs_started":1,"jobs_finished":1,"current_job_start_ms":0,"last_submit_ms":1785597237140,"last_drain_enter_ms":1785598282107,"last_drain_exit_ms":1785598282107,"device_errors":0,"device_lost":1,"caller_stall_probes":0,"pending_readbacks":0,"queue_len":0,"signal":1,"now_ms":1785598282245},"t":1785598282245}
[page] [gpu-worker][wedge] {"kind":"stall","jobDied":false,"stuckJob":true,"jobAgeMs":885378,"drainTraps":0,"rescuedWakeups":0,"signal":1298,"engine":{"jobs_submitted":1298,"jobs_started":1298,"jobs_finished":1297,"current_job_start_ms":1785597396866,"last_submit_ms":1785597396866,"last_drain_enter_ms":1785597396866,"last_drain_exit_ms":1785597396794,"device_errors":0,"device_lost":1,"caller_stall_probes":173,"pending_readbacks":0,"queue_len":0,"signal":1298,"now_ms":1785598282245},"t":1785598282245}
[page] [jolt-webgpu] engine.run caller stalled 888956 ms: {"jobs_submitted":1298,"jobs_started":1298,"jobs_finished":1297,"current_job_start_ms":1785597396866,"last_submit_ms":1785597396866,"last_drain_enter_ms":1785597396866,"last_drain_exit_ms":1785597396794,"device_errors":0,"device_lost":1,"caller_stall_probes":174,"pending_readbacks":0,"queue_len":0,"signal":1298,"now_ms":1785598285822}
[page] [gpu-worker][wedge] {"kind":"stall","jobDied":false,"stuckJob":true,"jobAgeMs":890380,"drainTraps":0,"rescuedWakeups":0,"signal":1298,"engine":{"jobs_submitted":1298,"jobs_started":1298,"jobs_finished":1297,"current_job_start_ms":1785597396866,"last_submit_ms":1785597396866,"last_drain_enter_ms":1785597396866,"last_drain_exit_ms":1785597396794,"device_errors":0,"device_lost":1,"caller_stall_probes":174,"pending_readbacks":0,"queue_len":0,"signal":1298,"now_ms":1785598287246},"t":1785598287246}
[page] [gpu-worker][wedge] {"kind":"device","drainTraps":0,"rescuedWakeups":0,"signal":1,"engine":{"jobs_submitted":1,"jobs_started":1,"jobs_finished":1,"current_job_start_ms":0,"last_submit_ms":1785597237140,"last_drain_enter_ms":1785598287088,"last_drain_exit_ms":1785598287088,"device_errors":0,"device_lost":1,"caller_stall_probes":0,"pending_readbacks":0,"queue_len":0,"signal":1,"now_ms":1785598287246},"t":1785598287246}
[page] [jolt-webgpu] engine.run caller stalled 894106 ms: {"jobs_submitted":1298,"jobs_started":1298,"jobs_finished":1297,"current_job_start_ms":1785597396866,"last_submit_ms":1785597396866,"last_drain_enter_ms":1785597396866,"last_drain_exit_ms":1785597396794,"device_errors":0,"device_lost":1,"caller_stall_probes":175,"pending_readbacks":0,"queue_len":0,"signal":1298,"now_ms":1785598290972}
+ true
+ ps axo rss=,comm=
+ grep -E 'Helper \(GPU\)'
+ sort -rn
+ head -1
++ date +%T
+ awk -v t=11:31:31 '{printf "[rss] %s %.0f MB\n", t, $1/1024}'
+ sleep 15
[page] [gpu-worker][wedge] {"kind":"device","drainTraps":0,"rescuedWakeups":0,"signal":1,"engine":{"jobs_submitted":1,"jobs_started":1,"jobs_finished":1,"current_job_start_ms":0,"last_submit_ms":1785597237140,"last_drain_enter_ms":1785598292162,"last_drain_exit_ms":1785598292162,"device_errors":0,"device_lost":1,"caller_stall_probes":0,"pending_readbacks":0,"queue_len":0,"signal":1,"now_ms":1785598292162},"t":1785598292162}
[page] [gpu-worker][wedge] {"kind":"stall","jobDied":false,"stuckJob":true,"jobAgeMs":895298,"drainTraps":0,"rescuedWakeups":0,"signal":1298,"engine":{"jobs_submitted":1298,"jobs_started":1298,"jobs_finished":1297,"current_job_start_ms":1785597396866,"last_submit_ms":1785597396866,"last_drain_enter_ms":1785597396866,"last_drain_exit_ms":1785597396794,"device_errors":0,"device_lost":1,"caller_stall_probes":175,"pending_readbacks":0,"queue_len":0,"signal":1298,"now_ms":1785598292164},"t":1785598292164}
[page] [jolt-webgpu] engine.run caller stalled 899135 ms: {"jobs_submitted":1298,"jobs_started":1298,"jobs_finished":1297,"current_job_start_ms":1785597396866,"last_submit_ms":1785597396866,"last_drain_enter_ms":1785597396866,"last_drain_exit_ms":1785597396794,"device_errors":0,"device_lost":1,"caller_stall_probes":176,"pending_readbacks":0,"queue_len":0,"signal":1298,"now_ms":1785598296001}
[page] [gpu-worker][wedge] {"kind":"device","drainTraps":0,"rescuedWakeups":0,"signal":1,"engine":{"jobs_submitted":1,"jobs_started":1,"jobs_finished":1,"current_job_start_ms":0,"last_submit_ms":1785597237140,"last_drain_enter_ms":1785598297068,"last_drain_exit_ms":1785598297068,"device_errors":0,"device_lost":1,"caller_stall_probes":0,"pending_readbacks":0,"queue_len":0,"signal":1,"now_ms":1785598297151},"t":1785598297151}
[page] [gpu-worker][wedge] {"kind":"stall","jobDied":false,"stuckJob":true,"jobAgeMs":900286,"drainTraps":0,"rescuedWakeups":0,"signal":1298,"engine":{"jobs_submitted":1298,"jobs_started":1298,"jobs_finished":1297,"current_job_start_ms":1785597396866,"last_submit_ms":1785597396866,"last_drain_enter_ms":1785597396866,"last_drain_exit_ms":1785597396794,"device_errors":0,"device_lost":1,"caller_stall_probes":176,"pending_readbacks":0,"queue_len":0,"signal":1298,"now_ms":1785598297152},"t":1785598297152}
[page] [jolt-webgpu] engine.run caller stalled 904149 ms: {"jobs_submitted":1298,"jobs_started":1298,"jobs_finished":1297,"current_job_start_ms":1785597396866,"last_submit_ms":1785597396866,"last_drain_enter_ms":1785597396866,"last_drain_exit_ms":1785597396794,"device_errors":0,"device_lost":1,"caller_stall_probes":177,"pending_readbacks":0,"queue_len":0,"signal":1298,"now_ms":1785598301015}
[page] [gpu-worker][wedge] {"kind":"device","drainTraps":0,"rescuedWakeups":0,"signal":1,"engine":{"jobs_submitted":1,"jobs_started":1,"jobs_finished":1,"current_job_start_ms":0,"last_submit_ms":1785597237140,"last_drain_enter_ms":1785598302032,"last_drain_exit_ms":1785598302032,"device_errors":0,"device_lost":1,"caller_stall_probes":0,"pending_readbacks":0,"queue_len":0,"signal":1,"now_ms":1785598302139},"t":1785598302139}
[page] [gpu-worker][wedge] {"kind":"stall","jobDied":false,"stuckJob":true,"jobAgeMs":905274,"drainTraps":0,"rescuedWakeups":0,"signal":1298,"engine":{"jobs_submitted":1298,"jobs_started":1298,"jobs_finished":1297,"current_job_start_ms":1785597396866,"last_submit_ms":1785597396866,"last_drain_enter_ms":1785597396866,"last_drain_exit_ms":1785597396794,"device_errors":0,"device_lost":1,"caller_stall_probes":177,"pending_readbacks":0,"queue_len":0,"signal":1298,"now_ms":1785598302140},"t":1785598302140}
[page] [jolt-webgpu] engine.run caller stalled 909299 ms: {"jobs_submitted":1298,"jobs_started":1298,"jobs_finished":1297,"current_job_start_ms":1785597396866,"last_submit_ms":1785597396866,"last_drain_enter_ms":1785597396866,"last_drain_exit_ms":1785597396794,"device_errors":0,"device_lost":1,"caller_stall_probes":178,"pending_readbacks":0,"queue_len":0,"signal":1298,"now_ms":1785598306165}
+ true
+ ps axo rss=,comm=
+ grep -E 'Helper \(GPU\)'
+ sort -rn
+ head -1
++ date +%T
+ awk -v t=11:31:46 '{printf "[rss] %s %.0f MB\n", t, $1/1024}'
+ sleep 15
[page] [gpu-worker][wedge] {"kind":"device","drainTraps":0,"rescuedWakeups":0,"signal":1,"engine":{"jobs_submitted":1,"jobs_started":1,"jobs_finished":1,"current_job_start_ms":0,"last_submit_ms":1785597237140,"last_drain_enter_ms":1785598307129,"last_drain_exit_ms":1785598307129,"device_errors":0,"device_lost":1,"caller_stall_probes":0,"pending_readbacks":0,"queue_len":0,"signal":1,"now_ms":1785598307130},"t":1785598307130}
[page] [gpu-worker][wedge] {"kind":"stall","jobDied":false,"stuckJob":true,"jobAgeMs":910264,"drainTraps":0,"rescuedWakeups":0,"signal":1298,"engine":{"jobs_submitted":1298,"jobs_started":1298,"jobs_finished":1297,"current_job_start_ms":1785597396866,"last_submit_ms":1785597396866,"last_drain_enter_ms":1785597396866,"last_drain_exit_ms":1785597396794,"device_errors":0,"device_lost":1,"caller_stall_probes":178,"pending_readbacks":0,"queue_len":0,"signal":1298,"now_ms":1785598307130},"t":1785598307130}
[page] [jolt-webgpu] engine.run caller stalled 914450 ms: {"jobs_submitted":1298,"jobs_started":1298,"jobs_finished":1297,"current_job_start_ms":1785597396866,"last_submit_ms":1785597396866,"last_drain_enter_ms":1785597396866,"last_drain_exit_ms":1785597396794,"device_errors":0,"device_lost":1,"caller_stall_probes":179,"pending_readbacks":0,"queue_len":0,"signal":1298,"now_ms":1785598311316}
[page] [gpu-worker][wedge] {"kind":"device","drainTraps":0,"rescuedWakeups":0,"signal":1,"engine":{"jobs_submitted":1,"jobs_started":1,"jobs_finished":1,"current_job_start_ms":0,"last_submit_ms":1785597237140,"last_drain_enter_ms":1785598312051,"last_drain_exit_ms":1785598312051,"device_errors":0,"device_lost":1,"caller_stall_probes":0,"pending_readbacks":0,"queue_len":0,"signal":1,"now_ms":1785598312256},"t":1785598312256}
[page] [gpu-worker][wedge] {"kind":"stall","jobDied":false,"stuckJob":true,"jobAgeMs":915390,"drainTraps":0,"rescuedWakeups":0,"signal":1298,"engine":{"jobs_submitted":1298,"jobs_started":1298,"jobs_finished":1297,"current_job_start_ms":1785597396866,"last_submit_ms":1785597396866,"last_drain_enter_ms":1785597396866,"last_drain_exit_ms":1785597396794,"device_errors":0,"device_lost":1,"caller_stall_probes":179,"pending_readbacks":0,"queue_len":0,"signal":1298,"now_ms":1785598312257},"t":1785598312257}
[page] [jolt-webgpu] engine.run caller stalled 919600 ms: {"jobs_submitted":1298,"jobs_started":1298,"jobs_finished":1297,"current_job_start_ms":1785597396866,"last_submit_ms":1785597396866,"last_drain_enter_ms":1785597396866,"last_drain_exit_ms":1785597396794,"device_errors":0,"device_lost":1,"caller_stall_probes":180,"pending_readbacks":0,"queue_len":0,"signal":1298,"now_ms":1785598316466}
[page] [gpu-worker][wedge] {"kind":"device","drainTraps":0,"rescuedWakeups":0,"signal":1,"engine":{"jobs_submitted":1,"jobs_started":1,"jobs_finished":1,"current_job_start_ms":0,"last_submit_ms":1785597237140,"last_drain_enter_ms":1785598317055,"last_drain_exit_ms":1785598317055,"device_errors":0,"device_lost":1,"caller_stall_probes":0,"pending_readbacks":0,"queue_len":0,"signal":1,"now_ms":1785598317241},"t":1785598317241}
[page] [gpu-worker][wedge] {"kind":"stall","jobDied":false,"stuckJob":true,"jobAgeMs":920375,"drainTraps":0,"rescuedWakeups":0,"signal":1298,"engine":{"jobs_submitted":1298,"jobs_started":1298,"jobs_finished":1297,"current_job_start_ms":1785597396866,"last_submit_ms":1785597396866,"last_drain_enter_ms":1785597396866,"last_drain_exit_ms":1785597396794,"device_errors":0,"device_lost":1,"caller_stall_probes":180,"pending_readbacks":0,"queue_len":0,"signal":1298,"now_ms":1785598317241},"t":1785598317241}
[page] [jolt-webgpu] engine.run caller stalled 924642 ms: {"jobs_submitted":1298,"jobs_started":1298,"jobs_finished":1297,"current_job_start_ms":1785597396866,"last_submit_ms":1785597396866,"last_drain_enter_ms":1785597396866,"last_drain_exit_ms":1785597396794,"device_errors":0,"device_lost":1,"caller_stall_probes":181,"pending_readbacks":0,"queue_len":0,"signal":1298,"now_ms":1785598321508}
+ true
+ ps axo rss=,comm=
+ grep -E 'Helper \(GPU\)'
+ sort -rn
+ head -1
++ date +%T
+ awk -v t=11:32:02 '{printf "[rss] %s %.0f MB\n", t, $1/1024}'
+ sleep 15
[page] [gpu-worker][wedge] {"kind":"device","drainTraps":0,"rescuedWakeups":0,"signal":1,"engine":{"jobs_submitted":1,"jobs_started":1,"jobs_finished":1,"current_job_start_ms":0,"last_submit_ms":1785597237140,"last_drain_enter_ms":1785598322173,"last_drain_exit_ms":1785598322173,"device_errors":0,"device_lost":1,"caller_stall_probes":0,"pending_readbacks":0,"queue_len":0,"signal":1,"now_ms":1785598322173},"t":1785598322173}
[page] [gpu-worker][wedge] {"kind":"stall","jobDied":false,"stuckJob":true,"jobAgeMs":925307,"drainTraps":0,"rescuedWakeups":0,"signal":1298,"engine":{"jobs_submitted":1298,"jobs_started":1298,"jobs_finished":1297,"current_job_start_ms":1785597396866,"last_submit_ms":1785597396866,"last_drain_enter_ms":1785597396866,"last_drain_exit_ms":1785597396794,"device_errors":0,"device_lost":1,"caller_stall_probes":181,"pending_readbacks":0,"queue_len":0,"signal":1298,"now_ms":1785598322173},"t":1785598322174}
[page] [jolt-webgpu] engine.run caller stalled 929778 ms: {"jobs_submitted":1298,"jobs_started":1298,"jobs_finished":1297,"current_job_start_ms":1785597396866,"last_submit_ms":1785597396866,"last_drain_enter_ms":1785597396866,"last_drain_exit_ms":1785597396794,"device_errors":0,"device_lost":1,"caller_stall_probes":182,"pending_readbacks":0,"queue_len":0,"signal":1298,"now_ms":1785598326644}
[page] [gpu-worker][wedge] {"kind":"device","drainTraps":0,"rescuedWakeups":0,"signal":1,"engine":{"jobs_submitted":1,"jobs_started":1,"jobs_finished":1,"current_job_start_ms":0,"last_submit_ms":1785597237140,"last_drain_enter_ms":1785598327078,"last_drain_exit_ms":1785598327078,"device_errors":0,"device_lost":1,"caller_stall_probes":0,"pending_readbacks":0,"queue_len":0,"signal":1,"now_ms":1785598327245},"t":1785598327245}
[page] [gpu-worker][wedge] {"kind":"stall","jobDied":false,"stuckJob":true,"jobAgeMs":930379,"drainTraps":0,"rescuedWakeups":0,"signal":1298,"engine":{"jobs_submitted":1298,"jobs_started":1298,"jobs_finished":1297,"current_job_start_ms":1785597396866,"last_submit_ms":1785597396866,"last_drain_enter_ms":1785597396866,"last_drain_exit_ms":1785597396794,"device_errors":0,"device_lost":1,"caller_stall_probes":182,"pending_readbacks":0,"queue_len":0,"signal":1298,"now_ms":1785598327245},"t":1785598327245}
[page] [jolt-webgpu] engine.run caller stalled 934895 ms: {"jobs_submitted":1298,"jobs_started":1298,"jobs_finished":1297,"current_job_start_ms":1785597396866,"last_submit_ms":1785597396866,"last_drain_enter_ms":1785597396866,"last_drain_exit_ms":1785597396794,"device_errors":0,"device_lost":1,"caller_stall_probes":183,"pending_readbacks":0,"queue_len":0,"signal":1298,"now_ms":1785598331761}
[page] [gpu-worker][wedge] {"kind":"stall","jobDied":false,"stuckJob":true,"jobAgeMs":935345,"drainTraps":0,"rescuedWakeups":0,"signal":1298,"engine":{"jobs_submitted":1298,"jobs_started":1298,"jobs_finished":1297,"current_job_start_ms":1785597396866,"last_submit_ms":1785597396866,"last_drain_enter_ms":1785597396866,"last_drain_exit_ms":1785597396794,"device_errors":0,"device_lost":1,"caller_stall_probes":183,"pending_readbacks":0,"queue_len":0,"signal":1298,"now_ms":1785598332212},"t":1785598332212}
[page] [gpu-worker][wedge] {"kind":"device","drainTraps":0,"rescuedWakeups":0,"signal":1,"engine":{"jobs_submitted":1,"jobs_started":1,"jobs_finished":1,"current_job_start_ms":0,"last_submit_ms":1785597237140,"last_drain_enter_ms":1785598332212,"last_drain_exit_ms":1785598332212,"device_errors":0,"device_lost":1,"caller_stall_probes":0,"pending_readbacks":0,"queue_len":0,"signal":1,"now_ms":1785598332212},"t":1785598332212}
[page] [jolt-webgpu] engine.run caller stalled 939974 ms: {"jobs_submitted":1298,"jobs_started":1298,"jobs_finished":1297,"current_job_start_ms":1785597396866,"last_submit_ms":1785597396866,"last_drain_enter_ms":1785597396866,"last_drain_exit_ms":1785597396794,"device_errors":0,"device_lost":1,"caller_stall_probes":184,"pending_readbacks":0,"queue_len":0,"signal":1298,"now_ms":1785598336840}
[page] [gpu-worker][wedge] {"kind":"device","drainTraps":0,"rescuedWakeups":0,"signal":1,"engine":{"jobs_submitted":1,"jobs_started":1,"jobs_finished":1,"current_job_start_ms":0,"last_submit_ms":1785597237140,"last_drain_enter_ms":1785598337034,"last_drain_exit_ms":1785598337034,"device_errors":0,"device_lost":1,"caller_stall_probes":0,"pending_readbacks":0,"queue_len":0,"signal":1,"now_ms":1785598337185},"t":1785598337185}
[page] [gpu-worker][wedge] {"kind":"stall","jobDied":false,"stuckJob":true,"jobAgeMs":940320,"drainTraps":0,"rescuedWakeups":0,"signal":1298,"engine":{"jobs_submitted":1298,"jobs_started":1298,"jobs_finished":1297,"current_job_start_ms":1785597396866,"last_submit_ms":1785597396866,"last_drain_enter_ms":1785597396866,"last_drain_exit_ms":1785597396794,"device_errors":0,"device_lost":1,"caller_stall_probes":184,"pending_readbacks":0,"queue_len":0,"signal":1298,"now_ms":1785598337186},"t":1785598337186}
+ true
+ ps axo rss=,comm=
+ grep -E 'Helper \(GPU\)'
+ sort -rn
+ head -1
++ date +%T
+ awk -v t=11:32:17 '{printf "[rss] %s %.0f MB\n", t, $1/1024}'
+ sleep 15
[page] [jolt-webgpu] engine.run caller stalled 945024 ms: {"jobs_submitted":1298,"jobs_started":1298,"jobs_finished":1297,"current_job_start_ms":1785597396866,"last_submit_ms":1785597396866,"last_drain_enter_ms":1785597396866,"last_drain_exit_ms":1785597396794,"device_errors":0,"device_lost":1,"caller_stall_probes":185,"pending_readbacks":0,"queue_len":0,"signal":1298,"now_ms":1785598341890}
[page] [gpu-worker][wedge] {"kind":"stall","jobDied":false,"stuckJob":true,"jobAgeMs":945285,"drainTraps":0,"rescuedWakeups":0,"signal":1298,"engine":{"jobs_submitted":1298,"jobs_started":1298,"jobs_finished":1297,"current_job_start_ms":1785597396866,"last_submit_ms":1785597396866,"last_drain_enter_ms":1785597396866,"last_drain_exit_ms":1785597396794,"device_errors":0,"device_lost":1,"caller_stall_probes":185,"pending_readbacks":0,"queue_len":0,"signal":1298,"now_ms":1785598342151},"t":1785598342151}
[page] [gpu-worker][wedge] {"kind":"device","drainTraps":0,"rescuedWakeups":0,"signal":1,"engine":{"jobs_submitted":1,"jobs_started":1,"jobs_finished":1,"current_job_start_ms":0,"last_submit_ms":1785597237140,"last_drain_enter_ms":1785598342118,"last_drain_exit_ms":1785598342118,"device_errors":0,"device_lost":1,"caller_stall_probes":0,"pending_readbacks":0,"queue_len":0,"signal":1,"now_ms":1785598342151},"t":1785598342151}
[page] [jolt-webgpu] engine.run caller stalled 950155 ms: {"jobs_submitted":1298,"jobs_started":1298,"jobs_finished":1297,"current_job_start_ms":1785597396866,"last_submit_ms":1785597396866,"last_drain_enter_ms":1785597396866,"last_drain_exit_ms":1785597396794,"device_errors":0,"device_lost":1,"caller_stall_probes":186,"pending_readbacks":0,"queue_len":0,"signal":1298,"now_ms":1785598347021}
[page] [gpu-worker][wedge] {"kind":"device","drainTraps":0,"rescuedWakeups":0,"signal":1,"engine":{"jobs_submitted":1,"jobs_started":1,"jobs_finished":1,"current_job_start_ms":0,"last_submit_ms":1785597237140,"last_drain_enter_ms":1785598347175,"last_drain_exit_ms":1785598347175,"device_errors":0,"device_lost":1,"caller_stall_probes":0,"pending_readbacks":0,"queue_len":0,"signal":1,"now_ms":1785598347220},"t":1785598347223}
[page] [gpu-worker][wedge] {"kind":"stall","jobDied":false,"stuckJob":true,"jobAgeMs":950375,"drainTraps":0,"rescuedWakeups":0,"signal":1298,"engine":{"jobs_submitted":1298,"jobs_started":1298,"jobs_finished":1297,"current_job_start_ms":1785597396866,"last_submit_ms":1785597396866,"last_drain_enter_ms":1785597396866,"last_drain_exit_ms":1785597396794,"device_errors":0,"device_lost":1,"caller_stall_probes":186,"pending_readbacks":0,"queue_len":0,"signal":1298,"now_ms":1785598347242},"t":1785598347242}
[page] [jolt-webgpu] engine.run caller stalled 955291 ms: {"jobs_submitted":1298,"jobs_started":1298,"jobs_finished":1297,"current_job_start_ms":1785597396866,"last_submit_ms":1785597396866,"last_drain_enter_ms":1785597396866,"last_drain_exit_ms":1785597396794,"device_errors":0,"device_lost":1,"caller_stall_probes":187,"pending_readbacks":0,"queue_len":0,"signal":1298,"now_ms":1785598352157}
[page] [gpu-worker][wedge] {"kind":"device","drainTraps":0,"rescuedWakeups":0,"signal":1,"engine":{"jobs_submitted":1,"jobs_started":1,"jobs_finished":1,"current_job_start_ms":0,"last_submit_ms":1785597237140,"last_drain_enter_ms":1785598352113,"last_drain_exit_ms":1785598352113,"device_errors":0,"device_lost":1,"caller_stall_probes":0,"pending_readbacks":0,"queue_len":0,"signal":1,"now_ms":1785598352230},"t":1785598352230}
[page] [gpu-worker][wedge] {"kind":"stall","jobDied":false,"stuckJob":true,"jobAgeMs":955365,"drainTraps":0,"rescuedWakeups":0,"signal":1298,"engine":{"jobs_submitted":1298,"jobs_started":1298,"jobs_finished":1297,"current_job_start_ms":1785597396866,"last_submit_ms":1785597396866,"last_drain_enter_ms":1785597396866,"last_drain_exit_ms":1785597396794,"device_errors":0,"device_lost":1,"caller_stall_probes":187,"pending_readbacks":0,"queue_len":0,"signal":1298,"now_ms":1785598352231},"t":1785598352231}
+ true
+ ps axo rss=,comm=
+ grep -E 'Helper \(GPU\)'
+ sort -rn
+ head -1
++ date +%T
+ awk -v t=11:32:32 '{printf "[rss] %s %.0f MB\n", t, $1/1024}'
+ sleep 15
[page] [gpu-worker][wedge] {"kind":"device","drainTraps":0,"rescuedWakeups":0,"signal":1,"engine":{"jobs_submitted":1,"jobs_started":1,"jobs_finished":1,"current_job_start_ms":0,"last_submit_ms":1785597237140,"last_drain_enter_ms":1785598357167,"last_drain_exit_ms":1785598357167,"device_errors":0,"device_lost":1,"caller_stall_probes":0,"pending_readbacks":0,"queue_len":0,"signal":1,"now_ms":1785598357167},"t":1785598357167}
[page] [gpu-worker][wedge] {"kind":"stall","jobDied":false,"stuckJob":true,"jobAgeMs":960302,"drainTraps":0,"rescuedWakeups":0,"signal":1298,"engine":{"jobs_submitted":1298,"jobs_started":1298,"jobs_finished":1297,"current_job_start_ms":1785597396866,"last_submit_ms":1785597396866,"last_drain_enter_ms":1785597396866,"last_drain_exit_ms":1785597396794,"device_errors":0,"device_lost":1,"caller_stall_probes":187,"pending_readbacks":0,"queue_len":0,"signal":1298,"now_ms":1785598357168},"t":1785598357168}
[page] [jolt-webgpu] engine.run caller stalled 960412 ms: {"jobs_submitted":1298,"jobs_started":1298,"jobs_finished":1297,"current_job_start_ms":1785597396866,"last_submit_ms":1785597396866,"last_drain_enter_ms":1785597396866,"last_drain_exit_ms":1785597396794,"device_errors":0,"device_lost":1,"caller_stall_probes":188,"pending_readbacks":0,"queue_len":0,"signal":1298,"now_ms":1785598357278}
[page] [gpu-worker][wedge] {"kind":"stall","jobDied":false,"stuckJob":true,"jobAgeMs":965292,"drainTraps":0,"rescuedWakeups":0,"signal":1298,"engine":{"jobs_submitted":1298,"jobs_started":1298,"jobs_finished":1297,"current_job_start_ms":1785597396866,"last_submit_ms":1785597396866,"last_drain_enter_ms":1785597396866,"last_drain_exit_ms":1785597396794,"device_errors":0,"device_lost":1,"caller_stall_probes":188,"pending_readbacks":0,"queue_len":0,"signal":1298,"now_ms":1785598362158},"t":1785598362158}
[page] [gpu-worker][wedge] {"kind":"device","drainTraps":0,"rescuedWakeups":0,"signal":1,"engine":{"jobs_submitted":1,"jobs_started":1,"jobs_finished":1,"current_job_start_ms":0,"last_submit_ms":1785597237140,"last_drain_enter_ms":1785598362050,"last_drain_exit_ms":1785598362050,"device_errors":0,"device_lost":1,"caller_stall_probes":0,"pending_readbacks":0,"queue_len":0,"signal":1,"now_ms":1785598362159},"t":1785598362159}
[page] [jolt-webgpu] engine.run caller stalled 965530 ms: {"jobs_submitted":1298,"jobs_started":1298,"jobs_finished":1297,"current_job_start_ms":1785597396866,"last_submit_ms":1785597396866,"last_drain_enter_ms":1785597396866,"last_drain_exit_ms":1785597396794,"device_errors":0,"device_lost":1,"caller_stall_probes":189,"pending_readbacks":0,"queue_len":0,"signal":1298,"now_ms":1785598362396}
[page] [gpu-worker][wedge] {"kind":"stall","jobDied":false,"stuckJob":true,"jobAgeMs":970401,"drainTraps":0,"rescuedWakeups":0,"signal":1298,"engine":{"jobs_submitted":1298,"jobs_started":1298,"jobs_finished":1297,"current_job_start_ms":1785597396866,"last_submit_ms":1785597396866,"last_drain_enter_ms":1785597396866,"last_drain_exit_ms":1785597396794,"device_errors":0,"device_lost":1,"caller_stall_probes":189,"pending_readbacks":0,"queue_len":0,"signal":1298,"now_ms":1785598367267},"t":1785598367267}
[page] [gpu-worker][wedge] {"kind":"device","drainTraps":0,"rescuedWakeups":0,"signal":1,"engine":{"jobs_submitted":1,"jobs_started":1,"jobs_finished":1,"current_job_start_ms":0,"last_submit_ms":1785597237140,"last_drain_enter_ms":1785598367267,"last_drain_exit_ms":1785598367267,"device_errors":0,"device_lost":1,"caller_stall_probes":0,"pending_readbacks":0,"queue_len":0,"signal":1,"now_ms":1785598367267},"t":1785598367267}
[page] [jolt-webgpu] engine.run caller stalled 970677 ms: {"jobs_submitted":1298,"jobs_started":1298,"jobs_finished":1297,"current_job_start_ms":1785597396866,"last_submit_ms":1785597396866,"last_drain_enter_ms":1785597396866,"last_drain_exit_ms":1785597396794,"device_errors":0,"device_lost":1,"caller_stall_probes":190,"pending_readbacks":0,"queue_len":0,"signal":1298,"now_ms":1785598367543}
+ true
+ ps axo rss=,comm=
+ grep -E 'Helper \(GPU\)'
+ sort -rn
+ head -1
++ date +%T
+ awk -v t=11:32:47 '{printf "[rss] %s %.0f MB\n", t, $1/1024}'
+ sleep 15
[page] [gpu-worker][wedge] {"kind":"stall","jobDied":false,"stuckJob":true,"jobAgeMs":975279,"drainTraps":0,"rescuedWakeups":0,"signal":1298,"engine":{"jobs_submitted":1298,"jobs_started":1298,"jobs_finished":1297,"current_job_start_ms":1785597396866,"last_submit_ms":1785597396866,"last_drain_enter_ms":1785597396866,"last_drain_exit_ms":1785597396794,"device_errors":0,"device_lost":1,"caller_stall_probes":190,"pending_readbacks":0,"queue_len":0,"signal":1298,"now_ms":1785598372145},"t":1785598372145}
[page] [gpu-worker][wedge] {"kind":"device","drainTraps":0,"rescuedWakeups":0,"signal":1,"engine":{"jobs_submitted":1,"jobs_started":1,"jobs_finished":1,"current_job_start_ms":0,"last_submit_ms":1785597237140,"last_drain_enter_ms":1785598372146,"last_drain_exit_ms":1785598372146,"device_errors":0,"device_lost":1,"caller_stall_probes":0,"pending_readbacks":0,"queue_len":0,"signal":1,"now_ms":1785598372146},"t":1785598372146}
[page] [jolt-webgpu] engine.run caller stalled 975826 ms: {"jobs_submitted":1298,"jobs_started":1298,"jobs_finished":1297,"current_job_start_ms":1785597396866,"last_submit_ms":1785597396866,"last_drain_enter_ms":1785597396866,"last_drain_exit_ms":1785597396794,"device_errors":0,"device_lost":1,"caller_stall_probes":191,"pending_readbacks":0,"queue_len":0,"signal":1298,"now_ms":1785598372692}
[page] [gpu-worker][wedge] {"kind":"stall","jobDied":false,"stuckJob":true,"jobAgeMs":980284,"drainTraps":0,"rescuedWakeups":0,"signal":1298,"engine":{"jobs_submitted":1298,"jobs_started":1298,"jobs_finished":1297,"current_job_start_ms":1785597396866,"last_submit_ms":1785597396866,"last_drain_enter_ms":1785597396866,"last_drain_exit_ms":1785597396794,"device_errors":0,"device_lost":1,"caller_stall_probes":191,"pending_readbacks":0,"queue_len":0,"signal":1298,"now_ms":1785598377151},"t":1785598377151}
[page] [gpu-worker][wedge] {"kind":"device","drainTraps":0,"rescuedWakeups":0,"signal":1,"engine":{"jobs_submitted":1,"jobs_started":1,"jobs_finished":1,"current_job_start_ms":0,"last_submit_ms":1785597237140,"last_drain_enter_ms":1785598377151,"last_drain_exit_ms":1785598377151,"device_errors":0,"device_lost":1,"caller_stall_probes":0,"pending_readbacks":0,"queue_len":0,"signal":1,"now_ms":1785598377151},"t":1785598377151}
[page] [jolt-webgpu] engine.run caller stalled 980964 ms: {"jobs_submitted":1298,"jobs_started":1298,"jobs_finished":1297,"current_job_start_ms":1785597396866,"last_submit_ms":1785597396866,"last_drain_enter_ms":1785597396866,"last_drain_exit_ms":1785597396794,"device_errors":0,"device_lost":1,"caller_stall_probes":192,"pending_readbacks":0,"queue_len":0,"signal":1298,"now_ms":1785598377830}
[page] [gpu-worker][wedge] {"kind":"device","drainTraps":0,"rescuedWakeups":0,"signal":1,"engine":{"jobs_submitted":1,"jobs_started":1,"jobs_finished":1,"current_job_start_ms":0,"last_submit_ms":1785597237140,"last_drain_enter_ms":1785598382045,"last_drain_exit_ms":1785598382045,"device_errors":0,"device_lost":1,"caller_stall_probes":0,"pending_readbacks":0,"queue_len":0,"signal":1,"now_ms":1785598382143},"t":1785598382143}
[page] [gpu-worker][wedge] {"kind":"stall","jobDied":false,"stuckJob":true,"jobAgeMs":985277,"drainTraps":0,"rescuedWakeups":0,"signal":1298,"engine":{"jobs_submitted":1298,"jobs_started":1298,"jobs_finished":1297,"current_job_start_ms":1785597396866,"last_submit_ms":1785597396866,"last_drain_enter_ms":1785597396866,"last_drain_exit_ms":1785597396794,"device_errors":0,"device_lost":1,"caller_stall_probes":192,"pending_readbacks":0,"queue_len":0,"signal":1298,"now_ms":1785598382143},"t":1785598382143}
+ true
+ ps axo rss=,comm=
+ grep -E 'Helper \(GPU\)'
+ head -1
+ sort -rn
++ date +%T
+ awk -v t=11:33:02 '{printf "[rss] %s %.0f MB\n", t, $1/1024}'
+ sleep 15
[page] [jolt-webgpu] engine.run caller stalled 985965 ms: {"jobs_submitted":1298,"jobs_started":1298,"jobs_finished":1297,"current_job_start_ms":1785597396866,"last_submit_ms":1785597396866,"last_drain_enter_ms":1785597396866,"last_drain_exit_ms":1785597396794,"device_errors":0,"device_lost":1,"caller_stall_probes":193,"pending_readbacks":0,"queue_len":0,"signal":1298,"now_ms":1785598382831}
[page] [gpu-worker][wedge] {"kind":"device","drainTraps":0,"rescuedWakeups":0,"signal":1,"engine":{"jobs_submitted":1,"jobs_started":1,"jobs_finished":1,"current_job_start_ms":0,"last_submit_ms":1785597237140,"last_drain_enter_ms":1785598387108,"last_drain_exit_ms":1785598387108,"device_errors":0,"device_lost":1,"caller_stall_probes":0,"pending_readbacks":0,"queue_len":0,"signal":1,"now_ms":1785598387243},"t":1785598387243}
[page] [gpu-worker][wedge] {"kind":"stall","jobDied":false,"stuckJob":true,"jobAgeMs":990378,"drainTraps":0,"rescuedWakeups":0,"signal":1298,"engine":{"jobs_submitted":1298,"jobs_started":1298,"jobs_finished":1297,"current_job_start_ms":1785597396866,"last_submit_ms":1785597396866,"last_drain_enter_ms":1785597396866,"last_drain_exit_ms":1785597396794,"device_errors":0,"device_lost":1,"caller_stall_probes":193,"pending_readbacks":0,"queue_len":0,"signal":1298,"now_ms":1785598387244},"t":1785598387244}
[page] [jolt-webgpu] engine.run caller stalled 991116 ms: {"jobs_submitted":1298,"jobs_started":1298,"jobs_finished":1297,"current_job_start_ms":1785597396866,"last_submit_ms":1785597396866,"last_drain_enter_ms":1785597396866,"last_drain_exit_ms":1785597396794,"device_errors":0,"device_lost":1,"caller_stall_probes":194,"pending_readbacks":0,"queue_len":0,"signal":1298,"now_ms":1785598387982}
[page] [gpu-worker][wedge] {"kind":"stall","jobDied":false,"stuckJob":true,"jobAgeMs":995313,"drainTraps":0,"rescuedWakeups":0,"signal":1298,"engine":{"jobs_submitted":1298,"jobs_started":1298,"jobs_finished":1297,"current_job_start_ms":1785597396866,"last_submit_ms":1785597396866,"last_drain_enter_ms":1785597396866,"last_drain_exit_ms":1785597396794,"device_errors":0,"device_lost":1,"caller_stall_probes":194,"pending_readbacks":0,"queue_len":0,"signal":1298,"now_ms":1785598392179},"t":1785598392179}
[page] [gpu-worker][wedge] {"kind":"device","drainTraps":0,"rescuedWakeups":0,"signal":1,"engine":{"jobs_submitted":1,"jobs_started":1,"jobs_finished":1,"current_job_start_ms":0,"last_submit_ms":1785597237140,"last_drain_enter_ms":1785598392112,"last_drain_exit_ms":1785598392112,"device_errors":0,"device_lost":1,"caller_stall_probes":0,"pending_readbacks":0,"queue_len":0,"signal":1,"now_ms":1785598392181},"t":1785598392181}
[page] [jolt-webgpu] engine.run caller stalled 996259 ms: {"jobs_submitted":1298,"jobs_started":1298,"jobs_finished":1297,"current_job_start_ms":1785597396866,"last_submit_ms":1785597396866,"last_drain_enter_ms":1785597396866,"last_drain_exit_ms":1785597396794,"device_errors":0,"device_lost":1,"caller_stall_probes":195,"pending_readbacks":0,"queue_len":0,"signal":1298,"now_ms":1785598393125}
[page] [gpu-worker][wedge] {"kind":"device","drainTraps":0,"rescuedWakeups":0,"signal":1,"engine":{"jobs_submitted":1,"jobs_started":1,"jobs_finished":1,"current_job_start_ms":0,"last_submit_ms":1785597237140,"last_drain_enter_ms":1785598397078,"last_drain_exit_ms":1785598397078,"device_errors":0,"device_lost":1,"caller_stall_probes":0,"pending_readbacks":0,"queue_len":0,"signal":1,"now_ms":1785598397238},"t":1785598397238}
[page] [gpu-worker][wedge] {"kind":"stall","jobDied":false,"stuckJob":true,"jobAgeMs":1000373,"drainTraps":0,"rescuedWakeups":0,"signal":1298,"engine":{"jobs_submitted":1298,"jobs_started":1298,"jobs_finished":1297,"current_job_start_ms":1785597396866,"last_submit_ms":1785597396866,"last_drain_enter_ms":1785597396866,"last_drain_exit_ms":1785597396794,"device_errors":0,"device_lost":1,"caller_stall_probes":195,"pending_readbacks":0,"queue_len":0,"signal":1298,"now_ms":1785598397239},"t":1785598397239}
+ true
+ ps axo rss=,comm=
+ grep -E 'Helper \(GPU\)'
+ sort -rn
+ head -1
++ date +%T
+ awk -v t=11:33:17 '{printf "[rss] %s %.0f MB\n", t, $1/1024}'
+ sleep 15
[page] [jolt-webgpu] engine.run caller stalled 1001311 ms: {"jobs_submitted":1298,"jobs_started":1298,"jobs_finished":1297,"current_job_start_ms":1785597396866,"last_submit_ms":1785597396866,"last_drain_enter_ms":1785597396866,"last_drain_exit_ms":1785597396794,"device_errors":0,"device_lost":1,"caller_stall_probes":196,"pending_readbacks":0,"queue_len":0,"signal":1298,"now_ms":1785598398177}
[page] [gpu-worker][wedge] {"kind":"device","drainTraps":0,"rescuedWakeups":0,"signal":1,"engine":{"jobs_submitted":1,"jobs_started":1,"jobs_finished":1,"current_job_start_ms":0,"last_submit_ms":1785597237140,"last_drain_enter_ms":1785598402115,"last_drain_exit_ms":1785598402115,"device_errors":0,"device_lost":1,"caller_stall_probes":0,"pending_readbacks":0,"queue_len":0,"signal":1,"now_ms":1785598402151},"t":1785598402151}
[page] [gpu-worker][wedge] {"kind":"stall","jobDied":false,"stuckJob":true,"jobAgeMs":1005286,"drainTraps":0,"rescuedWakeups":0,"signal":1298,"engine":{"jobs_submitted":1298,"jobs_started":1298,"jobs_finished":1297,"current_job_start_ms":1785597396866,"last_submit_ms":1785597396866,"last_drain_enter_ms":1785597396866,"last_drain_exit_ms":1785597396794,"device_errors":0,"device_lost":1,"caller_stall_probes":196,"pending_readbacks":0,"queue_len":0,"signal":1298,"now_ms":1785598402152},"t":1785598402152}
[page] [jolt-webgpu] engine.run caller stalled 1006459 ms: {"jobs_submitted":1298,"jobs_started":1298,"jobs_finished":1297,"current_job_start_ms":1785597396866,"last_submit_ms":1785597396866,"last_drain_enter_ms":1785597396866,"last_drain_exit_ms":1785597396794,"device_errors":0,"device_lost":1,"caller_stall_probes":197,"pending_readbacks":0,"queue_len":0,"signal":1298,"now_ms":1785598403325}
[page] [gpu-worker][wedge] {"kind":"stall","jobDied":false,"stuckJob":true,"jobAgeMs":1010351,"drainTraps":0,"rescuedWakeups":0,"signal":1298,"engine":{"jobs_submitted":1298,"jobs_started":1298,"jobs_finished":1297,"current_job_start_ms":1785597396866,"last_submit_ms":1785597396866,"last_drain_enter_ms":1785597396866,"last_drain_exit_ms":1785597396794,"device_errors":0,"device_lost":1,"caller_stall_probes":197,"pending_readbacks":0,"queue_len":0,"signal":1298,"now_ms":1785598407217},"t":1785598407217}
[page] [gpu-worker][wedge] {"kind":"device","drainTraps":0,"rescuedWakeups":0,"signal":1,"engine":{"jobs_submitted":1,"jobs_started":1,"jobs_finished":1,"current_job_start_ms":0,"last_submit_ms":1785597237140,"last_drain_enter_ms":1785598407111,"last_drain_exit_ms":1785598407111,"device_errors":0,"device_lost":1,"caller_stall_probes":0,"pending_readbacks":0,"queue_len":0,"signal":1,"now_ms":1785598407217},"t":1785598407217}
[page] [jolt-webgpu] engine.run caller stalled 1011609 ms: {"jobs_submitted":1298,"jobs_started":1298,"jobs_finished":1297,"current_job_start_ms":1785597396866,"last_submit_ms":1785597396866,"last_drain_enter_ms":1785597396866,"last_drain_exit_ms":1785597396794,"device_errors":0,"device_lost":1,"caller_stall_probes":198,"pending_readbacks":0,"queue_len":0,"signal":1298,"now_ms":1785598408475}
[page] [gpu-worker][wedge] {"kind":"device","drainTraps":0,"rescuedWakeups":0,"signal":1,"engine":{"jobs_submitted":1,"jobs_started":1,"jobs_finished":1,"current_job_start_ms":0,"last_submit_ms":1785597237140,"last_drain_enter_ms":1785598412177,"last_drain_exit_ms":1785598412177,"device_errors":0,"device_lost":1,"caller_stall_probes":0,"pending_readbacks":0,"queue_len":0,"signal":1,"now_ms":1785598412178},"t":1785598412178}
[page] [gpu-worker][wedge] {"kind":"stall","jobDied":false,"stuckJob":true,"jobAgeMs":1015312,"drainTraps":0,"rescuedWakeups":0,"signal":1298,"engine":{"jobs_submitted":1298,"jobs_started":1298,"jobs_finished":1297,"current_job_start_ms":1785597396866,"last_submit_ms":1785597396866,"last_drain_enter_ms":1785597396866,"last_drain_exit_ms":1785597396794,"device_errors":0,"device_lost":1,"caller_stall_probes":198,"pending_readbacks":0,"queue_len":0,"signal":1298,"now_ms":1785598412178},"t":1785598412178}
+ true
+ ps axo rss=,comm=
+ grep -E 'Helper \(GPU\)'
+ sort -rn
+ head -1
++ date +%T
+ awk -v t=11:33:33 '{printf "[rss] %s %.0f MB\n", t, $1/1024}'
+ sleep 15
[page] [jolt-webgpu] engine.run caller stalled 1016752 ms: {"jobs_submitted":1298,"jobs_started":1298,"jobs_finished":1297,"current_job_start_ms":1785597396866,"last_submit_ms":1785597396866,"last_drain_enter_ms":1785597396866,"last_drain_exit_ms":1785597396794,"device_errors":0,"device_lost":1,"caller_stall_probes":199,"pending_readbacks":0,"queue_len":0,"signal":1298,"now_ms":1785598413618}
[page] [gpu-worker][wedge] {"kind":"device","drainTraps":0,"rescuedWakeups":0,"signal":1,"engine":{"jobs_submitted":1,"jobs_started":1,"jobs_finished":1,"current_job_start_ms":0,"last_submit_ms":1785597237140,"last_drain_enter_ms":1785598417202,"last_drain_exit_ms":1785598417202,"device_errors":0,"device_lost":1,"caller_stall_probes":0,"pending_readbacks":0,"queue_len":0,"signal":1,"now_ms":1785598417202},"t":1785598417202}
[page] [gpu-worker][wedge] {"kind":"stall","jobDied":false,"stuckJob":true,"jobAgeMs":1020337,"drainTraps":0,"rescuedWakeups":0,"signal":1298,"engine":{"jobs_submitted":1298,"jobs_started":1298,"jobs_finished":1297,"current_job_start_ms":1785597396866,"last_submit_ms":1785597396866,"last_drain_enter_ms":1785597396866,"last_drain_exit_ms":1785597396794,"device_errors":0,"device_lost":1,"caller_stall_probes":199,"pending_readbacks":0,"queue_len":0,"signal":1298,"now_ms":1785598417203},"t":1785598417203}
Terminated: 15
page.evaluate: Target page, context or browser has been closed
    at run (/Users/andoroid/dev/jolt-wasm-prover/.worktrees/u3b-verify/bench-chain.mjs:98:34)
