[lock] GPU busy (94%), settling (1/30)
+ cd /Users/andoroid/dev/jolt-wasm-prover/.worktrees/u3b-verify
+ export PW_CHANNEL=chrome BENCH_BASE=http://localhost:8247
+ PW_CHANNEL=chrome
+ BENCH_BASE=http://localhost:8247
+ BOTH_OFF='{"minTermsRamRw":1073741824,"minTermsRegsRw":1073741824}'
+ REGS_OFF='{"minTermsRegsRw":1073741824}'
+ BENCH_WEBGPU='{}'
+ node trace-chain.mjs 1111 1 /tmp/v2-trace2-on
[page] Failed to load resource: the server responded with a status of 404 (Not Found)
[page] jolt-wasm-prover build tag 2
[page] [worker] webgpu up: gpu-worker 3ms, device+pipelines 713ms
worker ready (tracing on), sha2-chain loaded
run 1: prove 32.06s (2^22), trace 0.5 MB -> /tmp/v2-trace2-on-r1.json
{"run":1,"iters":1111,"proveSeconds":32.05791499996185,"paddedCycles":4194304,"peakMemory":2385707008,"file":"/tmp/v2-trace2-on-r1.json"}
{"iters":1111,"walls":[32.05791499996185],"prefix":"/tmp/v2-trace2-on"}
+ BENCH_WEBGPU='{"minTermsRegsRw":1073741824}'
+ node trace-chain.mjs 1111 1 /tmp/v2-trace2-regs0
[page] Failed to load resource: the server responded with a status of 404 (Not Found)
[page] jolt-wasm-prover build tag 2
[page] [worker] webgpu up: gpu-worker 4ms, device+pipelines 779ms
worker ready (tracing on), sha2-chain loaded
run 1: prove 30.61s (2^22), trace 0.5 MB -> /tmp/v2-trace2-regs0-r1.json
{"run":1,"iters":1111,"proveSeconds":30.611355000019074,"paddedCycles":4194304,"peakMemory":2603941888,"file":"/tmp/v2-trace2-regs0-r1.json"}
{"iters":1111,"walls":[30.611355000019074],"prefix":"/tmp/v2-trace2-regs0"}
+ BENCH_TRACING=0
+ BENCH_WEBGPU='{}'
+ node bench-chain.mjs 1111 3
[page] jolt-wasm-prover build tag 2
[page] jolt-wasm-prover build tag 2
[page] [worker] webgpu up: gpu-worker 5ms, device+pipelines 1443ms
[page] [worker] webgpu up: gpu-worker 5ms, device+pipelines 1453ms
worker ready, sha2-chain loaded (tracing=false, webgpu={})
{"iters":1111,"run":1,"log2Padded":22,"proofSha256":"456a5012da2e5185a1381c6eff398a2fdf4522ba9068d50f6a8c11b73518cedf","proveSeconds":31.71416500020027,"verifySeconds":0.2983900001049042,"valid":true,"numCycles":3405195,"paddedCycles":4194304,"proofSize":91019,"peakMemory":2431123456,"millerServed":50,"mhz":0.13225333222468613}
iters=1111 run 1: prove 31.71s (2^22 padded, 0.132 MHz), verify 0.30s, valid=true, peak 2319 MB, miller 50
{"iters":1111,"run":2,"log2Padded":22,"proofSha256":"456a5012da2e5185a1381c6eff398a2fdf4522ba9068d50f6a8c11b73518cedf","proveSeconds":30.736924999952315,"verifySeconds":0.31311500000953674,"valid":true,"numCycles":3405195,"paddedCycles":4194304,"proofSize":91019,"peakMemory":2565406720,"millerServed":100,"mhz":0.13645815253173527}
iters=1111 run 2: prove 30.74s (2^22 padded, 0.136 MHz), verify 0.31s, valid=true, peak 2447 MB, miller 100
{"iters":1111,"run":3,"log2Padded":22,"proofSha256":"456a5012da2e5185a1381c6eff398a2fdf4522ba9068d50f6a8c11b73518cedf","proveSeconds":33.002055000066754,"verifySeconds":0.35975999999046326,"valid":true,"numCycles":3405195,"paddedCycles":4194304,"proofSize":91019,"peakMemory":2565406720,"millerServed":150,"mhz":0.12709220683352948}
iters=1111 run 3: prove 33.00s (2^22 padded, 0.127 MHz), verify 0.36s, valid=true, peak 2447 MB, miller 150
{
 "summary": [
  {
   "iters": 1111,
   "log2Padded": 22,
   "runs": [
    31.71,
    30.74,
    33
   ],
   "median": 31.71,
   "medianMhz": 0.132,
   "verifySeconds": 0.2983900001049042,
   "proofSize": 91019
  }
 ]
}
+ BENCH_TRACING=0
+ BENCH_WEBGPU='{"minTermsRamRw":1073741824,"minTermsRegsRw":1073741824}'
+ node bench-chain.mjs 1111 3
[page] jolt-wasm-prover build tag 2
[page] jolt-wasm-prover build tag 2
[page] [worker] webgpu up: gpu-worker 4ms, device+pipelines 1565ms
[page] [worker] webgpu up: gpu-worker 4ms, device+pipelines 1577ms
worker ready, sha2-chain loaded (tracing=false, webgpu={"minTermsRamRw":1073741824,"minTermsRegsRw":1073741824})
{"iters":1111,"run":1,"log2Padded":22,"proofSha256":"456a5012da2e5185a1381c6eff398a2fdf4522ba9068d50f6a8c11b73518cedf","proveSeconds":31.537980000019072,"verifySeconds":0.3348300001621246,"valid":true,"numCycles":3405195,"paddedCycles":4194304,"proofSize":91019,"peakMemory":2515402752,"millerServed":50,"mhz":0.13299215739237147}
iters=1111 run 1: prove 31.54s (2^22 padded, 0.133 MHz), verify 0.33s, valid=true, peak 2399 MB, miller 50
{"iters":1111,"run":2,"log2Padded":22,"proofSha256":"456a5012da2e5185a1381c6eff398a2fdf4522ba9068d50f6a8c11b73518cedf","proveSeconds":28.286765000104904,"verifySeconds":0.32594000005722046,"valid":true,"numCycles":3405195,"paddedCycles":4194304,"proofSize":91019,"peakMemory":2515402752,"millerServed":100,"mhz":0.1482779667446753}
iters=1111 run 2: prove 28.29s (2^22 padded, 0.148 MHz), verify 0.33s, valid=true, peak 2399 MB, miller 100
{"iters":1111,"run":3,"log2Padded":22,"proofSha256":"456a5012da2e5185a1381c6eff398a2fdf4522ba9068d50f6a8c11b73518cedf","proveSeconds":29.81243499994278,"verifySeconds":0.32567000007629393,"valid":true,"numCycles":3405195,"paddedCycles":4194304,"proofSize":91019,"peakMemory":2515402752,"millerServed":150,"mhz":0.14068974909322404}
iters=1111 run 3: prove 29.81s (2^22 padded, 0.141 MHz), verify 0.33s, valid=true, peak 2399 MB, miller 150
{
 "summary": [
  {
   "iters": 1111,
   "log2Padded": 22,
   "runs": [
    31.54,
    28.29,
    29.81
   ],
   "median": 29.81,
   "medianMhz": 0.141,
   "verifySeconds": 0.3348300001621246,
   "proofSize": 91019
  }
 ]
}
+ BENCH_TRACING=0
+ BENCH_WEBGPU='{}'
+ node bench-chain.mjs 278 3
[page] jolt-wasm-prover build tag 2
[page] jolt-wasm-prover build tag 2
[page] [worker] webgpu up: gpu-worker 4ms, device+pipelines 1525ms
[page] [worker] webgpu up: gpu-worker 4ms, device+pipelines 1537ms
worker ready, sha2-chain loaded (tracing=false, webgpu={})
{"iters":278,"run":1,"log2Padded":20,"proofSha256":"8bb733666c0b55e2c548c0bef8c7c69f34322bf745f15d2b2a63673d32264337","proveSeconds":12.940605000019074,"verifySeconds":0.2960900001525879,"valid":true,"numCycles":852883,"paddedCycles":1048576,"proofSize":86687,"peakMemory":951779328,"millerServed":44,"mhz":0.08102990547957027}
iters=278 run 1: prove 12.94s (2^20 padded, 0.081 MHz), verify 0.30s, valid=true, peak 908 MB, miller 44
{"iters":278,"run":2,"log2Padded":20,"proofSha256":"8bb733666c0b55e2c548c0bef8c7c69f34322bf745f15d2b2a63673d32264337","proveSeconds":10.11844000005722,"verifySeconds":0.29427500009536744,"valid":true,"numCycles":852883,"paddedCycles":1048576,"proofSize":86687,"peakMemory":1119617024,"millerServed":88,"mhz":0.10363020386483196}
iters=278 run 2: prove 10.12s (2^20 padded, 0.104 MHz), verify 0.29s, valid=true, peak 1068 MB, miller 88
{"iters":278,"run":3,"log2Padded":20,"proofSha256":"8bb733666c0b55e2c548c0bef8c7c69f34322bf745f15d2b2a63673d32264337","proveSeconds":10.214724999904632,"verifySeconds":0.2856849999427795,"valid":true,"numCycles":852883,"paddedCycles":1048576,"proofSize":86687,"peakMemory":1119617024,"millerServed":132,"mhz":0.10265337539775077}
iters=278 run 3: prove 10.21s (2^20 padded, 0.103 MHz), verify 0.29s, valid=true, peak 1068 MB, miller 132
{
 "summary": [
  {
   "iters": 278,
   "log2Padded": 20,
   "runs": [
    12.94,
    10.12,
    10.21
   ],
   "median": 10.21,
   "medianMhz": 0.103,
   "verifySeconds": 0.2960900001525879,
   "proofSize": 86687
  }
 ]
}
+ BENCH_TRACING=0
+ BENCH_WEBGPU='{"minTermsRamRw":1073741824,"minTermsRegsRw":1073741824}'
+ node bench-chain.mjs 278 3
[page] jolt-wasm-prover build tag 2
[page] jolt-wasm-prover build tag 2
[page] [worker] webgpu up: gpu-worker 4ms, device+pipelines 1618ms
[page] [worker] webgpu up: gpu-worker 3ms, device+pipelines 1628ms
worker ready, sha2-chain loaded (tracing=false, webgpu={"minTermsRamRw":1073741824,"minTermsRegsRw":1073741824})
{"iters":278,"run":1,"log2Padded":20,"proofSha256":"8bb733666c0b55e2c548c0bef8c7c69f34322bf745f15d2b2a63673d32264337","proveSeconds":13.260680000066758,"verifySeconds":0.28904500007629397,"valid":true,"numCycles":852883,"paddedCycles":1048576,"proofSize":86687,"peakMemory":972423168,"millerServed":44,"mhz":0.07907407463227535}
iters=278 run 1: prove 13.26s (2^20 padded, 0.079 MHz), verify 0.29s, valid=true, peak 927 MB, miller 44
{"iters":278,"run":2,"log2Padded":20,"proofSha256":"8bb733666c0b55e2c548c0bef8c7c69f34322bf745f15d2b2a63673d32264337","proveSeconds":10.268860000133515,"verifySeconds":0.28339000010490417,"valid":true,"numCycles":852883,"paddedCycles":1048576,"proofSize":86687,"peakMemory":972423168,"millerServed":88,"mhz":0.10211221109123764}
iters=278 run 2: prove 10.27s (2^20 padded, 0.102 MHz), verify 0.28s, valid=true, peak 927 MB, miller 88
{"iters":278,"run":3,"log2Padded":20,"proofSha256":"8bb733666c0b55e2c548c0bef8c7c69f34322bf745f15d2b2a63673d32264337","proveSeconds":10.189765000104904,"verifySeconds":0.2847900002002716,"valid":true,"numCycles":852883,"paddedCycles":1048576,"proofSize":86687,"peakMemory":972423168,"millerServed":132,"mhz":0.1029048265577474}
iters=278 run 3: prove 10.19s (2^20 padded, 0.103 MHz), verify 0.28s, valid=true, peak 927 MB, miller 132
{
 "summary": [
  {
   "iters": 278,
   "log2Padded": 20,
   "runs": [
    13.26,
    10.27,
    10.19
   ],
   "median": 10.27,
   "medianMhz": 0.102,
   "verifySeconds": 0.28904500007629397,
   "proofSize": 86687
  }
 ]
}
+ BENCH_TRACING=0
+ BENCH_WEBGPU='{}'
+ node bench-chain.mjs 1111 5
[page] jolt-wasm-prover build tag 2
[page] jolt-wasm-prover build tag 2
[page] [worker] webgpu up: gpu-worker 3ms, device+pipelines 1504ms
[page] [worker] webgpu up: gpu-worker 4ms, device+pipelines 1516ms
worker ready, sha2-chain loaded (tracing=false, webgpu={})
{"iters":1111,"run":1,"log2Padded":22,"proofSha256":"456a5012da2e5185a1381c6eff398a2fdf4522ba9068d50f6a8c11b73518cedf","proveSeconds":31.826530000209807,"verifySeconds":0.3285150001049042,"valid":true,"numCycles":3405195,"paddedCycles":4194304,"proofSize":91019,"peakMemory":2431451136,"millerServed":50,"mhz":0.1317864058686998}
iters=1111 run 1: prove 31.83s (2^22 padded, 0.132 MHz), verify 0.33s, valid=true, peak 2319 MB, miller 50
{"iters":1111,"run":2,"log2Padded":22,"proofSha256":"456a5012da2e5185a1381c6eff398a2fdf4522ba9068d50f6a8c11b73518cedf","proveSeconds":30.65394500017166,"verifySeconds":0.32522000002861023,"valid":true,"numCycles":3405195,"paddedCycles":4194304,"proofSize":91019,"peakMemory":2565734400,"millerServed":100,"mhz":0.13682754372973893}
iters=1111 run 2: prove 30.65s (2^22 padded, 0.137 MHz), verify 0.33s, valid=true, peak 2447 MB, miller 100
{"iters":1111,"run":3,"log2Padded":22,"proofSha256":"456a5012da2e5185a1381c6eff398a2fdf4522ba9068d50f6a8c11b73518cedf","proveSeconds":35.51055499982834,"verifySeconds":0.7046749999523163,"valid":true,"numCycles":3405195,"paddedCycles":4194304,"proofSize":91019,"peakMemory":2565734400,"millerServed":150,"mhz":0.118114290244697}
iters=1111 run 3: prove 35.51s (2^22 padded, 0.118 MHz), verify 0.70s, valid=true, peak 2447 MB, miller 150
[page] [jolt-webgpu] device LOST (Unknown): A valid external Instance reference no longer exists.
[page] [jolt-webgpu] device LOST (Unknown): A valid external Instance reference no longer exists.
[page] [jolt-webgpu] read_buffer: WebGPU execution failed: buffer mapping failed: Error occurred when trying to async map a buffer
[page] panicked at /Users/andoroid/dev/jolt/.worktrees/u3b/crates/jolt-kernels/src/webgpu/context.rs:325:17:
[jolt-webgpu] read_buffer: WebGPU execution failed: buffer mapping failed: Error occurred when trying to async map a buffer

Stack:

Error
    at __wbg_new_227d7c05414eb861 (http://localhost:8247/pkg/jolt_wasm_prover.js:807:25)
    at jolt_wasm_prover.wasm.<console_error_panic_hook[b32ec98883b4775b]::Error>::new::__wbg_new_227d7c05414eb861 externref shim (http://localhost:8247/pkg/jolt_wasm_prover_bg.wasm:wasm-function[7699]:0xada655)
    at jolt_wasm_prover.wasm.console_error_panic_hook[b32ec98883b4775b]::hook (http://localhost:8247/pkg/jolt_wasm_prover_bg.wasm:wasm-function[2186]:0x88fe5c)
    at jolt_wasm_prover.wasm.<console_error_panic_hook[b32ec98883b4775b]::hook as core[150b7b1393586f74]::ops::function::Fn<(&std[250caa4097ed3c5d]::panic::PanicHookInfo,)>>::call (http://localhost:8247/pkg/jolt_wasm_prover_bg.wasm:wasm-function[7979]:0xadb461)
    at jolt_wasm_prover.wasm.std[250caa4097ed3c5d]::panicking::panic_with_hook (http://localhost:8247/pkg/jolt_wasm_prover_bg.wasm:wasm-function[5331]:0xa80f55)
    at jolt_wasm_prover.wasm.std[250caa4097ed3c5d]::panicking::panic_handler::{closure#0} (http://localhost:8247/pkg/jolt_wasm_prover_bg.wasm:wasm-function[6763]:0xaca81e)
    at jolt_wasm_prover.wasm.std[250caa4097ed3c5d]::sys::backtrace::__rust_end_short_backtrace::<std[250caa4097ed3c5d]::panicking::panic_handler::{closure#0}, !> (http://localhost:8247/pkg/jolt_wasm_prover_bg.wasm:wasm-function[7895]:0xadb14f)
    at jolt_wasm_prover.wasm.__rustc[7df315d423e9549c]::rust_begin_unwind (http://localhost:8247/pkg/jolt_wasm_prover_bg.wasm:wasm-function[7372]:0xad7e52)
    at jolt_wasm_prover.wasm.core[150b7b1393586f74]::panicking::panic_fmt (http://localhost:8247/pkg/jolt_wasm_prover_bg.wasm:wasm-function[7263]:0xad66aa)
    at jolt_wasm_prover.wasm.<jolt_kernels[871592169d3f2361]::webgpu::context::WebGpuContext>::read_buffer::{closure#0} (http://localhost:8247/pkg/jolt_wasm_prover_bg.wasm:wasm-function[4871]:0xa5e922)


[page] [gpu-worker][wedge] {"kind":"device","drainTraps":0,"rescuedWakeups":0,"signal":1,"engine":{"jobs_submitted":1,"jobs_started":1,"jobs_finished":1,"current_job_start_ms":0,"last_submit_ms":1785593738490,"last_drain_enter_ms":1785593893523,"last_drain_exit_ms":1785593893523,"device_errors":0,"device_lost":1,"caller_stall_probes":0,"pending_readbacks":0,"queue_len":0,"signal":1,"now_ms":1785593893604},"t":1785593893605}
[page] [gpu-worker][wedge] {"kind":"stall","jobDied":false,"stuckJob":true,"jobAgeMs":5228,"drainTraps":0,"rescuedWakeups":0,"signal":1139,"engine":{"jobs_submitted":1139,"jobs_started":1139,"jobs_finished":1138,"current_job_start_ms":1785593888385,"last_submit_ms":1785593888385,"last_drain_enter_ms":1785593888385,"last_drain_exit_ms":1785593888385,"device_errors":0,"device_lost":1,"caller_stall_probes":1,"pending_readbacks":0,"queue_len":0,"signal":1139,"now_ms":1785593893664},"t":1785593893664}
[page] [jolt-webgpu] engine.run caller stalled 5138 ms: {"jobs_submitted":1139,"jobs_started":1139,"jobs_finished":1138,"current_job_start_ms":1785593888385,"last_submit_ms":1785593888385,"last_drain_enter_ms":1785593888385,"last_drain_exit_ms":1785593888385,"device_errors":0,"device_lost":1,"caller_stall_probes":1,"pending_readbacks":0,"queue_len":0,"signal":1139,"now_ms":1785593893523}
[page] [gpu-worker][wedge] {"kind":"device","drainTraps":0,"rescuedWakeups":0,"signal":1,"engine":{"jobs_submitted":1,"jobs_started":1,"jobs_finished":1,"current_job_start_ms":0,"last_submit_ms":1785593738490,"last_drain_enter_ms":1785593898590,"last_drain_exit_ms":1785593898590,"device_errors":0,"device_lost":1,"caller_stall_probes":0,"pending_readbacks":0,"queue_len":0,"signal":1,"now_ms":1785593898590},"t":1785593898590}
[page] [gpu-worker][wedge] {"kind":"stall","jobDied":false,"stuckJob":true,"jobAgeMs":10206,"drainTraps":0,"rescuedWakeups":0,"signal":1139,"engine":{"jobs_submitted":1139,"jobs_started":1139,"jobs_finished":1138,"current_job_start_ms":1785593888385,"last_submit_ms":1785593888385,"last_drain_enter_ms":1785593888385,"last_drain_exit_ms":1785593888385,"device_errors":0,"device_lost":1,"caller_stall_probes":1,"pending_readbacks":0,"queue_len":0,"signal":1139,"now_ms":1785593898591},"t":1785593898591}
[page] [jolt-webgpu] engine.run caller stalled 10441 ms: {"jobs_submitted":1139,"jobs_started":1139,"jobs_finished":1138,"current_job_start_ms":1785593888385,"last_submit_ms":1785593888385,"last_drain_enter_ms":1785593888385,"last_drain_exit_ms":1785593888385,"device_errors":0,"device_lost":1,"caller_stall_probes":2,"pending_readbacks":0,"queue_len":0,"signal":1139,"now_ms":1785593898826}
[page] [gpu-worker][wedge] {"kind":"stall","jobDied":false,"stuckJob":true,"jobAgeMs":15207,"drainTraps":0,"rescuedWakeups":0,"signal":1139,"engine":{"jobs_submitted":1139,"jobs_started":1139,"jobs_finished":1138,"current_job_start_ms":1785593888385,"last_submit_ms":1785593888385,"last_drain_enter_ms":1785593888385,"last_drain_exit_ms":1785593888385,"device_errors":0,"device_lost":1,"caller_stall_probes":2,"pending_readbacks":0,"queue_len":0,"signal":1139,"now_ms":1785593903592},"t":1785593903592}
[page] [gpu-worker][wedge] {"kind":"device","drainTraps":0,"rescuedWakeups":0,"signal":1,"engine":{"jobs_submitted":1,"jobs_started":1,"jobs_finished":1,"current_job_start_ms":0,"last_submit_ms":1785593738490,"last_drain_enter_ms":1785593903593,"last_drain_exit_ms":1785593903593,"device_errors":0,"device_lost":1,"caller_stall_probes":0,"pending_readbacks":0,"queue_len":0,"signal":1,"now_ms":1785593903593},"t":1785593903593}
[page] [jolt-webgpu] engine.run caller stalled 15587 ms: {"jobs_submitted":1139,"jobs_started":1139,"jobs_finished":1138,"current_job_start_ms":1785593888385,"last_submit_ms":1785593888385,"last_drain_enter_ms":1785593888385,"last_drain_exit_ms":1785593888385,"device_errors":0,"device_lost":1,"caller_stall_probes":3,"pending_readbacks":0,"queue_len":0,"signal":1139,"now_ms":1785593903972}
[page] [gpu-worker][wedge] {"kind":"stall","jobDied":false,"stuckJob":true,"jobAgeMs":20156,"drainTraps":0,"rescuedWakeups":0,"signal":1139,"engine":{"jobs_submitted":1139,"jobs_started":1139,"jobs_finished":1138,"current_job_start_ms":1785593888385,"last_submit_ms":1785593888385,"last_drain_enter_ms":1785593888385,"last_drain_exit_ms":1785593888385,"device_errors":0,"device_lost":1,"caller_stall_probes":3,"pending_readbacks":0,"queue_len":0,"signal":1139,"now_ms":1785593908541},"t":1785593908541}
[page] [gpu-worker][wedge] {"kind":"device","drainTraps":0,"rescuedWakeups":0,"signal":1,"engine":{"jobs_submitted":1,"jobs_started":1,"jobs_finished":1,"current_job_start_ms":0,"last_submit_ms":1785593738490,"last_drain_enter_ms":1785593908405,"last_drain_exit_ms":1785593908405,"device_errors":0,"device_lost":1,"caller_stall_probes":0,"pending_readbacks":0,"queue_len":0,"signal":1,"now_ms":1785593908541},"t":1785593908541}
[page] [jolt-webgpu] engine.run caller stalled 20632 ms: {"jobs_submitted":1139,"jobs_started":1139,"jobs_finished":1138,"current_job_start_ms":1785593888385,"last_submit_ms":1785593888385,"last_drain_enter_ms":1785593888385,"last_drain_exit_ms":1785593888385,"device_errors":0,"device_lost":1,"caller_stall_probes":4,"pending_readbacks":0,"queue_len":0,"signal":1139,"now_ms":1785593909017}
[page] [gpu-worker][wedge] {"kind":"stall","jobDied":false,"stuckJob":true,"jobAgeMs":25141,"drainTraps":0,"rescuedWakeups":0,"signal":1139,"engine":{"jobs_submitted":1139,"jobs_started":1139,"jobs_finished":1138,"current_job_start_ms":1785593888385,"last_submit_ms":1785593888385,"last_drain_enter_ms":1785593888385,"last_drain_exit_ms":1785593888385,"device_errors":0,"device_lost":1,"caller_stall_probes":4,"pending_readbacks":0,"queue_len":0,"signal":1139,"now_ms":1785593913526},"t":1785593913526}
[page] [gpu-worker][wedge] {"kind":"device","drainTraps":0,"rescuedWakeups":0,"signal":1,"engine":{"jobs_submitted":1,"jobs_started":1,"jobs_finished":1,"current_job_start_ms":0,"last_submit_ms":1785593738490,"last_drain_enter_ms":1785593913527,"last_drain_exit_ms":1785593913527,"device_errors":0,"device_lost":1,"caller_stall_probes":0,"pending_readbacks":0,"queue_len":0,"signal":1,"now_ms":1785593913527},"t":1785593913527}
[page] [jolt-webgpu] engine.run caller stalled 25721 ms: {"jobs_submitted":1139,"jobs_started":1139,"jobs_finished":1138,"current_job_start_ms":1785593888385,"last_submit_ms":1785593888385,"last_drain_enter_ms":1785593888385,"last_drain_exit_ms":1785593888385,"device_errors":0,"device_lost":1,"caller_stall_probes":5,"pending_readbacks":0,"queue_len":0,"signal":1139,"now_ms":1785593914106}
[page] [gpu-worker][wedge] {"kind":"device","drainTraps":0,"rescuedWakeups":0,"signal":1,"engine":{"jobs_submitted":1,"jobs_started":1,"jobs_finished":1,"current_job_start_ms":0,"last_submit_ms":1785593738490,"last_drain_enter_ms":1785593918487,"last_drain_exit_ms":1785593918487,"device_errors":0,"device_lost":1,"caller_stall_probes":0,"pending_readbacks":0,"queue_len":0,"signal":1,"now_ms":1785593918494},"t":1785593918494}
[page] [gpu-worker][wedge] {"kind":"stall","jobDied":false,"stuckJob":true,"jobAgeMs":30109,"drainTraps":0,"rescuedWakeups":0,"signal":1139,"engine":{"jobs_submitted":1139,"jobs_started":1139,"jobs_finished":1138,"current_job_start_ms":1785593888385,"last_submit_ms":1785593888385,"last_drain_enter_ms":1785593888385,"last_drain_exit_ms":1785593888385,"device_errors":0,"device_lost":1,"caller_stall_probes":5,"pending_readbacks":0,"queue_len":0,"signal":1139,"now_ms":1785593918495},"t":1785593918495}
[page] [jolt-webgpu] engine.run caller stalled 30871 ms: {"jobs_submitted":1139,"jobs_started":1139,"jobs_finished":1138,"current_job_start_ms":1785593888385,"last_submit_ms":1785593888385,"last_drain_enter_ms":1785593888385,"last_drain_exit_ms":1785593888385,"device_errors":0,"device_lost":1,"caller_stall_probes":6,"pending_readbacks":0,"queue_len":0,"signal":1139,"now_ms":1785593919256}
[page] [gpu-worker][wedge] {"kind":"device","drainTraps":0,"rescuedWakeups":0,"signal":1,"engine":{"jobs_submitted":1,"jobs_started":1,"jobs_finished":1,"current_job_start_ms":0,"last_submit_ms":1785593738490,"last_drain_enter_ms":1785593923400,"last_drain_exit_ms":1785593923400,"device_errors":0,"device_lost":1,"caller_stall_probes":0,"pending_readbacks":0,"queue_len":0,"signal":1,"now_ms":1785593923629},"t":1785593923629}
[page] [gpu-worker][wedge] {"kind":"stall","jobDied":false,"stuckJob":true,"jobAgeMs":35245,"drainTraps":0,"rescuedWakeups":0,"signal":1139,"engine":{"jobs_submitted":1139,"jobs_started":1139,"jobs_finished":1138,"current_job_start_ms":1785593888385,"last_submit_ms":1785593888385,"last_drain_enter_ms":1785593888385,"last_drain_exit_ms":1785593888385,"device_errors":0,"device_lost":1,"caller_stall_probes":6,"pending_readbacks":0,"queue_len":0,"signal":1139,"now_ms":1785593923630},"t":1785593923630}
[page] [jolt-webgpu] engine.run caller stalled 36022 ms: {"jobs_submitted":1139,"jobs_started":1139,"jobs_finished":1138,"current_job_start_ms":1785593888385,"last_submit_ms":1785593888385,"last_drain_enter_ms":1785593888385,"last_drain_exit_ms":1785593888385,"device_errors":0,"device_lost":1,"caller_stall_probes":7,"pending_readbacks":0,"queue_len":0,"signal":1139,"now_ms":1785593924407}
[page] [gpu-worker][wedge] {"kind":"device","drainTraps":0,"rescuedWakeups":0,"signal":1,"engine":{"jobs_submitted":1,"jobs_started":1,"jobs_finished":1,"current_job_start_ms":0,"last_submit_ms":1785593738490,"last_drain_enter_ms":1785593928528,"last_drain_exit_ms":1785593928528,"device_errors":0,"device_lost":1,"caller_stall_probes":0,"pending_readbacks":0,"queue_len":0,"signal":1,"now_ms":1785593928528},"t":1785593928528}
[page] [gpu-worker][wedge] {"kind":"stall","jobDied":false,"stuckJob":true,"jobAgeMs":40144,"drainTraps":0,"rescuedWakeups":0,"signal":1139,"engine":{"jobs_submitted":1139,"jobs_started":1139,"jobs_finished":1138,"current_job_start_ms":1785593888385,"last_submit_ms":1785593888385,"last_drain_enter_ms":1785593888385,"last_drain_exit_ms":1785593888385,"device_errors":0,"device_lost":1,"caller_stall_probes":7,"pending_readbacks":0,"queue_len":0,"signal":1139,"now_ms":1785593928529},"t":1785593928529}
[page] [jolt-webgpu] engine.run caller stalled 41146 ms: {"jobs_submitted":1139,"jobs_started":1139,"jobs_finished":1138,"current_job_start_ms":1785593888385,"last_submit_ms":1785593888385,"last_drain_enter_ms":1785593888385,"last_drain_exit_ms":1785593888385,"device_errors":0,"device_lost":1,"caller_stall_probes":8,"pending_readbacks":0,"queue_len":0,"signal":1139,"now_ms":1785593929531}
[page] [gpu-worker][wedge] {"kind":"device","drainTraps":0,"rescuedWakeups":0,"signal":1,"engine":{"jobs_submitted":1,"jobs_started":1,"jobs_finished":1,"current_job_start_ms":0,"last_submit_ms":1785593738490,"last_drain_enter_ms":1785593933450,"last_drain_exit_ms":1785593933450,"device_errors":0,"device_lost":1,"caller_stall_probes":0,"pending_readbacks":0,"queue_len":0,"signal":1,"now_ms":1785593933639},"t":1785593933639}
[page] [gpu-worker][wedge] {"kind":"stall","jobDied":false,"stuckJob":true,"jobAgeMs":45254,"drainTraps":0,"rescuedWakeups":0,"signal":1139,"engine":{"jobs_submitted":1139,"jobs_started":1139,"jobs_finished":1138,"current_job_start_ms":1785593888385,"last_submit_ms":1785593888385,"last_drain_enter_ms":1785593888385,"last_drain_exit_ms":1785593888385,"device_errors":0,"device_lost":1,"caller_stall_probes":8,"pending_readbacks":0,"queue_len":0,"signal":1139,"now_ms":1785593933639},"t":1785593933639}
[page] [jolt-webgpu] engine.run caller stalled 46297 ms: {"jobs_submitted":1139,"jobs_started":1139,"jobs_finished":1138,"current_job_start_ms":1785593888385,"last_submit_ms":1785593888385,"last_drain_enter_ms":1785593888385,"last_drain_exit_ms":1785593888385,"device_errors":0,"device_lost":1,"caller_stall_probes":9,"pending_readbacks":0,"queue_len":0,"signal":1139,"now_ms":1785593934682}
[page] [gpu-worker][wedge] {"kind":"device","drainTraps":0,"rescuedWakeups":0,"signal":1,"engine":{"jobs_submitted":1,"jobs_started":1,"jobs_finished":1,"current_job_start_ms":0,"last_submit_ms":1785593738490,"last_drain_enter_ms":1785593938553,"last_drain_exit_ms":1785593938553,"device_errors":0,"device_lost":1,"caller_stall_probes":0,"pending_readbacks":0,"queue_len":0,"signal":1,"now_ms":1785593938553},"t":1785593938554}
[page] [gpu-worker][wedge] {"kind":"stall","jobDied":false,"stuckJob":true,"jobAgeMs":50169,"drainTraps":0,"rescuedWakeups":0,"signal":1139,"engine":{"jobs_submitted":1139,"jobs_started":1139,"jobs_finished":1138,"current_job_start_ms":1785593888385,"last_submit_ms":1785593888385,"last_drain_enter_ms":1785593888385,"last_drain_exit_ms":1785593888385,"device_errors":0,"device_lost":1,"caller_stall_probes":9,"pending_readbacks":0,"queue_len":0,"signal":1139,"now_ms":1785593938554},"t":1785593938554}
[page] [jolt-webgpu] engine.run caller stalled 51398 ms: {"jobs_submitted":1139,"jobs_started":1139,"jobs_finished":1138,"current_job_start_ms":1785593888385,"last_submit_ms":1785593888385,"last_drain_enter_ms":1785593888385,"last_drain_exit_ms":1785593888385,"device_errors":0,"device_lost":1,"caller_stall_probes":10,"pending_readbacks":0,"queue_len":0,"signal":1139,"now_ms":1785593939783}
[page] [gpu-worker][wedge] {"kind":"device","drainTraps":0,"rescuedWakeups":0,"signal":1,"engine":{"jobs_submitted":1,"jobs_started":1,"jobs_finished":1,"current_job_start_ms":0,"last_submit_ms":1785593738490,"last_drain_enter_ms":1785593943447,"last_drain_exit_ms":1785593943447,"device_errors":0,"device_lost":1,"caller_stall_probes":0,"pending_readbacks":0,"queue_len":0,"signal":1,"now_ms":1785593943614},"t":1785593943614}
[page] [gpu-worker][wedge] {"kind":"stall","jobDied":false,"stuckJob":true,"jobAgeMs":55229,"drainTraps":0,"rescuedWakeups":0,"signal":1139,"engine":{"jobs_submitted":1139,"jobs_started":1139,"jobs_finished":1138,"current_job_start_ms":1785593888385,"last_submit_ms":1785593888385,"last_drain_enter_ms":1785593888385,"last_drain_exit_ms":1785593888385,"device_errors":0,"device_lost":1,"caller_stall_probes":10,"pending_readbacks":0,"queue_len":0,"signal":1139,"now_ms":1785593943614},"t":1785593943614}
[page] [jolt-webgpu] engine.run caller stalled 56545 ms: {"jobs_submitted":1139,"jobs_started":1139,"jobs_finished":1138,"current_job_start_ms":1785593888385,"last_submit_ms":1785593888385,"last_drain_enter_ms":1785593888385,"last_drain_exit_ms":1785593888385,"device_errors":0,"device_lost":1,"caller_stall_probes":11,"pending_readbacks":0,"queue_len":0,"signal":1139,"now_ms":1785593944930}
[page] [gpu-worker][wedge] {"kind":"device","drainTraps":0,"rescuedWakeups":0,"signal":1,"engine":{"jobs_submitted":1,"jobs_started":1,"jobs_finished":1,"current_job_start_ms":0,"last_submit_ms":1785593738490,"last_drain_enter_ms":1785593948539,"last_drain_exit_ms":1785593948539,"device_errors":0,"device_lost":1,"caller_stall_probes":0,"pending_readbacks":0,"queue_len":0,"signal":1,"now_ms":1785593948539},"t":1785593948539}
[page] [gpu-worker][wedge] {"kind":"stall","jobDied":false,"stuckJob":true,"jobAgeMs":60155,"drainTraps":0,"rescuedWakeups":0,"signal":1139,"engine":{"jobs_submitted":1139,"jobs_started":1139,"jobs_finished":1138,"current_job_start_ms":1785593888385,"last_submit_ms":1785593888385,"last_drain_enter_ms":1785593888385,"last_drain_exit_ms":1785593888385,"device_errors":0,"device_lost":1,"caller_stall_probes":11,"pending_readbacks":0,"queue_len":0,"signal":1139,"now_ms":1785593948540},"t":1785593948540}
[page] [jolt-webgpu] engine.run caller stalled 61592 ms: {"jobs_submitted":1139,"jobs_started":1139,"jobs_finished":1138,"current_job_start_ms":1785593888385,"last_submit_ms":1785593888385,"last_drain_enter_ms":1785593888385,"last_drain_exit_ms":1785593888385,"device_errors":0,"device_lost":1,"caller_stall_probes":12,"pending_readbacks":0,"queue_len":0,"signal":1139,"now_ms":1785593949977}
[page] [gpu-worker][wedge] {"kind":"device","drainTraps":0,"rescuedWakeups":0,"signal":1,"engine":{"jobs_submitted":1,"jobs_started":1,"jobs_finished":1,"current_job_start_ms":0,"last_submit_ms":1785593738490,"last_drain_enter_ms":1785593953434,"last_drain_exit_ms":1785593953434,"device_errors":0,"device_lost":1,"caller_stall_probes":0,"pending_readbacks":0,"queue_len":0,"signal":1,"now_ms":1785593953527},"t":1785593953527}
[page] [gpu-worker][wedge] {"kind":"stall","jobDied":false,"stuckJob":true,"jobAgeMs":65142,"drainTraps":0,"rescuedWakeups":0,"signal":1139,"engine":{"jobs_submitted":1139,"jobs_started":1139,"jobs_finished":1138,"current_job_start_ms":1785593888385,"last_submit_ms":1785593888385,"last_drain_enter_ms":1785593888385,"last_drain_exit_ms":1785593888385,"device_errors":0,"device_lost":1,"caller_stall_probes":12,"pending_readbacks":0,"queue_len":0,"signal":1139,"now_ms":1785593953527},"t":1785593953527}
[page] [jolt-webgpu] engine.run caller stalled 66706 ms: {"jobs_submitted":1139,"jobs_started":1139,"jobs_finished":1138,"current_job_start_ms":1785593888385,"last_submit_ms":1785593888385,"last_drain_enter_ms":1785593888385,"last_drain_exit_ms":1785593888385,"device_errors":0,"device_lost":1,"caller_stall_probes":13,"pending_readbacks":0,"queue_len":0,"signal":1139,"now_ms":1785593955091}
[page] [gpu-worker][wedge] {"kind":"device","drainTraps":0,"rescuedWakeups":0,"signal":1,"engine":{"jobs_submitted":1,"jobs_started":1,"jobs_finished":1,"current_job_start_ms":0,"last_submit_ms":1785593738490,"last_drain_enter_ms":1785593958503,"last_drain_exit_ms":1785593958503,"device_errors":0,"device_lost":1,"caller_stall_probes":0,"pending_readbacks":0,"queue_len":0,"signal":1,"now_ms":1785593958503},"t":1785593958503}
[page] [gpu-worker][wedge] {"kind":"stall","jobDied":false,"stuckJob":true,"jobAgeMs":70119,"drainTraps":0,"rescuedWakeups":0,"signal":1139,"engine":{"jobs_submitted":1139,"jobs_started":1139,"jobs_finished":1138,"current_job_start_ms":1785593888385,"last_submit_ms":1785593888385,"last_drain_enter_ms":1785593888385,"last_drain_exit_ms":1785593888385,"device_errors":0,"device_lost":1,"caller_stall_probes":13,"pending_readbacks":0,"queue_len":0,"signal":1139,"now_ms":1785593958504},"t":1785593958504}
[page] [jolt-webgpu] engine.run caller stalled 71742 ms: {"jobs_submitted":1139,"jobs_started":1139,"jobs_finished":1138,"current_job_start_ms":1785593888385,"last_submit_ms":1785593888385,"last_drain_enter_ms":1785593888385,"last_drain_exit_ms":1785593888385,"device_errors":0,"device_lost":1,"caller_stall_probes":14,"pending_readbacks":0,"queue_len":0,"signal":1139,"now_ms":1785593960127}
[page] [gpu-worker][wedge] {"kind":"device","drainTraps":0,"rescuedWakeups":0,"signal":1,"engine":{"jobs_submitted":1,"jobs_started":1,"jobs_finished":1,"current_job_start_ms":0,"last_submit_ms":1785593738490,"last_drain_enter_ms":1785593963483,"last_drain_exit_ms":1785593963483,"device_errors":0,"device_lost":1,"caller_stall_probes":0,"pending_readbacks":0,"queue_len":0,"signal":1,"now_ms":1785593963547},"t":1785593963547}
[page] [gpu-worker][wedge] {"kind":"stall","jobDied":false,"stuckJob":true,"jobAgeMs":75163,"drainTraps":0,"rescuedWakeups":0,"signal":1139,"engine":{"jobs_submitted":1139,"jobs_started":1139,"jobs_finished":1138,"current_job_start_ms":1785593888385,"last_submit_ms":1785593888385,"last_drain_enter_ms":1785593888385,"last_drain_exit_ms":1785593888385,"device_errors":0,"device_lost":1,"caller_stall_probes":14,"pending_readbacks":0,"queue_len":0,"signal":1139,"now_ms":1785593963548},"t":1785593963548}
[page] [jolt-webgpu] engine.run caller stalled 76856 ms: {"jobs_submitted":1139,"jobs_started":1139,"jobs_finished":1138,"current_job_start_ms":1785593888385,"last_submit_ms":1785593888385,"last_drain_enter_ms":1785593888385,"last_drain_exit_ms":1785593888385,"device_errors":0,"device_lost":1,"caller_stall_probes":15,"pending_readbacks":0,"queue_len":0,"signal":1139,"now_ms":1785593965241}
[page] [gpu-worker][wedge] {"kind":"device","drainTraps":0,"rescuedWakeups":0,"signal":1,"engine":{"jobs_submitted":1,"jobs_started":1,"jobs_finished":1,"current_job_start_ms":0,"last_submit_ms":1785593738490,"last_drain_enter_ms":1785593968450,"last_drain_exit_ms":1785593968450,"device_errors":0,"device_lost":1,"caller_stall_probes":0,"pending_readbacks":0,"queue_len":0,"signal":1,"now_ms":1785593968612},"t":1785593968612}
[page] [gpu-worker][wedge] {"kind":"stall","jobDied":false,"stuckJob":true,"jobAgeMs":80227,"drainTraps":0,"rescuedWakeups":0,"signal":1139,"engine":{"jobs_submitted":1139,"jobs_started":1139,"jobs_finished":1138,"current_job_start_ms":1785593888385,"last_submit_ms":1785593888385,"last_drain_enter_ms":1785593888385,"last_drain_exit_ms":1785593888385,"device_errors":0,"device_lost":1,"caller_stall_probes":15,"pending_readbacks":0,"queue_len":0,"signal":1139,"now_ms":1785593968612},"t":1785593968612}
[page] [jolt-webgpu] engine.run caller stalled 82004 ms: {"jobs_submitted":1139,"jobs_started":1139,"jobs_finished":1138,"current_job_start_ms":1785593888385,"last_submit_ms":1785593888385,"last_drain_enter_ms":1785593888385,"last_drain_exit_ms":1785593888385,"device_errors":0,"device_lost":1,"caller_stall_probes":16,"pending_readbacks":0,"queue_len":0,"signal":1139,"now_ms":1785593970389}
[page] [gpu-worker][wedge] {"kind":"device","drainTraps":0,"rescuedWakeups":0,"signal":1,"engine":{"jobs_submitted":1,"jobs_started":1,"jobs_finished":1,"current_job_start_ms":0,"last_submit_ms":1785593738490,"last_drain_enter_ms":1785593973407,"last_drain_exit_ms":1785593973407,"device_errors":0,"device_lost":1,"caller_stall_probes":0,"pending_readbacks":0,"queue_len":0,"signal":1,"now_ms":1785593973514},"t":1785593973514}
[page] [gpu-worker][wedge] {"kind":"stall","jobDied":false,"stuckJob":true,"jobAgeMs":85130,"drainTraps":0,"rescuedWakeups":0,"signal":1139,"engine":{"jobs_submitted":1139,"jobs_started":1139,"jobs_finished":1138,"current_job_start_ms":1785593888385,"last_submit_ms":1785593888385,"last_drain_enter_ms":1785593888385,"last_drain_exit_ms":1785593888385,"device_errors":0,"device_lost":1,"caller_stall_probes":16,"pending_readbacks":0,"queue_len":0,"signal":1139,"now_ms":1785593973515},"t":1785593973515}
[page] [jolt-webgpu] engine.run caller stalled 87008 ms: {"jobs_submitted":1139,"jobs_started":1139,"jobs_finished":1138,"current_job_start_ms":1785593888385,"last_submit_ms":1785593888385,"last_drain_enter_ms":1785593888385,"last_drain_exit_ms":1785593888385,"device_errors":0,"device_lost":1,"caller_stall_probes":17,"pending_readbacks":0,"queue_len":0,"signal":1139,"now_ms":1785593975393}
[page] [gpu-worker][wedge] {"kind":"device","drainTraps":0,"rescuedWakeups":0,"signal":1,"engine":{"jobs_submitted":1,"jobs_started":1,"jobs_finished":1,"current_job_start_ms":0,"last_submit_ms":1785593738490,"last_drain_enter_ms":1785593978493,"last_drain_exit_ms":1785593978493,"device_errors":0,"device_lost":1,"caller_stall_probes":0,"pending_readbacks":0,"queue_len":0,"signal":1,"now_ms":1785593978494},"t":1785593978494}
[page] [gpu-worker][wedge] {"kind":"stall","jobDied":false,"stuckJob":true,"jobAgeMs":90108,"drainTraps":0,"rescuedWakeups":0,"signal":1139,"engine":{"jobs_submitted":1139,"jobs_started":1139,"jobs_finished":1138,"current_job_start_ms":1785593888385,"last_submit_ms":1785593888385,"last_drain_enter_ms":1785593888385,"last_drain_exit_ms":1785593888385,"device_errors":0,"device_lost":1,"caller_stall_probes":17,"pending_readbacks":0,"queue_len":0,"signal":1139,"now_ms":1785593978494},"t":1785593978494}
[page] [jolt-webgpu] engine.run caller stalled 92131 ms: {"jobs_submitted":1139,"jobs_started":1139,"jobs_finished":1138,"current_job_start_ms":1785593888385,"last_submit_ms":1785593888385,"last_drain_enter_ms":1785593888385,"last_drain_exit_ms":1785593888385,"device_errors":0,"device_lost":1,"caller_stall_probes":18,"pending_readbacks":0,"queue_len":0,"signal":1139,"now_ms":1785593980516}
[page] [gpu-worker][wedge] {"kind":"device","drainTraps":0,"rescuedWakeups":0,"signal":1,"engine":{"jobs_submitted":1,"jobs_started":1,"jobs_finished":1,"current_job_start_ms":0,"last_submit_ms":1785593738490,"last_drain_enter_ms":1785593983414,"last_drain_exit_ms":1785593983414,"device_errors":0,"device_lost":1,"caller_stall_probes":0,"pending_readbacks":0,"queue_len":0,"signal":1,"now_ms":1785593983637},"t":1785593983637}
[page] [gpu-worker][wedge] {"kind":"stall","jobDied":false,"stuckJob":true,"jobAgeMs":95252,"drainTraps":0,"rescuedWakeups":0,"signal":1139,"engine":{"jobs_submitted":1139,"jobs_started":1139,"jobs_finished":1138,"current_job_start_ms":1785593888385,"last_submit_ms":1785593888385,"last_drain_enter_ms":1785593888385,"last_drain_exit_ms":1785593888385,"device_errors":0,"device_lost":1,"caller_stall_probes":18,"pending_readbacks":0,"queue_len":0,"signal":1139,"now_ms":1785593983637},"t":1785593983637}
[page] [jolt-webgpu] engine.run caller stalled 97208 ms: {"jobs_submitted":1139,"jobs_started":1139,"jobs_finished":1138,"current_job_start_ms":1785593888385,"last_submit_ms":1785593888385,"last_drain_enter_ms":1785593888385,"last_drain_exit_ms":1785593888385,"device_errors":0,"device_lost":1,"caller_stall_probes":19,"pending_readbacks":0,"queue_len":0,"signal":1139,"now_ms":1785593985593}
[page] [gpu-worker][wedge] {"kind":"stall","jobDied":false,"stuckJob":true,"jobAgeMs":100245,"drainTraps":0,"rescuedWakeups":0,"signal":1139,"engine":{"jobs_submitted":1139,"jobs_started":1139,"jobs_finished":1138,"current_job_start_ms":1785593888385,"last_submit_ms":1785593888385,"last_drain_enter_ms":1785593888385,"last_drain_exit_ms":1785593888385,"device_errors":0,"device_lost":1,"caller_stall_probes":19,"pending_readbacks":0,"queue_len":0,"signal":1139,"now_ms":1785593988630},"t":1785593988631}
[page] [gpu-worker][wedge] {"kind":"device","drainTraps":0,"rescuedWakeups":0,"signal":1,"engine":{"jobs_submitted":1,"jobs_started":1,"jobs_finished":1,"current_job_start_ms":0,"last_submit_ms":1785593738490,"last_drain_enter_ms":1785593988432,"last_drain_exit_ms":1785593988432,"device_errors":0,"device_lost":1,"caller_stall_probes":0,"pending_readbacks":0,"queue_len":0,"signal":1,"now_ms":1785593988630},"t":1785593988631}
[page] [jolt-webgpu] engine.run caller stalled 102288 ms: {"jobs_submitted":1139,"jobs_started":1139,"jobs_finished":1138,"current_job_start_ms":1785593888385,"last_submit_ms":1785593888385,"last_drain_enter_ms":1785593888385,"last_drain_exit_ms":1785593888385,"device_errors":0,"device_lost":1,"caller_stall_probes":20,"pending_readbacks":0,"queue_len":0,"signal":1139,"now_ms":1785593990673}
[page] [gpu-worker][wedge] {"kind":"stall","jobDied":false,"stuckJob":true,"jobAgeMs":105117,"drainTraps":0,"rescuedWakeups":0,"signal":1139,"engine":{"jobs_submitted":1139,"jobs_started":1139,"jobs_finished":1138,"current_job_start_ms":1785593888385,"last_submit_ms":1785593888385,"last_drain_enter_ms":1785593888385,"last_drain_exit_ms":1785593888385,"device_errors":0,"device_lost":1,"caller_stall_probes":20,"pending_readbacks":0,"queue_len":0,"signal":1139,"now_ms":1785593993502},"t":1785593993502}
[page] [gpu-worker][wedge] {"kind":"device","drainTraps":0,"rescuedWakeups":0,"signal":1,"engine":{"jobs_submitted":1,"jobs_started":1,"jobs_finished":1,"current_job_start_ms":0,"last_submit_ms":1785593738490,"last_drain_enter_ms":1785593993426,"last_drain_exit_ms":1785593993426,"device_errors":0,"device_lost":1,"caller_stall_probes":0,"pending_readbacks":0,"queue_len":0,"signal":1,"now_ms":1785593993503},"t":1785593993503}
[page] [jolt-webgpu] engine.run caller stalled 107399 ms: {"jobs_submitted":1139,"jobs_started":1139,"jobs_finished":1138,"current_job_start_ms":1785593888385,"last_submit_ms":1785593888385,"last_drain_enter_ms":1785593888385,"last_drain_exit_ms":1785593888385,"device_errors":0,"device_lost":1,"caller_stall_probes":21,"pending_readbacks":0,"queue_len":0,"signal":1139,"now_ms":1785593995784}
[page] [gpu-worker][wedge] {"kind":"device","drainTraps":0,"rescuedWakeups":0,"signal":1,"engine":{"jobs_submitted":1,"jobs_started":1,"jobs_finished":1,"current_job_start_ms":0,"last_submit_ms":1785593738490,"last_drain_enter_ms":1785593998491,"last_drain_exit_ms":1785593998491,"device_errors":0,"device_lost":1,"caller_stall_probes":0,"pending_readbacks":0,"queue_len":0,"signal":1,"now_ms":1785593998491},"t":1785593998491}
[page] [gpu-worker][wedge] {"kind":"stall","jobDied":false,"stuckJob":true,"jobAgeMs":110107,"drainTraps":0,"rescuedWakeups":0,"signal":1139,"engine":{"jobs_submitted":1139,"jobs_started":1139,"jobs_finished":1138,"current_job_start_ms":1785593888385,"last_submit_ms":1785593888385,"last_drain_enter_ms":1785593888385,"last_drain_exit_ms":1785593888385,"device_errors":0,"device_lost":1,"caller_stall_probes":21,"pending_readbacks":0,"queue_len":0,"signal":1139,"now_ms":1785593998492},"t":1785593998492}
[page] [jolt-webgpu] engine.run caller stalled 112484 ms: {"jobs_submitted":1139,"jobs_started":1139,"jobs_finished":1138,"current_job_start_ms":1785593888385,"last_submit_ms":1785593888385,"last_drain_enter_ms":1785593888385,"last_drain_exit_ms":1785593888385,"device_errors":0,"device_lost":1,"caller_stall_probes":22,"pending_readbacks":0,"queue_len":0,"signal":1139,"now_ms":1785594000869}
[page] [gpu-worker][wedge] {"kind":"device","drainTraps":0,"rescuedWakeups":0,"signal":1,"engine":{"jobs_submitted":1,"jobs_started":1,"jobs_finished":1,"current_job_start_ms":0,"last_submit_ms":1785593738490,"last_drain_enter_ms":1785594003532,"last_drain_exit_ms":1785594003532,"device_errors":0,"device_lost":1,"caller_stall_probes":0,"pending_readbacks":0,"queue_len":0,"signal":1,"now_ms":1785594003532},"t":1785594003532}
[page] [gpu-worker][wedge] {"kind":"stall","jobDied":false,"stuckJob":true,"jobAgeMs":115147,"drainTraps":0,"rescuedWakeups":0,"signal":1139,"engine":{"jobs_submitted":1139,"jobs_started":1139,"jobs_finished":1138,"current_job_start_ms":1785593888385,"last_submit_ms":1785593888385,"last_drain_enter_ms":1785593888385,"last_drain_exit_ms":1785593888385,"device_errors":0,"device_lost":1,"caller_stall_probes":22,"pending_readbacks":0,"queue_len":0,"signal":1139,"now_ms":1785594003532},"t":1785594003532}
[page] [jolt-webgpu] engine.run caller stalled 117629 ms: {"jobs_submitted":1139,"jobs_started":1139,"jobs_finished":1138,"current_job_start_ms":1785593888385,"last_submit_ms":1785593888385,"last_drain_enter_ms":1785593888385,"last_drain_exit_ms":1785593888385,"device_errors":0,"device_lost":1,"caller_stall_probes":23,"pending_readbacks":0,"queue_len":0,"signal":1139,"now_ms":1785594006014}
[page] [gpu-worker][wedge] {"kind":"device","drainTraps":0,"rescuedWakeups":0,"signal":1,"engine":{"jobs_submitted":1,"jobs_started":1,"jobs_finished":1,"current_job_start_ms":0,"last_submit_ms":1785593738490,"last_drain_enter_ms":1785594008407,"last_drain_exit_ms":1785594008407,"device_errors":0,"device_lost":1,"caller_stall_probes":0,"pending_readbacks":0,"queue_len":0,"signal":1,"now_ms":1785594008639},"t":1785594008639}
[page] [gpu-worker][wedge] {"kind":"stall","jobDied":false,"stuckJob":true,"jobAgeMs":120255,"drainTraps":0,"rescuedWakeups":0,"signal":1139,"engine":{"jobs_submitted":1139,"jobs_started":1139,"jobs_finished":1138,"current_job_start_ms":1785593888385,"last_submit_ms":1785593888385,"last_drain_enter_ms":1785593888385,"last_drain_exit_ms":1785593888385,"device_errors":0,"device_lost":1,"caller_stall_probes":23,"pending_readbacks":0,"queue_len":0,"signal":1139,"now_ms":1785594008640},"t":1785594008640}
[page] [jolt-webgpu] engine.run caller stalled 122698 ms: {"jobs_submitted":1139,"jobs_started":1139,"jobs_finished":1138,"current_job_start_ms":1785593888385,"last_submit_ms":1785593888385,"last_drain_enter_ms":1785593888385,"last_drain_exit_ms":1785593888385,"device_errors":0,"device_lost":1,"caller_stall_probes":24,"pending_readbacks":0,"queue_len":0,"signal":1139,"now_ms":1785594011083}
[page] [gpu-worker][wedge] {"kind":"device","drainTraps":0,"rescuedWakeups":0,"signal":1,"engine":{"jobs_submitted":1,"jobs_started":1,"jobs_finished":1,"current_job_start_ms":0,"last_submit_ms":1785593738490,"last_drain_enter_ms":1785594013397,"last_drain_exit_ms":1785594013397,"device_errors":0,"device_lost":1,"caller_stall_probes":0,"pending_readbacks":0,"queue_len":0,"signal":1,"now_ms":1785594013501},"t":1785594013501}
[page] [gpu-worker][wedge] {"kind":"stall","jobDied":false,"stuckJob":true,"jobAgeMs":125116,"drainTraps":0,"rescuedWakeups":0,"signal":1139,"engine":{"jobs_submitted":1139,"jobs_started":1139,"jobs_finished":1138,"current_job_start_ms":1785593888385,"last_submit_ms":1785593888385,"last_drain_enter_ms":1785593888385,"last_drain_exit_ms":1785593888385,"device_errors":0,"device_lost":1,"caller_stall_probes":24,"pending_readbacks":0,"queue_len":0,"signal":1139,"now_ms":1785594013501},"t":1785594013501}
[page] [jolt-webgpu] engine.run caller stalled 127827 ms: {"jobs_submitted":1139,"jobs_started":1139,"jobs_finished":1138,"current_job_start_ms":1785593888385,"last_submit_ms":1785593888385,"last_drain_enter_ms":1785593888385,"last_drain_exit_ms":1785593888385,"device_errors":0,"device_lost":1,"caller_stall_probes":25,"pending_readbacks":0,"queue_len":0,"signal":1139,"now_ms":1785594016212}
[page] [gpu-worker][wedge] {"kind":"device","drainTraps":0,"rescuedWakeups":0,"signal":1,"engine":{"jobs_submitted":1,"jobs_started":1,"jobs_finished":1,"current_job_start_ms":0,"last_submit_ms":1785593738490,"last_drain_enter_ms":1785594018405,"last_drain_exit_ms":1785594018405,"device_errors":0,"device_lost":1,"caller_stall_probes":0,"pending_readbacks":0,"queue_len":0,"signal":1,"now_ms":1785594018639},"t":1785594018639}
[page] [gpu-worker][wedge] {"kind":"stall","jobDied":false,"stuckJob":true,"jobAgeMs":130254,"drainTraps":0,"rescuedWakeups":0,"signal":1139,"engine":{"jobs_submitted":1139,"jobs_started":1139,"jobs_finished":1138,"current_job_start_ms":1785593888385,"last_submit_ms":1785593888385,"last_drain_enter_ms":1785593888385,"last_drain_exit_ms":1785593888385,"device_errors":0,"device_lost":1,"caller_stall_probes":25,"pending_readbacks":0,"queue_len":0,"signal":1139,"now_ms":1785594018639},"t":1785594018639}
[page] [jolt-webgpu] engine.run caller stalled 132903 ms: {"jobs_submitted":1139,"jobs_started":1139,"jobs_finished":1138,"current_job_start_ms":1785593888385,"last_submit_ms":1785593888385,"last_drain_enter_ms":1785593888385,"last_drain_exit_ms":1785593888385,"device_errors":0,"device_lost":1,"caller_stall_probes":26,"pending_readbacks":0,"queue_len":0,"signal":1139,"now_ms":1785594021288}
[page] [gpu-worker][wedge] {"kind":"stall","jobDied":false,"stuckJob":true,"jobAgeMs":135147,"drainTraps":0,"rescuedWakeups":0,"signal":1139,"engine":{"jobs_submitted":1139,"jobs_started":1139,"jobs_finished":1138,"current_job_start_ms":1785593888385,"last_submit_ms":1785593888385,"last_drain_enter_ms":1785593888385,"last_drain_exit_ms":1785593888385,"device_errors":0,"device_lost":1,"caller_stall_probes":26,"pending_readbacks":0,"queue_len":0,"signal":1139,"now_ms":1785594023532},"t":1785594023532}
[page] [gpu-worker][wedge] {"kind":"device","drainTraps":0,"rescuedWakeups":0,"signal":1,"engine":{"jobs_submitted":1,"jobs_started":1,"jobs_finished":1,"current_job_start_ms":0,"last_submit_ms":1785593738490,"last_drain_enter_ms":1785594023417,"last_drain_exit_ms":1785594023417,"device_errors":0,"device_lost":1,"caller_stall_probes":0,"pending_readbacks":0,"queue_len":0,"signal":1,"now_ms":1785594023532},"t":1785594023533}
[page] [jolt-webgpu] engine.run caller stalled 137910 ms: {"jobs_submitted":1139,"jobs_started":1139,"jobs_finished":1138,"current_job_start_ms":1785593888385,"last_submit_ms":1785593888385,"last_drain_enter_ms":1785593888385,"last_drain_exit_ms":1785593888385,"device_errors":0,"device_lost":1,"caller_stall_probes":27,"pending_readbacks":0,"queue_len":0,"signal":1139,"now_ms":1785594026295}
[page] [gpu-worker][wedge] {"kind":"device","drainTraps":0,"rescuedWakeups":0,"signal":1,"engine":{"jobs_submitted":1,"jobs_started":1,"jobs_finished":1,"current_job_start_ms":0,"last_submit_ms":1785593738490,"last_drain_enter_ms":1785594028528,"last_drain_exit_ms":1785594028528,"device_errors":0,"device_lost":1,"caller_stall_probes":0,"pending_readbacks":0,"queue_len":0,"signal":1,"now_ms":1785594028528},"t":1785594028528}
[page] [gpu-worker][wedge] {"kind":"stall","jobDied":false,"stuckJob":true,"jobAgeMs":140143,"drainTraps":0,"rescuedWakeups":0,"signal":1139,"engine":{"jobs_submitted":1139,"jobs_started":1139,"jobs_finished":1138,"current_job_start_ms":1785593888385,"last_submit_ms":1785593888385,"last_drain_enter_ms":1785593888385,"last_drain_exit_ms":1785593888385,"device_errors":0,"device_lost":1,"caller_stall_probes":27,"pending_readbacks":0,"queue_len":0,"signal":1139,"now_ms":1785594028528},"t":1785594028528}
[page] [jolt-webgpu] engine.run caller stalled 143020 ms: {"jobs_submitted":1139,"jobs_started":1139,"jobs_finished":1138,"current_job_start_ms":1785593888385,"last_submit_ms":1785593888385,"last_drain_enter_ms":1785593888385,"last_drain_exit_ms":1785593888385,"device_errors":0,"device_lost":1,"caller_stall_probes":28,"pending_readbacks":0,"queue_len":0,"signal":1139,"now_ms":1785594031405}
[page] [gpu-worker][wedge] {"kind":"stall","jobDied":false,"stuckJob":true,"jobAgeMs":145165,"drainTraps":0,"rescuedWakeups":0,"signal":1139,"engine":{"jobs_submitted":1139,"jobs_started":1139,"jobs_finished":1138,"current_job_start_ms":1785593888385,"last_submit_ms":1785593888385,"last_drain_enter_ms":1785593888385,"last_drain_exit_ms":1785593888385,"device_errors":0,"device_lost":1,"caller_stall_probes":28,"pending_readbacks":0,"queue_len":0,"signal":1139,"now_ms":1785594033550},"t":1785594033550}
[page] [gpu-worker][wedge] {"kind":"device","drainTraps":0,"rescuedWakeups":0,"signal":1,"engine":{"jobs_submitted":1,"jobs_started":1,"jobs_finished":1,"current_job_start_ms":0,"last_submit_ms":1785593738490,"last_drain_enter_ms":1785594033420,"last_drain_exit_ms":1785594033420,"device_errors":0,"device_lost":1,"caller_stall_probes":0,"pending_readbacks":0,"queue_len":0,"signal":1,"now_ms":1785594033550},"t":1785594033550}
[page] [jolt-webgpu] engine.run caller stalled 148060 ms: {"jobs_submitted":1139,"jobs_started":1139,"jobs_finished":1138,"current_job_start_ms":1785593888385,"last_submit_ms":1785593888385,"last_drain_enter_ms":1785593888385,"last_drain_exit_ms":1785593888385,"device_errors":0,"device_lost":1,"caller_stall_probes":29,"pending_readbacks":0,"queue_len":0,"signal":1139,"now_ms":1785594036445}
[page] [gpu-worker][wedge] {"kind":"device","drainTraps":0,"rescuedWakeups":0,"signal":1,"engine":{"jobs_submitted":1,"jobs_started":1,"jobs_finished":1,"current_job_start_ms":0,"last_submit_ms":1785593738490,"last_drain_enter_ms":1785594038532,"last_drain_exit_ms":1785594038532,"device_errors":0,"device_lost":1,"caller_stall_probes":0,"pending_readbacks":0,"queue_len":0,"signal":1,"now_ms":1785594038532},"t":1785594038532}
[page] [gpu-worker][wedge] {"kind":"stall","jobDied":false,"stuckJob":true,"jobAgeMs":150147,"drainTraps":0,"rescuedWakeups":0,"signal":1139,"engine":{"jobs_submitted":1139,"jobs_started":1139,"jobs_finished":1138,"current_job_start_ms":1785593888385,"last_submit_ms":1785593888385,"last_drain_enter_ms":1785593888385,"last_drain_exit_ms":1785593888385,"device_errors":0,"device_lost":1,"caller_stall_probes":29,"pending_readbacks":0,"queue_len":0,"signal":1139,"now_ms":1785594038532},"t":1785594038532}
[page] [jolt-webgpu] engine.run caller stalled 153202 ms: {"jobs_submitted":1139,"jobs_started":1139,"jobs_finished":1138,"current_job_start_ms":1785593888385,"last_submit_ms":1785593888385,"last_drain_enter_ms":1785593888385,"last_drain_exit_ms":1785593888385,"device_errors":0,"device_lost":1,"caller_stall_probes":30,"pending_readbacks":0,"queue_len":0,"signal":1139,"now_ms":1785594041587}
[page] [gpu-worker][wedge] {"kind":"device","drainTraps":0,"rescuedWakeups":0,"signal":1,"engine":{"jobs_submitted":1,"jobs_started":1,"jobs_finished":1,"current_job_start_ms":0,"last_submit_ms":1785593738490,"last_drain_enter_ms":1785594043472,"last_drain_exit_ms":1785594043472,"device_errors":0,"device_lost":1,"caller_stall_probes":0,"pending_readbacks":0,"queue_len":0,"signal":1,"now_ms":1785594043607},"t":1785594043607}
[page] [gpu-worker][wedge] {"kind":"stall","jobDied":false,"stuckJob":true,"jobAgeMs":155223,"drainTraps":0,"rescuedWakeups":0,"signal":1139,"engine":{"jobs_submitted":1139,"jobs_started":1139,"jobs_finished":1138,"current_job_start_ms":1785593888385,"last_submit_ms":1785593888385,"last_drain_enter_ms":1785593888385,"last_drain_exit_ms":1785593888385,"device_errors":0,"device_lost":1,"caller_stall_probes":30,"pending_readbacks":0,"queue_len":0,"signal":1139,"now_ms":1785594043608},"t":1785594043608}
[page] [jolt-webgpu] engine.run caller stalled 158352 ms: {"jobs_submitted":1139,"jobs_started":1139,"jobs_finished":1138,"current_job_start_ms":1785593888385,"last_submit_ms":1785593888385,"last_drain_enter_ms":1785593888385,"last_drain_exit_ms":1785593888385,"device_errors":0,"device_lost":1,"caller_stall_probes":31,"pending_readbacks":0,"queue_len":0,"signal":1139,"now_ms":1785594046737}
[page] [gpu-worker][wedge] {"kind":"device","drainTraps":0,"rescuedWakeups":0,"signal":1,"engine":{"jobs_submitted":1,"jobs_started":1,"jobs_finished":1,"current_job_start_ms":0,"last_submit_ms":1785593738490,"last_drain_enter_ms":1785594048474,"last_drain_exit_ms":1785594048474,"device_errors":0,"device_lost":1,"caller_stall_probes":0,"pending_readbacks":0,"queue_len":0,"signal":1,"now_ms":1785594048623},"t":1785594048623}
[page] [gpu-worker][wedge] {"kind":"stall","jobDied":false,"stuckJob":true,"jobAgeMs":160238,"drainTraps":0,"rescuedWakeups":0,"signal":1139,"engine":{"jobs_submitted":1139,"jobs_started":1139,"jobs_finished":1138,"current_job_start_ms":1785593888385,"last_submit_ms":1785593888385,"last_drain_enter_ms":1785593888385,"last_drain_exit_ms":1785593888385,"device_errors":0,"device_lost":1,"caller_stall_probes":31,"pending_readbacks":0,"queue_len":0,"signal":1139,"now_ms":1785594048624},"t":1785594048625}
[page] [jolt-webgpu] engine.run caller stalled 163471 ms: {"jobs_submitted":1139,"jobs_started":1139,"jobs_finished":1138,"current_job_start_ms":1785593888385,"last_submit_ms":1785593888385,"last_drain_enter_ms":1785593888385,"last_drain_exit_ms":1785593888385,"device_errors":0,"device_lost":1,"caller_stall_probes":32,"pending_readbacks":0,"queue_len":0,"signal":1139,"now_ms":1785594051856}
[page] [gpu-worker][wedge] {"kind":"device","drainTraps":0,"rescuedWakeups":0,"signal":1,"engine":{"jobs_submitted":1,"jobs_started":1,"jobs_finished":1,"current_job_start_ms":0,"last_submit_ms":1785593738490,"last_drain_enter_ms":1785594053463,"last_drain_exit_ms":1785594053463,"device_errors":0,"device_lost":1,"caller_stall_probes":0,"pending_readbacks":0,"queue_len":0,"signal":1,"now_ms":1785594053508},"t":1785594053508}
[page] [gpu-worker][wedge] {"kind":"stall","jobDied":false,"stuckJob":true,"jobAgeMs":165123,"drainTraps":0,"rescuedWakeups":0,"signal":1139,"engine":{"jobs_submitted":1139,"jobs_started":1139,"jobs_finished":1138,"current_job_start_ms":1785593888385,"last_submit_ms":1785593888385,"last_drain_enter_ms":1785593888385,"last_drain_exit_ms":1785593888385,"device_errors":0,"device_lost":1,"caller_stall_probes":32,"pending_readbacks":0,"queue_len":0,"signal":1139,"now_ms":1785594053508},"t":1785594053508}
[page] [jolt-webgpu] engine.run caller stalled 168499 ms: {"jobs_submitted":1139,"jobs_started":1139,"jobs_finished":1138,"current_job_start_ms":1785593888385,"last_submit_ms":1785593888385,"last_drain_enter_ms":1785593888385,"last_drain_exit_ms":1785593888385,"device_errors":0,"device_lost":1,"caller_stall_probes":33,"pending_readbacks":0,"queue_len":0,"signal":1139,"now_ms":1785594056884}
[page] [gpu-worker][wedge] {"kind":"stall","jobDied":false,"stuckJob":true,"jobAgeMs":170148,"drainTraps":0,"rescuedWakeups":0,"signal":1139,"engine":{"jobs_submitted":1139,"jobs_started":1139,"jobs_finished":1138,"current_job_start_ms":1785593888385,"last_submit_ms":1785593888385,"last_drain_enter_ms":1785593888385,"last_drain_exit_ms":1785593888385,"device_errors":0,"device_lost":1,"caller_stall_probes":33,"pending_readbacks":0,"queue_len":0,"signal":1139,"now_ms":1785594058533},"t":1785594058533}
[page] [gpu-worker][wedge] {"kind":"device","drainTraps":0,"rescuedWakeups":0,"signal":1,"engine":{"jobs_submitted":1,"jobs_started":1,"jobs_finished":1,"current_job_start_ms":0,"last_submit_ms":1785593738490,"last_drain_enter_ms":1785594058468,"last_drain_exit_ms":1785594058468,"device_errors":0,"device_lost":1,"caller_stall_probes":0,"pending_readbacks":0,"queue_len":0,"signal":1,"now_ms":1785594058533},"t":1785594058533}
[page] [jolt-webgpu] engine.run caller stalled 173620 ms: {"jobs_submitted":1139,"jobs_started":1139,"jobs_finished":1138,"current_job_start_ms":1785593888385,"last_submit_ms":1785593888385,"last_drain_enter_ms":1785593888385,"last_drain_exit_ms":1785593888385,"device_errors":0,"device_lost":1,"caller_stall_probes":34,"pending_readbacks":0,"queue_len":0,"signal":1139,"now_ms":1785594062005}
[page] [gpu-worker][wedge] {"kind":"stall","jobDied":false,"stuckJob":true,"jobAgeMs":175254,"drainTraps":0,"rescuedWakeups":0,"signal":1139,"engine":{"jobs_submitted":1139,"jobs_started":1139,"jobs_finished":1138,"current_job_start_ms":1785593888385,"last_submit_ms":1785593888385,"last_drain_enter_ms":1785593888385,"last_drain_exit_ms":1785593888385,"device_errors":0,"device_lost":1,"caller_stall_probes":34,"pending_readbacks":0,"queue_len":0,"signal":1139,"now_ms":1785594063639},"t":1785594063639}
[page] [gpu-worker][wedge] {"kind":"device","drainTraps":0,"rescuedWakeups":0,"signal":1,"engine":{"jobs_submitted":1,"jobs_started":1,"jobs_finished":1,"current_job_start_ms":0,"last_submit_ms":1785593738490,"last_drain_enter_ms":1785594063421,"last_drain_exit_ms":1785594063421,"device_errors":0,"device_lost":1,"caller_stall_probes":0,"pending_readbacks":0,"queue_len":0,"signal":1,"now_ms":1785594063639},"t":1785594063639}
[page] [jolt-webgpu] engine.run caller stalled 178731 ms: {"jobs_submitted":1139,"jobs_started":1139,"jobs_finished":1138,"current_job_start_ms":1785593888385,"last_submit_ms":1785593888385,"last_drain_enter_ms":1785593888385,"last_drain_exit_ms":1785593888385,"device_errors":0,"device_lost":1,"caller_stall_probes":35,"pending_readbacks":0,"queue_len":0,"signal":1139,"now_ms":1785594067116}
[page] [gpu-worker][wedge] {"kind":"device","drainTraps":0,"rescuedWakeups":0,"signal":1,"engine":{"jobs_submitted":1,"jobs_started":1,"jobs_finished":1,"current_job_start_ms":0,"last_submit_ms":1785593738490,"last_drain_enter_ms":1785594068541,"last_drain_exit_ms":1785594068541,"device_errors":0,"device_lost":1,"caller_stall_probes":0,"pending_readbacks":0,"queue_len":0,"signal":1,"now_ms":1785594068541},"t":1785594068541}
[page] [gpu-worker][wedge] {"kind":"stall","jobDied":false,"stuckJob":true,"jobAgeMs":180156,"drainTraps":0,"rescuedWakeups":0,"signal":1139,"engine":{"jobs_submitted":1139,"jobs_started":1139,"jobs_finished":1138,"current_job_start_ms":1785593888385,"last_submit_ms":1785593888385,"last_drain_enter_ms":1785593888385,"last_drain_exit_ms":1785593888385,"device_errors":0,"device_lost":1,"caller_stall_probes":35,"pending_readbacks":0,"queue_len":0,"signal":1139,"now_ms":1785594068542},"t":1785594068542}
[page] [jolt-webgpu] engine.run caller stalled 183882 ms: {"jobs_submitted":1139,"jobs_started":1139,"jobs_finished":1138,"current_job_start_ms":1785593888385,"last_submit_ms":1785593888385,"last_drain_enter_ms":1785593888385,"last_drain_exit_ms":1785593888385,"device_errors":0,"device_lost":1,"caller_stall_probes":36,"pending_readbacks":0,"queue_len":0,"signal":1139,"now_ms":1785594072267}
[page] [gpu-worker][wedge] {"kind":"device","drainTraps":0,"rescuedWakeups":0,"signal":1,"engine":{"jobs_submitted":1,"jobs_started":1,"jobs_finished":1,"current_job_start_ms":0,"last_submit_ms":1785593738490,"last_drain_enter_ms":1785594073421,"last_drain_exit_ms":1785594073421,"device_errors":0,"device_lost":1,"caller_stall_probes":0,"pending_readbacks":0,"queue_len":0,"signal":1,"now_ms":1785594073542},"t":1785594073542}
[page] [gpu-worker][wedge] {"kind":"stall","jobDied":false,"stuckJob":true,"jobAgeMs":185157,"drainTraps":0,"rescuedWakeups":0,"signal":1139,"engine":{"jobs_submitted":1139,"jobs_started":1139,"jobs_finished":1138,"current_job_start_ms":1785593888385,"last_submit_ms":1785593888385,"last_drain_enter_ms":1785593888385,"last_drain_exit_ms":1785593888385,"device_errors":0,"device_lost":1,"caller_stall_probes":36,"pending_readbacks":0,"queue_len":0,"signal":1139,"now_ms":1785594073542},"t":1785594073542}
[page] [jolt-webgpu] engine.run caller stalled 189032 ms: {"jobs_submitted":1139,"jobs_started":1139,"jobs_finished":1138,"current_job_start_ms":1785593888385,"last_submit_ms":1785593888385,"last_drain_enter_ms":1785593888385,"last_drain_exit_ms":1785593888385,"device_errors":0,"device_lost":1,"caller_stall_probes":37,"pending_readbacks":0,"queue_len":0,"signal":1139,"now_ms":1785594077417}
[page] [gpu-worker][wedge] {"kind":"device","drainTraps":0,"rescuedWakeups":0,"signal":1,"engine":{"jobs_submitted":1,"jobs_started":1,"jobs_finished":1,"current_job_start_ms":0,"last_submit_ms":1785593738490,"last_drain_enter_ms":1785594078486,"last_drain_exit_ms":1785594078486,"device_errors":0,"device_lost":1,"caller_stall_probes":0,"pending_readbacks":0,"queue_len":0,"signal":1,"now_ms":1785594078523},"t":1785594078523}
[page] [gpu-worker][wedge] {"kind":"stall","jobDied":false,"stuckJob":true,"jobAgeMs":190138,"drainTraps":0,"rescuedWakeups":0,"signal":1139,"engine":{"jobs_submitted":1139,"jobs_started":1139,"jobs_finished":1138,"current_job_start_ms":1785593888385,"last_submit_ms":1785593888385,"last_drain_enter_ms":1785593888385,"last_drain_exit_ms":1785593888385,"device_errors":0,"device_lost":1,"caller_stall_probes":37,"pending_readbacks":0,"queue_len":0,"signal":1139,"now_ms":1785594078523},"t":1785594078524}
[page] [jolt-webgpu] engine.run caller stalled 194153 ms: {"jobs_submitted":1139,"jobs_started":1139,"jobs_finished":1138,"current_job_start_ms":1785593888385,"last_submit_ms":1785593888385,"last_drain_enter_ms":1785593888385,"last_drain_exit_ms":1785593888385,"device_errors":0,"device_lost":1,"caller_stall_probes":38,"pending_readbacks":0,"queue_len":0,"signal":1139,"now_ms":1785594082538}
[page] [gpu-worker][wedge] {"kind":"stall","jobDied":false,"stuckJob":true,"jobAgeMs":195171,"drainTraps":0,"rescuedWakeups":0,"signal":1139,"engine":{"jobs_submitted":1139,"jobs_started":1139,"jobs_finished":1138,"current_job_start_ms":1785593888385,"last_submit_ms":1785593888385,"last_drain_enter_ms":1785593888385,"last_drain_exit_ms":1785593888385,"device_errors":0,"device_lost":1,"caller_stall_probes":38,"pending_readbacks":0,"queue_len":0,"signal":1139,"now_ms":1785594083556},"t":1785594083556}
[page] [gpu-worker][wedge] {"kind":"device","drainTraps":0,"rescuedWakeups":0,"signal":1,"engine":{"jobs_submitted":1,"jobs_started":1,"jobs_finished":1,"current_job_start_ms":0,"last_submit_ms":1785593738490,"last_drain_enter_ms":1785594083406,"last_drain_exit_ms":1785594083406,"device_errors":0,"device_lost":1,"caller_stall_probes":0,"pending_readbacks":0,"queue_len":0,"signal":1,"now_ms":1785594083556},"t":1785594083556}
[page] [jolt-webgpu] engine.run caller stalled 199264 ms: {"jobs_submitted":1139,"jobs_started":1139,"jobs_finished":1138,"current_job_start_ms":1785593888385,"last_submit_ms":1785593888385,"last_drain_enter_ms":1785593888385,"last_drain_exit_ms":1785593888385,"device_errors":0,"device_lost":1,"caller_stall_probes":39,"pending_readbacks":0,"queue_len":0,"signal":1139,"now_ms":1785594087649}
[page] [gpu-worker][wedge] {"kind":"stall","jobDied":false,"stuckJob":true,"jobAgeMs":200195,"drainTraps":0,"rescuedWakeups":0,"signal":1139,"engine":{"jobs_submitted":1139,"jobs_started":1139,"jobs_finished":1138,"current_job_start_ms":1785593888385,"last_submit_ms":1785593888385,"last_drain_enter_ms":1785593888385,"last_drain_exit_ms":1785593888385,"device_errors":0,"device_lost":1,"caller_stall_probes":39,"pending_readbacks":0,"queue_len":0,"signal":1139,"now_ms":1785594088581},"t":1785594088581}
[page] [gpu-worker][wedge] {"kind":"device","drainTraps":0,"rescuedWakeups":0,"signal":1,"engine":{"jobs_submitted":1,"jobs_started":1,"jobs_finished":1,"current_job_start_ms":0,"last_submit_ms":1785593738490,"last_drain_enter_ms":1785594088397,"last_drain_exit_ms":1785594088397,"device_errors":0,"device_lost":1,"caller_stall_probes":0,"pending_readbacks":0,"queue_len":0,"signal":1,"now_ms":1785594088581},"t":1785594088581}
[page] [jolt-webgpu] engine.run caller stalled 204413 ms: {"jobs_submitted":1139,"jobs_started":1139,"jobs_finished":1138,"current_job_start_ms":1785593888385,"last_submit_ms":1785593888385,"last_drain_enter_ms":1785593888385,"last_drain_exit_ms":1785593888385,"device_errors":0,"device_lost":1,"caller_stall_probes":40,"pending_readbacks":0,"queue_len":0,"signal":1139,"now_ms":1785594092798}
[page] [gpu-worker][wedge] {"kind":"device","drainTraps":0,"rescuedWakeups":0,"signal":1,"engine":{"jobs_submitted":1,"jobs_started":1,"jobs_finished":1,"current_job_start_ms":0,"last_submit_ms":1785593738490,"last_drain_enter_ms":1785594093423,"last_drain_exit_ms":1785594093423,"device_errors":0,"device_lost":1,"caller_stall_probes":0,"pending_readbacks":0,"queue_len":0,"signal":1,"now_ms":1785594093632},"t":1785594093632}
[page] [gpu-worker][wedge] {"kind":"stall","jobDied":false,"stuckJob":true,"jobAgeMs":205248,"drainTraps":0,"rescuedWakeups":0,"signal":1139,"engine":{"jobs_submitted":1139,"jobs_started":1139,"jobs_finished":1138,"current_job_start_ms":1785593888385,"last_submit_ms":1785593888385,"last_drain_enter_ms":1785593888385,"last_drain_exit_ms":1785593888385,"device_errors":0,"device_lost":1,"caller_stall_probes":40,"pending_readbacks":0,"queue_len":0,"signal":1139,"now_ms":1785594093633},"t":1785594093633}
[page] [jolt-webgpu] engine.run caller stalled 209563 ms: {"jobs_submitted":1139,"jobs_started":1139,"jobs_finished":1138,"current_job_start_ms":1785593888385,"last_submit_ms":1785593888385,"last_drain_enter_ms":1785593888385,"last_drain_exit_ms":1785593888385,"device_errors":0,"device_lost":1,"caller_stall_probes":41,"pending_readbacks":0,"queue_len":0,"signal":1139,"now_ms":1785594097948}
[page] [gpu-worker][wedge] {"kind":"device","drainTraps":0,"rescuedWakeups":0,"signal":1,"engine":{"jobs_submitted":1,"jobs_started":1,"jobs_finished":1,"current_job_start_ms":0,"last_submit_ms":1785593738490,"last_drain_enter_ms":1785594098573,"last_drain_exit_ms":1785594098573,"device_errors":0,"device_lost":1,"caller_stall_probes":0,"pending_readbacks":0,"queue_len":0,"signal":1,"now_ms":1785594098573},"t":1785594098573}
[page] [gpu-worker][wedge] {"kind":"stall","jobDied":false,"stuckJob":true,"jobAgeMs":210188,"drainTraps":0,"rescuedWakeups":0,"signal":1139,"engine":{"jobs_submitted":1139,"jobs_started":1139,"jobs_finished":1138,"current_job_start_ms":1785593888385,"last_submit_ms":1785593888385,"last_drain_enter_ms":1785593888385,"last_drain_exit_ms":1785593888385,"device_errors":0,"device_lost":1,"caller_stall_probes":41,"pending_readbacks":0,"queue_len":0,"signal":1139,"now_ms":1785594098573},"t":1785594098573}
[page] [jolt-webgpu] engine.run caller stalled 214698 ms: {"jobs_submitted":1139,"jobs_started":1139,"jobs_finished":1138,"current_job_start_ms":1785593888385,"last_submit_ms":1785593888385,"last_drain_enter_ms":1785593888385,"last_drain_exit_ms":1785593888385,"device_errors":0,"device_lost":1,"caller_stall_probes":42,"pending_readbacks":0,"queue_len":0,"signal":1139,"now_ms":1785594103083}
[page] [gpu-worker][wedge] {"kind":"stall","jobDied":false,"stuckJob":true,"jobAgeMs":215204,"drainTraps":0,"rescuedWakeups":0,"signal":1139,"engine":{"jobs_submitted":1139,"jobs_started":1139,"jobs_finished":1138,"current_job_start_ms":1785593888385,"last_submit_ms":1785593888385,"last_drain_enter_ms":1785593888385,"last_drain_exit_ms":1785593888385,"device_errors":0,"device_lost":1,"caller_stall_probes":42,"pending_readbacks":0,"queue_len":0,"signal":1139,"now_ms":1785594103589},"t":1785594103589}
[page] [gpu-worker][wedge] {"kind":"device","drainTraps":0,"rescuedWakeups":0,"signal":1,"engine":{"jobs_submitted":1,"jobs_started":1,"jobs_finished":1,"current_job_start_ms":0,"last_submit_ms":1785593738490,"last_drain_enter_ms":1785594103397,"last_drain_exit_ms":1785594103397,"device_errors":0,"device_lost":1,"caller_stall_probes":0,"pending_readbacks":0,"queue_len":0,"signal":1,"now_ms":1785594103589},"t":1785594103589}
[page] [jolt-webgpu] engine.run caller stalled 219772 ms: {"jobs_submitted":1139,"jobs_started":1139,"jobs_finished":1138,"current_job_start_ms":1785593888385,"last_submit_ms":1785593888385,"last_drain_enter_ms":1785593888385,"last_drain_exit_ms":1785593888385,"device_errors":0,"device_lost":1,"caller_stall_probes":43,"pending_readbacks":0,"queue_len":0,"signal":1139,"now_ms":1785594108157}
[page] [gpu-worker][wedge] {"kind":"device","drainTraps":0,"rescuedWakeups":0,"signal":1,"engine":{"jobs_submitted":1,"jobs_started":1,"jobs_finished":1,"current_job_start_ms":0,"last_submit_ms":1785593738490,"last_drain_enter_ms":1785594108508,"last_drain_exit_ms":1785594108508,"device_errors":0,"device_lost":1,"caller_stall_probes":0,"pending_readbacks":0,"queue_len":0,"signal":1,"now_ms":1785594108508},"t":1785594108508}
[page] [gpu-worker][wedge] {"kind":"stall","jobDied":false,"stuckJob":true,"jobAgeMs":220124,"drainTraps":0,"rescuedWakeups":0,"signal":1139,"engine":{"jobs_submitted":1139,"jobs_started":1139,"jobs_finished":1138,"current_job_start_ms":1785593888385,"last_submit_ms":1785593888385,"last_drain_enter_ms":1785593888385,"last_drain_exit_ms":1785593888385,"device_errors":0,"device_lost":1,"caller_stall_probes":43,"pending_readbacks":0,"queue_len":0,"signal":1139,"now_ms":1785594108509},"t":1785594108509}
[page] [jolt-webgpu] engine.run caller stalled 224916 ms: {"jobs_submitted":1139,"jobs_started":1139,"jobs_finished":1138,"current_job_start_ms":1785593888385,"last_submit_ms":1785593888385,"last_drain_enter_ms":1785593888385,"last_drain_exit_ms":1785593888385,"device_errors":0,"device_lost":1,"caller_stall_probes":44,"pending_readbacks":0,"queue_len":0,"signal":1139,"now_ms":1785594113301}
[page] [gpu-worker][wedge] {"kind":"stall","jobDied":false,"stuckJob":true,"jobAgeMs":225143,"drainTraps":0,"rescuedWakeups":0,"signal":1139,"engine":{"jobs_submitted":1139,"jobs_started":1139,"jobs_finished":1138,"current_job_start_ms":1785593888385,"last_submit_ms":1785593888385,"last_drain_enter_ms":1785593888385,"last_drain_exit_ms":1785593888385,"device_errors":0,"device_lost":1,"caller_stall_probes":44,"pending_readbacks":0,"queue_len":0,"signal":1139,"now_ms":1785594113528},"t":1785594113528}
[page] [gpu-worker][wedge] {"kind":"device","drainTraps":0,"rescuedWakeups":0,"signal":1,"engine":{"jobs_submitted":1,"jobs_started":1,"jobs_finished":1,"current_job_start_ms":0,"last_submit_ms":1785593738490,"last_drain_enter_ms":1785594113529,"last_drain_exit_ms":1785594113529,"device_errors":0,"device_lost":1,"caller_stall_probes":0,"pending_readbacks":0,"queue_len":0,"signal":1,"now_ms":1785594113529},"t":1785594113529}
[page] [jolt-webgpu] engine.run caller stalled 230032 ms: {"jobs_submitted":1139,"jobs_started":1139,"jobs_finished":1138,"current_job_start_ms":1785593888385,"last_submit_ms":1785593888385,"last_drain_enter_ms":1785593888385,"last_drain_exit_ms":1785593888385,"device_errors":0,"device_lost":1,"caller_stall_probes":45,"pending_readbacks":0,"queue_len":0,"signal":1139,"now_ms":1785594118417}
[page] [gpu-worker][wedge] {"kind":"device","drainTraps":0,"rescuedWakeups":0,"signal":1,"engine":{"jobs_submitted":1,"jobs_started":1,"jobs_finished":1,"current_job_start_ms":0,"last_submit_ms":1785593738490,"last_drain_enter_ms":1785594118589,"last_drain_exit_ms":1785594118589,"device_errors":0,"device_lost":1,"caller_stall_probes":0,"pending_readbacks":0,"queue_len":0,"signal":1,"now_ms":1785594118589},"t":1785594118589}
[page] [gpu-worker][wedge] {"kind":"stall","jobDied":false,"stuckJob":true,"jobAgeMs":230205,"drainTraps":0,"rescuedWakeups":0,"signal":1139,"engine":{"jobs_submitted":1139,"jobs_started":1139,"jobs_finished":1138,"current_job_start_ms":1785593888385,"last_submit_ms":1785593888385,"last_drain_enter_ms":1785593888385,"last_drain_exit_ms":1785593888385,"device_errors":0,"device_lost":1,"caller_stall_probes":45,"pending_readbacks":0,"queue_len":0,"signal":1139,"now_ms":1785594118590},"t":1785594118590}
[page] [gpu-worker][wedge] {"kind":"stall","jobDied":false,"stuckJob":true,"jobAgeMs":235182,"drainTraps":0,"rescuedWakeups":0,"signal":1139,"engine":{"jobs_submitted":1139,"jobs_started":1139,"jobs_finished":1138,"current_job_start_ms":1785593888385,"last_submit_ms":1785593888385,"last_drain_enter_ms":1785593888385,"last_drain_exit_ms":1785593888385,"device_errors":0,"device_lost":1,"caller_stall_probes":46,"pending_readbacks":0,"queue_len":0,"signal":1139,"now_ms":1785594123568},"t":1785594123568}
[page] [jolt-webgpu] engine.run caller stalled 235182 ms: {"jobs_submitted":1139,"jobs_started":1139,"jobs_finished":1138,"current_job_start_ms":1785593888385,"last_submit_ms":1785593888385,"last_drain_enter_ms":1785593888385,"last_drain_exit_ms":1785593888385,"device_errors":0,"device_lost":1,"caller_stall_probes":46,"pending_readbacks":0,"queue_len":0,"signal":1139,"now_ms":1785594123567}
[page] [gpu-worker][wedge] {"kind":"device","drainTraps":0,"rescuedWakeups":0,"signal":1,"engine":{"jobs_submitted":1,"jobs_started":1,"jobs_finished":1,"current_job_start_ms":0,"last_submit_ms":1785593738490,"last_drain_enter_ms":1785594123406,"last_drain_exit_ms":1785594123406,"device_errors":0,"device_lost":1,"caller_stall_probes":0,"pending_readbacks":0,"queue_len":0,"signal":1,"now_ms":1785594123568},"t":1785594123568}
[page] [gpu-worker][wedge] {"kind":"stall","jobDied":false,"stuckJob":true,"jobAgeMs":240129,"drainTraps":0,"rescuedWakeups":0,"signal":1139,"engine":{"jobs_submitted":1139,"jobs_started":1139,"jobs_finished":1138,"current_job_start_ms":1785593888385,"last_submit_ms":1785593888385,"last_drain_enter_ms":1785593888385,"last_drain_exit_ms":1785593888385,"device_errors":0,"device_lost":1,"caller_stall_probes":46,"pending_readbacks":0,"queue_len":0,"signal":1139,"now_ms":1785594128514},"t":1785594128514}
[page] [gpu-worker][wedge] {"kind":"device","drainTraps":0,"rescuedWakeups":0,"signal":1,"engine":{"jobs_submitted":1,"jobs_started":1,"jobs_finished":1,"current_job_start_ms":0,"last_submit_ms":1785593738490,"last_drain_enter_ms":1785594128514,"last_drain_exit_ms":1785594128514,"device_errors":0,"device_lost":1,"caller_stall_probes":0,"pending_readbacks":0,"queue_len":0,"signal":1,"now_ms":1785594128514},"t":1785594128514}
[page] [jolt-webgpu] engine.run caller stalled 240246 ms: {"jobs_submitted":1139,"jobs_started":1139,"jobs_finished":1138,"current_job_start_ms":1785593888385,"last_submit_ms":1785593888385,"last_drain_enter_ms":1785593888385,"last_drain_exit_ms":1785593888385,"device_errors":0,"device_lost":1,"caller_stall_probes":47,"pending_readbacks":0,"queue_len":0,"signal":1139,"now_ms":1785594128631}
[page] [gpu-worker][wedge] {"kind":"stall","jobDied":false,"stuckJob":true,"jobAgeMs":245241,"drainTraps":0,"rescuedWakeups":0,"signal":1139,"engine":{"jobs_submitted":1139,"jobs_started":1139,"jobs_finished":1138,"current_job_start_ms":1785593888385,"last_submit_ms":1785593888385,"last_drain_enter_ms":1785593888385,"last_drain_exit_ms":1785593888385,"device_errors":0,"device_lost":1,"caller_stall_probes":47,"pending_readbacks":0,"queue_len":0,"signal":1139,"now_ms":1785594133626},"t":1785594133626}
[page] [gpu-worker][wedge] {"kind":"device","drainTraps":0,"rescuedWakeups":0,"signal":1,"engine":{"jobs_submitted":1,"jobs_started":1,"jobs_finished":1,"current_job_start_ms":0,"last_submit_ms":1785593738490,"last_drain_enter_ms":1785594133420,"last_drain_exit_ms":1785594133420,"device_errors":0,"device_lost":1,"caller_stall_probes":0,"pending_readbacks":0,"queue_len":0,"signal":1,"now_ms":1785594133626},"t":1785594133626}
[page] [jolt-webgpu] engine.run caller stalled 245297 ms: {"jobs_submitted":1139,"jobs_started":1139,"jobs_finished":1138,"current_job_start_ms":1785593888385,"last_submit_ms":1785593888385,"last_drain_enter_ms":1785593888385,"last_drain_exit_ms":1785593888385,"device_errors":0,"device_lost":1,"caller_stall_probes":48,"pending_readbacks":0,"queue_len":0,"signal":1139,"now_ms":1785594133682}
[page] [gpu-worker][wedge] {"kind":"device","drainTraps":0,"rescuedWakeups":0,"signal":1,"engine":{"jobs_submitted":1,"jobs_started":1,"jobs_finished":1,"current_job_start_ms":0,"last_submit_ms":1785593738490,"last_drain_enter_ms":1785594138512,"last_drain_exit_ms":1785594138512,"device_errors":0,"device_lost":1,"caller_stall_probes":0,"pending_readbacks":0,"queue_len":0,"signal":1,"now_ms":1785594138512},"t":1785594138512}
[page] [gpu-worker][wedge] {"kind":"stall","jobDied":false,"stuckJob":true,"jobAgeMs":250129,"drainTraps":0,"rescuedWakeups":0,"signal":1139,"engine":{"jobs_submitted":1139,"jobs_started":1139,"jobs_finished":1138,"current_job_start_ms":1785593888385,"last_submit_ms":1785593888385,"last_drain_enter_ms":1785593888385,"last_drain_exit_ms":1785593888385,"device_errors":0,"device_lost":1,"caller_stall_probes":48,"pending_readbacks":0,"queue_len":0,"signal":1139,"now_ms":1785594138514},"t":1785594138514}
[page] [jolt-webgpu] engine.run caller stalled 250423 ms: {"jobs_submitted":1139,"jobs_started":1139,"jobs_finished":1138,"current_job_start_ms":1785593888385,"last_submit_ms":1785593888385,"last_drain_enter_ms":1785593888385,"last_drain_exit_ms":1785593888385,"device_errors":0,"device_lost":1,"caller_stall_probes":49,"pending_readbacks":0,"queue_len":0,"signal":1139,"now_ms":1785594138808}
[page] [gpu-worker][wedge] {"kind":"stall","jobDied":false,"stuckJob":true,"jobAgeMs":255173,"drainTraps":0,"rescuedWakeups":0,"signal":1139,"engine":{"jobs_submitted":1139,"jobs_started":1139,"jobs_finished":1138,"current_job_start_ms":1785593888385,"last_submit_ms":1785593888385,"last_drain_enter_ms":1785593888385,"last_drain_exit_ms":1785593888385,"device_errors":0,"device_lost":1,"caller_stall_probes":49,"pending_readbacks":0,"queue_len":0,"signal":1139,"now_ms":1785594143558},"t":1785594143558}
[page] [gpu-worker][wedge] {"kind":"device","drainTraps":0,"rescuedWakeups":0,"signal":1,"engine":{"jobs_submitted":1,"jobs_started":1,"jobs_finished":1,"current_job_start_ms":0,"last_submit_ms":1785593738490,"last_drain_enter_ms":1785594143392,"last_drain_exit_ms":1785594143392,"device_errors":0,"device_lost":1,"caller_stall_probes":0,"pending_readbacks":0,"queue_len":0,"signal":1,"now_ms":1785594143558},"t":1785594143558}
[page] [jolt-webgpu] engine.run caller stalled 255565 ms: {"jobs_submitted":1139,"jobs_started":1139,"jobs_finished":1138,"current_job_start_ms":1785593888385,"last_submit_ms":1785593888385,"last_drain_enter_ms":1785593888385,"last_drain_exit_ms":1785593888385,"device_errors":0,"device_lost":1,"caller_stall_probes":50,"pending_readbacks":0,"queue_len":0,"signal":1139,"now_ms":1785594143950}
[page] [gpu-worker][wedge] {"kind":"device","drainTraps":0,"rescuedWakeups":0,"signal":1,"engine":{"jobs_submitted":1,"jobs_started":1,"jobs_finished":1,"current_job_start_ms":0,"last_submit_ms":1785593738490,"last_drain_enter_ms":1785594148564,"last_drain_exit_ms":1785594148564,"device_errors":0,"device_lost":1,"caller_stall_probes":0,"pending_readbacks":0,"queue_len":0,"signal":1,"now_ms":1785594148564},"t":1785594148564}
[page] [gpu-worker][wedge] {"kind":"stall","jobDied":false,"stuckJob":true,"jobAgeMs":260180,"drainTraps":0,"rescuedWakeups":0,"signal":1139,"engine":{"jobs_submitted":1139,"jobs_started":1139,"jobs_finished":1138,"current_job_start_ms":1785593888385,"last_submit_ms":1785593888385,"last_drain_enter_ms":1785593888385,"last_drain_exit_ms":1785593888385,"device_errors":0,"device_lost":1,"caller_stall_probes":50,"pending_readbacks":0,"queue_len":0,"signal":1139,"now_ms":1785594148565},"t":1785594148565}
[page] [jolt-webgpu] engine.run caller stalled 260646 ms: {"jobs_submitted":1139,"jobs_started":1139,"jobs_finished":1138,"current_job_start_ms":1785593888385,"last_submit_ms":1785593888385,"last_drain_enter_ms":1785593888385,"last_drain_exit_ms":1785593888385,"device_errors":0,"device_lost":1,"caller_stall_probes":51,"pending_readbacks":0,"queue_len":0,"signal":1139,"now_ms":1785594149031}
[page] [gpu-worker][wedge] {"kind":"device","drainTraps":0,"rescuedWakeups":0,"signal":1,"engine":{"jobs_submitted":1,"jobs_started":1,"jobs_finished":1,"current_job_start_ms":0,"last_submit_ms":1785593738490,"last_drain_enter_ms":1785594153528,"last_drain_exit_ms":1785594153528,"device_errors":0,"device_lost":1,"caller_stall_probes":0,"pending_readbacks":0,"queue_len":0,"signal":1,"now_ms":1785594153528},"t":1785594153528}
[page] [gpu-worker][wedge] {"kind":"stall","jobDied":false,"stuckJob":true,"jobAgeMs":265144,"drainTraps":0,"rescuedWakeups":0,"signal":1139,"engine":{"jobs_submitted":1139,"jobs_started":1139,"jobs_finished":1138,"current_job_start_ms":1785593888385,"last_submit_ms":1785593888385,"last_drain_enter_ms":1785593888385,"last_drain_exit_ms":1785593888385,"device_errors":0,"device_lost":1,"caller_stall_probes":51,"pending_readbacks":0,"queue_len":0,"signal":1139,"now_ms":1785594153529},"t":1785594153529}
[page] [jolt-webgpu] engine.run caller stalled 265658 ms: {"jobs_submitted":1139,"jobs_started":1139,"jobs_finished":1138,"current_job_start_ms":1785593888385,"last_submit_ms":1785593888385,"last_drain_enter_ms":1785593888385,"last_drain_exit_ms":1785593888385,"device_errors":0,"device_lost":1,"caller_stall_probes":52,"pending_readbacks":0,"queue_len":0,"signal":1139,"now_ms":1785594154043}
[page] [gpu-worker][wedge] {"kind":"device","drainTraps":0,"rescuedWakeups":0,"signal":1,"engine":{"jobs_submitted":1,"jobs_started":1,"jobs_finished":1,"current_job_start_ms":0,"last_submit_ms":1785593738490,"last_drain_enter_ms":1785594158617,"last_drain_exit_ms":1785594158617,"device_errors":0,"device_lost":1,"caller_stall_probes":0,"pending_readbacks":0,"queue_len":0,"signal":1,"now_ms":1785594158617},"t":1785594158617}
[page] [gpu-worker][wedge] {"kind":"stall","jobDied":false,"stuckJob":true,"jobAgeMs":270232,"drainTraps":0,"rescuedWakeups":0,"signal":1139,"engine":{"jobs_submitted":1139,"jobs_started":1139,"jobs_finished":1138,"current_job_start_ms":1785593888385,"last_submit_ms":1785593888385,"last_drain_enter_ms":1785593888385,"last_drain_exit_ms":1785593888385,"device_errors":0,"device_lost":1,"caller_stall_probes":52,"pending_readbacks":0,"queue_len":0,"signal":1139,"now_ms":1785594158617},"t":1785594158617}
[page] [jolt-webgpu] engine.run caller stalled 270787 ms: {"jobs_submitted":1139,"jobs_started":1139,"jobs_finished":1138,"current_job_start_ms":1785593888385,"last_submit_ms":1785593888385,"last_drain_enter_ms":1785593888385,"last_drain_exit_ms":1785593888385,"device_errors":0,"device_lost":1,"caller_stall_probes":53,"pending_readbacks":0,"queue_len":0,"signal":1139,"now_ms":1785594159172}
[page] [gpu-worker][wedge] {"kind":"device","drainTraps":0,"rescuedWakeups":0,"signal":1,"engine":{"jobs_submitted":1,"jobs_started":1,"jobs_finished":1,"current_job_start_ms":0,"last_submit_ms":1785593738490,"last_drain_enter_ms":1785594163547,"last_drain_exit_ms":1785594163547,"device_errors":0,"device_lost":1,"caller_stall_probes":0,"pending_readbacks":0,"queue_len":0,"signal":1,"now_ms":1785594163548},"t":1785594163548}
[page] [gpu-worker][wedge] {"kind":"stall","jobDied":false,"stuckJob":true,"jobAgeMs":275164,"drainTraps":0,"rescuedWakeups":0,"signal":1139,"engine":{"jobs_submitted":1139,"jobs_started":1139,"jobs_finished":1138,"current_job_start_ms":1785593888385,"last_submit_ms":1785593888385,"last_drain_enter_ms":1785593888385,"last_drain_exit_ms":1785593888385,"device_errors":0,"device_lost":1,"caller_stall_probes":53,"pending_readbacks":0,"queue_len":0,"signal":1139,"now_ms":1785594163549},"t":1785594163549}
[page] [jolt-webgpu] engine.run caller stalled 275906 ms: {"jobs_submitted":1139,"jobs_started":1139,"jobs_finished":1138,"current_job_start_ms":1785593888385,"last_submit_ms":1785593888385,"last_drain_enter_ms":1785593888385,"last_drain_exit_ms":1785593888385,"device_errors":0,"device_lost":1,"caller_stall_probes":54,"pending_readbacks":0,"queue_len":0,"signal":1139,"now_ms":1785594164291}
[page] [gpu-worker][wedge] {"kind":"device","drainTraps":0,"rescuedWakeups":0,"signal":1,"engine":{"jobs_submitted":1,"jobs_started":1,"jobs_finished":1,"current_job_start_ms":0,"last_submit_ms":1785593738490,"last_drain_enter_ms":1785594168592,"last_drain_exit_ms":1785594168592,"device_errors":0,"device_lost":1,"caller_stall_probes":0,"pending_readbacks":0,"queue_len":0,"signal":1,"now_ms":1785594168592},"t":1785594168592}
[page] [gpu-worker][wedge] {"kind":"stall","jobDied":false,"stuckJob":true,"jobAgeMs":280207,"drainTraps":0,"rescuedWakeups":0,"signal":1139,"engine":{"jobs_submitted":1139,"jobs_started":1139,"jobs_finished":1138,"current_job_start_ms":1785593888385,"last_submit_ms":1785593888385,"last_drain_enter_ms":1785593888385,"last_drain_exit_ms":1785593888385,"device_errors":0,"device_lost":1,"caller_stall_probes":54,"pending_readbacks":0,"queue_len":0,"signal":1139,"now_ms":1785594168592},"t":1785594168592}
[page] [jolt-webgpu] engine.run caller stalled 280915 ms: {"jobs_submitted":1139,"jobs_started":1139,"jobs_finished":1138,"current_job_start_ms":1785593888385,"last_submit_ms":1785593888385,"last_drain_enter_ms":1785593888385,"last_drain_exit_ms":1785593888385,"device_errors":0,"device_lost":1,"caller_stall_probes":55,"pending_readbacks":0,"queue_len":0,"signal":1139,"now_ms":1785594169300}
[page] [gpu-worker][wedge] {"kind":"device","drainTraps":0,"rescuedWakeups":0,"signal":1,"engine":{"jobs_submitted":1,"jobs_started":1,"jobs_finished":1,"current_job_start_ms":0,"last_submit_ms":1785593738490,"last_drain_enter_ms":1785594173521,"last_drain_exit_ms":1785594173521,"device_errors":0,"device_lost":1,"caller_stall_probes":0,"pending_readbacks":0,"queue_len":0,"signal":1,"now_ms":1785594173521},"t":1785594173521}
[page] [gpu-worker][wedge] {"kind":"stall","jobDied":false,"stuckJob":true,"jobAgeMs":285137,"drainTraps":0,"rescuedWakeups":0,"signal":1139,"engine":{"jobs_submitted":1139,"jobs_started":1139,"jobs_finished":1138,"current_job_start_ms":1785593888385,"last_submit_ms":1785593888385,"last_drain_enter_ms":1785593888385,"last_drain_exit_ms":1785593888385,"device_errors":0,"device_lost":1,"caller_stall_probes":55,"pending_readbacks":0,"queue_len":0,"signal":1139,"now_ms":1785594173522},"t":1785594173522}
[page] [jolt-webgpu] engine.run caller stalled 285950 ms: {"jobs_submitted":1139,"jobs_started":1139,"jobs_finished":1138,"current_job_start_ms":1785593888385,"last_submit_ms":1785593888385,"last_drain_enter_ms":1785593888385,"last_drain_exit_ms":1785593888385,"device_errors":0,"device_lost":1,"caller_stall_probes":56,"pending_readbacks":0,"queue_len":0,"signal":1139,"now_ms":1785594174335}
[page] [gpu-worker][wedge] {"kind":"device","drainTraps":0,"rescuedWakeups":0,"signal":1,"engine":{"jobs_submitted":1,"jobs_started":1,"jobs_finished":1,"current_job_start_ms":0,"last_submit_ms":1785593738490,"last_drain_enter_ms":1785594178403,"last_drain_exit_ms":1785594178403,"device_errors":0,"device_lost":1,"caller_stall_probes":0,"pending_readbacks":0,"queue_len":0,"signal":1,"now_ms":1785594178633},"t":1785594178633}
[page] [gpu-worker][wedge] {"kind":"stall","jobDied":false,"stuckJob":true,"jobAgeMs":290249,"drainTraps":0,"rescuedWakeups":0,"signal":1139,"engine":{"jobs_submitted":1139,"jobs_started":1139,"jobs_finished":1138,"current_job_start_ms":1785593888385,"last_submit_ms":1785593888385,"last_drain_enter_ms":1785593888385,"last_drain_exit_ms":1785593888385,"device_errors":0,"device_lost":1,"caller_stall_probes":56,"pending_readbacks":0,"queue_len":0,"signal":1139,"now_ms":1785594178634},"t":1785594178634}
[page] [jolt-webgpu] engine.run caller stalled 291078 ms: {"jobs_submitted":1139,"jobs_started":1139,"jobs_finished":1138,"current_job_start_ms":1785593888385,"last_submit_ms":1785593888385,"last_drain_enter_ms":1785593888385,"last_drain_exit_ms":1785593888385,"device_errors":0,"device_lost":1,"caller_stall_probes":57,"pending_readbacks":0,"queue_len":0,"signal":1139,"now_ms":1785594179463}
[page] [gpu-worker][wedge] {"kind":"device","drainTraps":0,"rescuedWakeups":0,"signal":1,"engine":{"jobs_submitted":1,"jobs_started":1,"jobs_finished":1,"current_job_start_ms":0,"last_submit_ms":1785593738490,"last_drain_enter_ms":1785594183528,"last_drain_exit_ms":1785594183528,"device_errors":0,"device_lost":1,"caller_stall_probes":0,"pending_readbacks":0,"queue_len":0,"signal":1,"now_ms":1785594183528},"t":1785594183528}
[page] [gpu-worker][wedge] {"kind":"stall","jobDied":false,"stuckJob":true,"jobAgeMs":295144,"drainTraps":0,"rescuedWakeups":0,"signal":1139,"engine":{"jobs_submitted":1139,"jobs_started":1139,"jobs_finished":1138,"current_job_start_ms":1785593888385,"last_submit_ms":1785593888385,"last_drain_enter_ms":1785593888385,"last_drain_exit_ms":1785593888385,"device_errors":0,"device_lost":1,"caller_stall_probes":57,"pending_readbacks":0,"queue_len":0,"signal":1139,"now_ms":1785594183529},"t":1785594183529}
[page] [jolt-webgpu] engine.run caller stalled 296229 ms: {"jobs_submitted":1139,"jobs_started":1139,"jobs_finished":1138,"current_job_start_ms":1785593888385,"last_submit_ms":1785593888385,"last_drain_enter_ms":1785593888385,"last_drain_exit_ms":1785593888385,"device_errors":0,"device_lost":1,"caller_stall_probes":58,"pending_readbacks":0,"queue_len":0,"signal":1139,"now_ms":1785594184614}
[page] [gpu-worker][wedge] {"kind":"device","drainTraps":0,"rescuedWakeups":0,"signal":1,"engine":{"jobs_submitted":1,"jobs_started":1,"jobs_finished":1,"current_job_start_ms":0,"last_submit_ms":1785593738490,"last_drain_enter_ms":1785594188450,"last_drain_exit_ms":1785594188450,"device_errors":0,"device_lost":1,"caller_stall_probes":0,"pending_readbacks":0,"queue_len":0,"signal":1,"now_ms":1785594188609},"t":1785594188609}
[page] [gpu-worker][wedge] {"kind":"stall","jobDied":false,"stuckJob":true,"jobAgeMs":300225,"drainTraps":0,"rescuedWakeups":0,"signal":1139,"engine":{"jobs_submitted":1139,"jobs_started":1139,"jobs_finished":1138,"current_job_start_ms":1785593888385,"last_submit_ms":1785593888385,"last_drain_enter_ms":1785593888385,"last_drain_exit_ms":1785593888385,"device_errors":0,"device_lost":1,"caller_stall_probes":58,"pending_readbacks":0,"queue_len":0,"signal":1139,"now_ms":1785594188610},"t":1785594188610}
[page] [jolt-webgpu] engine.run caller stalled 301336 ms: {"jobs_submitted":1139,"jobs_started":1139,"jobs_finished":1138,"current_job_start_ms":1785593888385,"last_submit_ms":1785593888385,"last_drain_enter_ms":1785593888385,"last_drain_exit_ms":1785593888385,"device_errors":0,"device_lost":1,"caller_stall_probes":59,"pending_readbacks":0,"queue_len":0,"signal":1139,"now_ms":1785594189721}
[page] [gpu-worker][wedge] {"kind":"stall","jobDied":false,"stuckJob":true,"jobAgeMs":305234,"drainTraps":0,"rescuedWakeups":0,"signal":1139,"engine":{"jobs_submitted":1139,"jobs_started":1139,"jobs_finished":1138,"current_job_start_ms":1785593888385,"last_submit_ms":1785593888385,"last_drain_enter_ms":1785593888385,"last_drain_exit_ms":1785593888385,"device_errors":0,"device_lost":1,"caller_stall_probes":59,"pending_readbacks":0,"queue_len":0,"signal":1139,"now_ms":1785594193619},"t":1785594193619}
[page] [gpu-worker][wedge] {"kind":"device","drainTraps":0,"rescuedWakeups":0,"signal":1,"engine":{"jobs_submitted":1,"jobs_started":1,"jobs_finished":1,"current_job_start_ms":0,"last_submit_ms":1785593738490,"last_drain_enter_ms":1785594193422,"last_drain_exit_ms":1785594193422,"device_errors":0,"device_lost":1,"caller_stall_probes":0,"pending_readbacks":0,"queue_len":0,"signal":1,"now_ms":1785594193619},"t":1785594193620}
[page] [jolt-webgpu] engine.run caller stalled 306419 ms: {"jobs_submitted":1139,"jobs_started":1139,"jobs_finished":1138,"current_job_start_ms":1785593888385,"last_submit_ms":1785593888385,"last_drain_enter_ms":1785593888385,"last_drain_exit_ms":1785593888385,"device_errors":0,"device_lost":1,"caller_stall_probes":60,"pending_readbacks":0,"queue_len":0,"signal":1139,"now_ms":1785594194804}
[page] [gpu-worker][wedge] {"kind":"stall","jobDied":false,"stuckJob":true,"jobAgeMs":310244,"drainTraps":0,"rescuedWakeups":0,"signal":1139,"engine":{"jobs_submitted":1139,"jobs_started":1139,"jobs_finished":1138,"current_job_start_ms":1785593888385,"last_submit_ms":1785593888385,"last_drain_enter_ms":1785593888385,"last_drain_exit_ms":1785593888385,"device_errors":0,"device_lost":1,"caller_stall_probes":60,"pending_readbacks":0,"queue_len":0,"signal":1139,"now_ms":1785594198629},"t":1785594198629}
[page] [gpu-worker][wedge] {"kind":"device","drainTraps":0,"rescuedWakeups":0,"signal":1,"engine":{"jobs_submitted":1,"jobs_started":1,"jobs_finished":1,"current_job_start_ms":0,"last_submit_ms":1785593738490,"last_drain_enter_ms":1785594198421,"last_drain_exit_ms":1785594198421,"device_errors":0,"device_lost":1,"caller_stall_probes":0,"pending_readbacks":0,"queue_len":0,"signal":1,"now_ms":1785594198630},"t":1785594198630}
[page] [jolt-webgpu] engine.run caller stalled 311567 ms: {"jobs_submitted":1139,"jobs_started":1139,"jobs_finished":1138,"current_job_start_ms":1785593888385,"last_submit_ms":1785593888385,"last_drain_enter_ms":1785593888385,"last_drain_exit_ms":1785593888385,"device_errors":0,"device_lost":1,"caller_stall_probes":61,"pending_readbacks":0,"queue_len":0,"signal":1139,"now_ms":1785594199952}
[page] [gpu-worker][wedge] {"kind":"device","drainTraps":0,"rescuedWakeups":0,"signal":1,"engine":{"jobs_submitted":1,"jobs_started":1,"jobs_finished":1,"current_job_start_ms":0,"last_submit_ms":1785593738490,"last_drain_enter_ms":1785594203423,"last_drain_exit_ms":1785594203423,"device_errors":0,"device_lost":1,"caller_stall_probes":0,"pending_readbacks":0,"queue_len":0,"signal":1,"now_ms":1785594203579},"t":1785594203579}
[page] [gpu-worker][wedge] {"kind":"stall","jobDied":false,"stuckJob":true,"jobAgeMs":315195,"drainTraps":0,"rescuedWakeups":0,"signal":1139,"engine":{"jobs_submitted":1139,"jobs_started":1139,"jobs_finished":1138,"current_job_start_ms":1785593888385,"last_submit_ms":1785593888385,"last_drain_enter_ms":1785593888385,"last_drain_exit_ms":1785593888385,"device_errors":0,"device_lost":1,"caller_stall_probes":61,"pending_readbacks":0,"queue_len":0,"signal":1139,"now_ms":1785594203580},"t":1785594203580}
[page] [jolt-webgpu] engine.run caller stalled 316631 ms: {"jobs_submitted":1139,"jobs_started":1139,"jobs_finished":1138,"current_job_start_ms":1785593888385,"last_submit_ms":1785593888385,"last_drain_enter_ms":1785593888385,"last_drain_exit_ms":1785593888385,"device_errors":0,"device_lost":1,"caller_stall_probes":62,"pending_readbacks":0,"queue_len":0,"signal":1139,"now_ms":1785594205016}
[page] [gpu-worker][wedge] {"kind":"device","drainTraps":0,"rescuedWakeups":0,"signal":1,"engine":{"jobs_submitted":1,"jobs_started":1,"jobs_finished":1,"current_job_start_ms":0,"last_submit_ms":1785593738490,"last_drain_enter_ms":1785594208407,"last_drain_exit_ms":1785594208407,"device_errors":0,"device_lost":1,"caller_stall_probes":0,"pending_readbacks":0,"queue_len":0,"signal":1,"now_ms":1785594208528},"t":1785594208529}
[page] [gpu-worker][wedge] {"kind":"stall","jobDied":false,"stuckJob":true,"jobAgeMs":320144,"drainTraps":0,"rescuedWakeups":0,"signal":1139,"engine":{"jobs_submitted":1139,"jobs_started":1139,"jobs_finished":1138,"current_job_start_ms":1785593888385,"last_submit_ms":1785593888385,"last_drain_enter_ms":1785593888385,"last_drain_exit_ms":1785593888385,"device_errors":0,"device_lost":1,"caller_stall_probes":62,"pending_readbacks":0,"queue_len":0,"signal":1139,"now_ms":1785594208529},"t":1785594208529}
[page] [jolt-webgpu] engine.run caller stalled 321779 ms: {"jobs_submitted":1139,"jobs_started":1139,"jobs_finished":1138,"current_job_start_ms":1785593888385,"last_submit_ms":1785593888385,"last_drain_enter_ms":1785593888385,"last_drain_exit_ms":1785593888385,"device_errors":0,"device_lost":1,"caller_stall_probes":63,"pending_readbacks":0,"queue_len":0,"signal":1139,"now_ms":1785594210164}
[page] [gpu-worker][wedge] {"kind":"stall","jobDied":false,"stuckJob":true,"jobAgeMs":325209,"drainTraps":0,"rescuedWakeups":0,"signal":1139,"engine":{"jobs_submitted":1139,"jobs_started":1139,"jobs_finished":1138,"current_job_start_ms":1785593888385,"last_submit_ms":1785593888385,"last_drain_enter_ms":1785593888385,"last_drain_exit_ms":1785593888385,"device_errors":0,"device_lost":1,"caller_stall_probes":63,"pending_readbacks":0,"queue_len":0,"signal":1139,"now_ms":1785594213594},"t":1785594213594}
[page] [gpu-worker][wedge] {"kind":"device","drainTraps":0,"rescuedWakeups":0,"signal":1,"engine":{"jobs_submitted":1,"jobs_started":1,"jobs_finished":1,"current_job_start_ms":0,"last_submit_ms":1785593738490,"last_drain_enter_ms":1785594213407,"last_drain_exit_ms":1785594213407,"device_errors":0,"device_lost":1,"caller_stall_probes":0,"pending_readbacks":0,"queue_len":0,"signal":1,"now_ms":1785594213594},"t":1785594213594}
[page] [jolt-webgpu] engine.run caller stalled 326930 ms: {"jobs_submitted":1139,"jobs_started":1139,"jobs_finished":1138,"current_job_start_ms":1785593888385,"last_submit_ms":1785593888385,"last_drain_enter_ms":1785593888385,"last_drain_exit_ms":1785593888385,"device_errors":0,"device_lost":1,"caller_stall_probes":64,"pending_readbacks":0,"queue_len":0,"signal":1139,"now_ms":1785594215315}
[page] [gpu-worker][wedge] {"kind":"device","drainTraps":0,"rescuedWakeups":0,"signal":1,"engine":{"jobs_submitted":1,"jobs_started":1,"jobs_finished":1,"current_job_start_ms":0,"last_submit_ms":1785593738490,"last_drain_enter_ms":1785594218408,"last_drain_exit_ms":1785594218408,"device_errors":0,"device_lost":1,"caller_stall_probes":0,"pending_readbacks":0,"queue_len":0,"signal":1,"now_ms":1785594218642},"t":1785594218642}
[page] [gpu-worker][wedge] {"kind":"stall","jobDied":false,"stuckJob":true,"jobAgeMs":330257,"drainTraps":0,"rescuedWakeups":0,"signal":1139,"engine":{"jobs_submitted":1139,"jobs_started":1139,"jobs_finished":1138,"current_job_start_ms":1785593888385,"last_submit_ms":1785593888385,"last_drain_enter_ms":1785593888385,"last_drain_exit_ms":1785593888385,"device_errors":0,"device_lost":1,"caller_stall_probes":64,"pending_readbacks":0,"queue_len":0,"signal":1139,"now_ms":1785594218642},"t":1785594218642}
[page] [jolt-webgpu] engine.run caller stalled 332022 ms: {"jobs_submitted":1139,"jobs_started":1139,"jobs_finished":1138,"current_job_start_ms":1785593888385,"last_submit_ms":1785593888385,"last_drain_enter_ms":1785593888385,"last_drain_exit_ms":1785593888385,"device_errors":0,"device_lost":1,"caller_stall_probes":65,"pending_readbacks":0,"queue_len":0,"signal":1139,"now_ms":1785594220407}
[page] [gpu-worker][wedge] {"kind":"device","drainTraps":0,"rescuedWakeups":0,"signal":1,"engine":{"jobs_submitted":1,"jobs_started":1,"jobs_finished":1,"current_job_start_ms":0,"last_submit_ms":1785593738490,"last_drain_enter_ms":1785594223417,"last_drain_exit_ms":1785594223417,"device_errors":0,"device_lost":1,"caller_stall_probes":0,"pending_readbacks":0,"queue_len":0,"signal":1,"now_ms":1785594223635},"t":1785594223635}
[page] [gpu-worker][wedge] {"kind":"stall","jobDied":false,"stuckJob":true,"jobAgeMs":335250,"drainTraps":0,"rescuedWakeups":0,"signal":1139,"engine":{"jobs_submitted":1139,"jobs_started":1139,"jobs_finished":1138,"current_job_start_ms":1785593888385,"last_submit_ms":1785593888385,"last_drain_enter_ms":1785593888385,"last_drain_exit_ms":1785593888385,"device_errors":0,"device_lost":1,"caller_stall_probes":65,"pending_readbacks":0,"queue_len":0,"signal":1139,"now_ms":1785594223635},"t":1785594223635}
[page] [jolt-webgpu] engine.run caller stalled 337068 ms: {"jobs_submitted":1139,"jobs_started":1139,"jobs_finished":1138,"current_job_start_ms":1785593888385,"last_submit_ms":1785593888385,"last_drain_enter_ms":1785593888385,"last_drain_exit_ms":1785593888385,"device_errors":0,"device_lost":1,"caller_stall_probes":66,"pending_readbacks":0,"queue_len":0,"signal":1139,"now_ms":1785594225453}
[page] [gpu-worker][wedge] {"kind":"stall","jobDied":false,"stuckJob":true,"jobAgeMs":340204,"drainTraps":0,"rescuedWakeups":0,"signal":1139,"engine":{"jobs_submitted":1139,"jobs_started":1139,"jobs_finished":1138,"current_job_start_ms":1785593888385,"last_submit_ms":1785593888385,"last_drain_enter_ms":1785593888385,"last_drain_exit_ms":1785593888385,"device_errors":0,"device_lost":1,"caller_stall_probes":66,"pending_readbacks":0,"queue_len":0,"signal":1139,"now_ms":1785594228589},"t":1785594228589}
[page] [gpu-worker][wedge] {"kind":"device","drainTraps":0,"rescuedWakeups":0,"signal":1,"engine":{"jobs_submitted":1,"jobs_started":1,"jobs_finished":1,"current_job_start_ms":0,"last_submit_ms":1785593738490,"last_drain_enter_ms":1785594228465,"last_drain_exit_ms":1785594228465,"device_errors":0,"device_lost":1,"caller_stall_probes":0,"pending_readbacks":0,"queue_len":0,"signal":1,"now_ms":1785594228590},"t":1785594228590}
[page] [jolt-webgpu] engine.run caller stalled 342147 ms: {"jobs_submitted":1139,"jobs_started":1139,"jobs_finished":1138,"current_job_start_ms":1785593888385,"last_submit_ms":1785593888385,"last_drain_enter_ms":1785593888385,"last_drain_exit_ms":1785593888385,"device_errors":0,"device_lost":1,"caller_stall_probes":67,"pending_readbacks":0,"queue_len":0,"signal":1139,"now_ms":1785594230532}
[page] [gpu-worker][wedge] {"kind":"device","drainTraps":0,"rescuedWakeups":0,"signal":1,"engine":{"jobs_submitted":1,"jobs_started":1,"jobs_finished":1,"current_job_start_ms":0,"last_submit_ms":1785593738490,"last_drain_enter_ms":1785594233448,"last_drain_exit_ms":1785594233448,"device_errors":0,"device_lost":1,"caller_stall_probes":0,"pending_readbacks":0,"queue_len":0,"signal":1,"now_ms":1785594233550},"t":1785594233550}
[page] [gpu-worker][wedge] {"kind":"stall","jobDied":false,"stuckJob":true,"jobAgeMs":345166,"drainTraps":0,"rescuedWakeups":0,"signal":1139,"engine":{"jobs_submitted":1139,"jobs_started":1139,"jobs_finished":1138,"current_job_start_ms":1785593888385,"last_submit_ms":1785593888385,"last_drain_enter_ms":1785593888385,"last_drain_exit_ms":1785593888385,"device_errors":0,"device_lost":1,"caller_stall_probes":67,"pending_readbacks":0,"queue_len":0,"signal":1139,"now_ms":1785594233551},"t":1785594233551}
[page] [jolt-webgpu] engine.run caller stalled 347288 ms: {"jobs_submitted":1139,"jobs_started":1139,"jobs_finished":1138,"current_job_start_ms":1785593888385,"last_submit_ms":1785593888385,"last_drain_enter_ms":1785593888385,"last_drain_exit_ms":1785593888385,"device_errors":0,"device_lost":1,"caller_stall_probes":68,"pending_readbacks":0,"queue_len":0,"signal":1139,"now_ms":1785594235673}
[page] [gpu-worker][wedge] {"kind":"stall","jobDied":false,"stuckJob":true,"jobAgeMs":350175,"drainTraps":0,"rescuedWakeups":0,"signal":1139,"engine":{"jobs_submitted":1139,"jobs_started":1139,"jobs_finished":1138,"current_job_start_ms":1785593888385,"last_submit_ms":1785593888385,"last_drain_enter_ms":1785593888385,"last_drain_exit_ms":1785593888385,"device_errors":0,"device_lost":1,"caller_stall_probes":68,"pending_readbacks":0,"queue_len":0,"signal":1139,"now_ms":1785594238560},"t":1785594238560}
[page] [gpu-worker][wedge] {"kind":"device","drainTraps":0,"rescuedWakeups":0,"signal":1,"engine":{"jobs_submitted":1,"jobs_started":1,"jobs_finished":1,"current_job_start_ms":0,"last_submit_ms":1785593738490,"last_drain_enter_ms":1785594238392,"last_drain_exit_ms":1785594238392,"device_errors":0,"device_lost":1,"caller_stall_probes":0,"pending_readbacks":0,"queue_len":0,"signal":1,"now_ms":1785594238561},"t":1785594238561}
[page] [jolt-webgpu] engine.run caller stalled 352404 ms: {"jobs_submitted":1139,"jobs_started":1139,"jobs_finished":1138,"current_job_start_ms":1785593888385,"last_submit_ms":1785593888385,"last_drain_enter_ms":1785593888385,"last_drain_exit_ms":1785593888385,"device_errors":0,"device_lost":1,"caller_stall_probes":69,"pending_readbacks":0,"queue_len":0,"signal":1139,"now_ms":1785594240789}
[page] [gpu-worker][wedge] {"kind":"device","drainTraps":0,"rescuedWakeups":0,"signal":1,"engine":{"jobs_submitted":1,"jobs_started":1,"jobs_finished":1,"current_job_start_ms":0,"last_submit_ms":1785593738490,"last_drain_enter_ms":1785594243418,"last_drain_exit_ms":1785594243418,"device_errors":0,"device_lost":1,"caller_stall_probes":0,"pending_readbacks":0,"queue_len":0,"signal":1,"now_ms":1785594243543},"t":1785594243543}
[page] [gpu-worker][wedge] {"kind":"stall","jobDied":false,"stuckJob":true,"jobAgeMs":355158,"drainTraps":0,"rescuedWakeups":0,"signal":1139,"engine":{"jobs_submitted":1139,"jobs_started":1139,"jobs_finished":1138,"current_job_start_ms":1785593888385,"last_submit_ms":1785593888385,"last_drain_enter_ms":1785593888385,"last_drain_exit_ms":1785593888385,"device_errors":0,"device_lost":1,"caller_stall_probes":69,"pending_readbacks":0,"queue_len":0,"signal":1139,"now_ms":1785594243544},"t":1785594243544}
[page] [jolt-webgpu] engine.run caller stalled 357524 ms: {"jobs_submitted":1139,"jobs_started":1139,"jobs_finished":1138,"current_job_start_ms":1785593888385,"last_submit_ms":1785593888385,"last_drain_enter_ms":1785593888385,"last_drain_exit_ms":1785593888385,"device_errors":0,"device_lost":1,"caller_stall_probes":70,"pending_readbacks":0,"queue_len":0,"signal":1139,"now_ms":1785594245909}
[page] [gpu-worker][wedge] {"kind":"stall","jobDied":false,"stuckJob":true,"jobAgeMs":360138,"drainTraps":0,"rescuedWakeups":0,"signal":1139,"engine":{"jobs_submitted":1139,"jobs_started":1139,"jobs_finished":1138,"current_job_start_ms":1785593888385,"last_submit_ms":1785593888385,"last_drain_enter_ms":1785593888385,"last_drain_exit_ms":1785593888385,"device_errors":0,"device_lost":1,"caller_stall_probes":70,"pending_readbacks":0,"queue_len":0,"signal":1139,"now_ms":1785594248523},"t":1785594248523}
[page] [gpu-worker][wedge] {"kind":"device","drainTraps":0,"rescuedWakeups":0,"signal":1,"engine":{"jobs_submitted":1,"jobs_started":1,"jobs_finished":1,"current_job_start_ms":0,"last_submit_ms":1785593738490,"last_drain_enter_ms":1785594248523,"last_drain_exit_ms":1785594248523,"device_errors":0,"device_lost":1,"caller_stall_probes":0,"pending_readbacks":0,"queue_len":0,"signal":1,"now_ms":1785594248524},"t":1785594248524}
[page] [jolt-webgpu] engine.run caller stalled 362675 ms: {"jobs_submitted":1139,"jobs_started":1139,"jobs_finished":1138,"current_job_start_ms":1785593888385,"last_submit_ms":1785593888385,"last_drain_enter_ms":1785593888385,"last_drain_exit_ms":1785593888385,"device_errors":0,"device_lost":1,"caller_stall_probes":71,"pending_readbacks":0,"queue_len":0,"signal":1139,"now_ms":1785594251060}
[page] [gpu-worker][wedge] {"kind":"stall","jobDied":false,"stuckJob":true,"jobAgeMs":365175,"drainTraps":0,"rescuedWakeups":0,"signal":1139,"engine":{"jobs_submitted":1139,"jobs_started":1139,"jobs_finished":1138,"current_job_start_ms":1785593888385,"last_submit_ms":1785593888385,"last_drain_enter_ms":1785593888385,"last_drain_exit_ms":1785593888385,"device_errors":0,"device_lost":1,"caller_stall_probes":71,"pending_readbacks":0,"queue_len":0,"signal":1139,"now_ms":1785594253560},"t":1785594253560}
[page] [gpu-worker][wedge] {"kind":"device","drainTraps":0,"rescuedWakeups":0,"signal":1,"engine":{"jobs_submitted":1,"jobs_started":1,"jobs_finished":1,"current_job_start_ms":0,"last_submit_ms":1785593738490,"last_drain_enter_ms":1785594253429,"last_drain_exit_ms":1785594253429,"device_errors":0,"device_lost":1,"caller_stall_probes":0,"pending_readbacks":0,"queue_len":0,"signal":1,"now_ms":1785594253561},"t":1785594253561}
[page] [jolt-webgpu] engine.run caller stalled 367817 ms: {"jobs_submitted":1139,"jobs_started":1139,"jobs_finished":1138,"current_job_start_ms":1785593888385,"last_submit_ms":1785593888385,"last_drain_enter_ms":1785593888385,"last_drain_exit_ms":1785593888385,"device_errors":0,"device_lost":1,"caller_stall_probes":72,"pending_readbacks":0,"queue_len":0,"signal":1139,"now_ms":1785594256202}
[page] [gpu-worker][wedge] {"kind":"device","drainTraps":0,"rescuedWakeups":0,"signal":1,"engine":{"jobs_submitted":1,"jobs_started":1,"jobs_finished":1,"current_job_start_ms":0,"last_submit_ms":1785593738490,"last_drain_enter_ms":1785594258488,"last_drain_exit_ms":1785594258488,"device_errors":0,"device_lost":1,"caller_stall_probes":0,"pending_readbacks":0,"queue_len":0,"signal":1,"now_ms":1785594258515},"t":1785594258515}
[page] [gpu-worker][wedge] {"kind":"stall","jobDied":false,"stuckJob":true,"jobAgeMs":370131,"drainTraps":0,"rescuedWakeups":0,"signal":1139,"engine":{"jobs_submitted":1139,"jobs_started":1139,"jobs_finished":1138,"current_job_start_ms":1785593888385,"last_submit_ms":1785593888385,"last_drain_enter_ms":1785593888385,"last_drain_exit_ms":1785593888385,"device_errors":0,"device_lost":1,"caller_stall_probes":72,"pending_readbacks":0,"queue_len":0,"signal":1139,"now_ms":1785594258516},"t":1785594258516}
[page] [jolt-webgpu] engine.run caller stalled 372906 ms: {"jobs_submitted":1139,"jobs_started":1139,"jobs_finished":1138,"current_job_start_ms":1785593888385,"last_submit_ms":1785593888385,"last_drain_enter_ms":1785593888385,"last_drain_exit_ms":1785593888385,"device_errors":0,"device_lost":1,"caller_stall_probes":73,"pending_readbacks":0,"queue_len":0,"signal":1139,"now_ms":1785594261291}
[page] [gpu-worker][wedge] {"kind":"device","drainTraps":0,"rescuedWakeups":0,"signal":1,"engine":{"jobs_submitted":1,"jobs_started":1,"jobs_finished":1,"current_job_start_ms":0,"last_submit_ms":1785593738490,"last_drain_enter_ms":1785594263492,"last_drain_exit_ms":1785594263492,"device_errors":0,"device_lost":1,"caller_stall_probes":0,"pending_readbacks":0,"queue_len":0,"signal":1,"now_ms":1785594263492},"t":1785594263492}
[page] [gpu-worker][wedge] {"kind":"stall","jobDied":false,"stuckJob":true,"jobAgeMs":375107,"drainTraps":0,"rescuedWakeups":0,"signal":1139,"engine":{"jobs_submitted":1139,"jobs_started":1139,"jobs_finished":1138,"current_job_start_ms":1785593888385,"last_submit_ms":1785593888385,"last_drain_enter_ms":1785593888385,"last_drain_exit_ms":1785593888385,"device_errors":0,"device_lost":1,"caller_stall_probes":73,"pending_readbacks":0,"queue_len":0,"signal":1139,"now_ms":1785594263492},"t":1785594263492}
[page] [jolt-webgpu] engine.run caller stalled 378056 ms: {"jobs_submitted":1139,"jobs_started":1139,"jobs_finished":1138,"current_job_start_ms":1785593888385,"last_submit_ms":1785593888385,"last_drain_enter_ms":1785593888385,"last_drain_exit_ms":1785593888385,"device_errors":0,"device_lost":1,"caller_stall_probes":74,"pending_readbacks":0,"queue_len":0,"signal":1139,"now_ms":1785594266441}
[page] [gpu-worker][wedge] {"kind":"device","drainTraps":0,"rescuedWakeups":0,"signal":1,"engine":{"jobs_submitted":1,"jobs_started":1,"jobs_finished":1,"current_job_start_ms":0,"last_submit_ms":1785593738490,"last_drain_enter_ms":1785594268545,"last_drain_exit_ms":1785594268546,"device_errors":0,"device_lost":1,"caller_stall_probes":0,"pending_readbacks":0,"queue_len":0,"signal":1,"now_ms":1785594268546},"t":1785594268546}
[page] [gpu-worker][wedge] {"kind":"stall","jobDied":false,"stuckJob":true,"jobAgeMs":380161,"drainTraps":0,"rescuedWakeups":0,"signal":1139,"engine":{"jobs_submitted":1139,"jobs_started":1139,"jobs_finished":1138,"current_job_start_ms":1785593888385,"last_submit_ms":1785593888385,"last_drain_enter_ms":1785593888385,"last_drain_exit_ms":1785593888385,"device_errors":0,"device_lost":1,"caller_stall_probes":74,"pending_readbacks":0,"queue_len":0,"signal":1139,"now_ms":1785594268546},"t":1785594268546}
[page] [jolt-webgpu] engine.run caller stalled 383205 ms: {"jobs_submitted":1139,"jobs_started":1139,"jobs_finished":1138,"current_job_start_ms":1785593888385,"last_submit_ms":1785593888385,"last_drain_enter_ms":1785593888385,"last_drain_exit_ms":1785593888385,"device_errors":0,"device_lost":1,"caller_stall_probes":75,"pending_readbacks":0,"queue_len":0,"signal":1139,"now_ms":1785594271590}
[page] [gpu-worker][wedge] {"kind":"stall","jobDied":false,"stuckJob":true,"jobAgeMs":385232,"drainTraps":0,"rescuedWakeups":0,"signal":1139,"engine":{"jobs_submitted":1139,"jobs_started":1139,"jobs_finished":1138,"current_job_start_ms":1785593888385,"last_submit_ms":1785593888385,"last_drain_enter_ms":1785593888385,"last_drain_exit_ms":1785593888385,"device_errors":0,"device_lost":1,"caller_stall_probes":75,"pending_readbacks":0,"queue_len":0,"signal":1139,"now_ms":1785594273617},"t":1785594273617}
[page] [gpu-worker][wedge] {"kind":"device","drainTraps":0,"rescuedWakeups":0,"signal":1,"engine":{"jobs_submitted":1,"jobs_started":1,"jobs_finished":1,"current_job_start_ms":0,"last_submit_ms":1785593738490,"last_drain_enter_ms":1785594273436,"last_drain_exit_ms":1785594273436,"device_errors":0,"device_lost":1,"caller_stall_probes":0,"pending_readbacks":0,"queue_len":0,"signal":1,"now_ms":1785594273618},"t":1785594273618}
[page] [jolt-webgpu] engine.run caller stalled 388356 ms: {"jobs_submitted":1139,"jobs_started":1139,"jobs_finished":1138,"current_job_start_ms":1785593888385,"last_submit_ms":1785593888385,"last_drain_enter_ms":1785593888385,"last_drain_exit_ms":1785593888385,"device_errors":0,"device_lost":1,"caller_stall_probes":76,"pending_readbacks":0,"queue_len":0,"signal":1139,"now_ms":1785594276741}
[page] [gpu-worker][wedge] {"kind":"device","drainTraps":0,"rescuedWakeups":0,"signal":1,"engine":{"jobs_submitted":1,"jobs_started":1,"jobs_finished":1,"current_job_start_ms":0,"last_submit_ms":1785593738490,"last_drain_enter_ms":1785594278507,"last_drain_exit_ms":1785594278507,"device_errors":0,"device_lost":1,"caller_stall_probes":0,"pending_readbacks":0,"queue_len":0,"signal":1,"now_ms":1785594278507},"t":1785594278507}
[page] [gpu-worker][wedge] {"kind":"stall","jobDied":false,"stuckJob":true,"jobAgeMs":390123,"drainTraps":0,"rescuedWakeups":0,"signal":1139,"engine":{"jobs_submitted":1139,"jobs_started":1139,"jobs_finished":1138,"current_job_start_ms":1785593888385,"last_submit_ms":1785593888385,"last_drain_enter_ms":1785593888385,"last_drain_exit_ms":1785593888385,"device_errors":0,"device_lost":1,"caller_stall_probes":76,"pending_readbacks":0,"queue_len":0,"signal":1139,"now_ms":1785594278508},"t":1785594278508}
[page] [jolt-webgpu] engine.run caller stalled 393506 ms: {"jobs_submitted":1139,"jobs_started":1139,"jobs_finished":1138,"current_job_start_ms":1785593888385,"last_submit_ms":1785593888385,"last_drain_enter_ms":1785593888385,"last_drain_exit_ms":1785593888385,"device_errors":0,"device_lost":1,"caller_stall_probes":77,"pending_readbacks":0,"queue_len":0,"signal":1139,"now_ms":1785594281891}
[page] [gpu-worker][wedge] {"kind":"device","drainTraps":0,"rescuedWakeups":0,"signal":1,"engine":{"jobs_submitted":1,"jobs_started":1,"jobs_finished":1,"current_job_start_ms":0,"last_submit_ms":1785593738490,"last_drain_enter_ms":1785594283407,"last_drain_exit_ms":1785594283407,"device_errors":0,"device_lost":1,"caller_stall_probes":0,"pending_readbacks":0,"queue_len":0,"signal":1,"now_ms":1785594283529},"t":1785594283529}
[page] [gpu-worker][wedge] {"kind":"stall","jobDied":false,"stuckJob":true,"jobAgeMs":395144,"drainTraps":0,"rescuedWakeups":0,"signal":1139,"engine":{"jobs_submitted":1139,"jobs_started":1139,"jobs_finished":1138,"current_job_start_ms":1785593888385,"last_submit_ms":1785593888385,"last_drain_enter_ms":1785593888385,"last_drain_exit_ms":1785593888385,"device_errors":0,"device_lost":1,"caller_stall_probes":77,"pending_readbacks":0,"queue_len":0,"signal":1139,"now_ms":1785594283529},"t":1785594283530}
[page] [jolt-webgpu] engine.run caller stalled 398552 ms: {"jobs_submitted":1139,"jobs_started":1139,"jobs_finished":1138,"current_job_start_ms":1785593888385,"last_submit_ms":1785593888385,"last_drain_enter_ms":1785593888385,"last_drain_exit_ms":1785593888385,"device_errors":0,"device_lost":1,"caller_stall_probes":78,"pending_readbacks":0,"queue_len":0,"signal":1139,"now_ms":1785594286937}
[page] [gpu-worker][wedge] {"kind":"stall","jobDied":false,"stuckJob":true,"jobAgeMs":400147,"drainTraps":0,"rescuedWakeups":0,"signal":1139,"engine":{"jobs_submitted":1139,"jobs_started":1139,"jobs_finished":1138,"current_job_start_ms":1785593888385,"last_submit_ms":1785593888385,"last_drain_enter_ms":1785593888385,"last_drain_exit_ms":1785593888385,"device_errors":0,"device_lost":1,"caller_stall_probes":78,"pending_readbacks":0,"queue_len":0,"signal":1139,"now_ms":1785594288532},"t":1785594288532}
[page] [gpu-worker][wedge] {"kind":"device","drainTraps":0,"rescuedWakeups":0,"signal":1,"engine":{"jobs_submitted":1,"jobs_started":1,"jobs_finished":1,"current_job_start_ms":0,"last_submit_ms":1785593738490,"last_drain_enter_ms":1785594288473,"last_drain_exit_ms":1785594288473,"device_errors":0,"device_lost":1,"caller_stall_probes":0,"pending_readbacks":0,"queue_len":0,"signal":1,"now_ms":1785594288533},"t":1785594288533}
[page] [jolt-webgpu] engine.run caller stalled 403666 ms: {"jobs_submitted":1139,"jobs_started":1139,"jobs_finished":1138,"current_job_start_ms":1785593888385,"last_submit_ms":1785593888385,"last_drain_enter_ms":1785593888385,"last_drain_exit_ms":1785593888385,"device_errors":0,"device_lost":1,"caller_stall_probes":79,"pending_readbacks":0,"queue_len":0,"signal":1139,"now_ms":1785594292051}
[page] [gpu-worker][wedge] {"kind":"stall","jobDied":false,"stuckJob":true,"jobAgeMs":405160,"drainTraps":0,"rescuedWakeups":0,"signal":1139,"engine":{"jobs_submitted":1139,"jobs_started":1139,"jobs_finished":1138,"current_job_start_ms":1785593888385,"last_submit_ms":1785593888385,"last_drain_enter_ms":1785593888385,"last_drain_exit_ms":1785593888385,"device_errors":0,"device_lost":1,"caller_stall_probes":79,"pending_readbacks":0,"queue_len":0,"signal":1139,"now_ms":1785594293545},"t":1785594293545}
[page] [gpu-worker][wedge] {"kind":"device","drainTraps":0,"rescuedWakeups":0,"signal":1,"engine":{"jobs_submitted":1,"jobs_started":1,"jobs_finished":1,"current_job_start_ms":0,"last_submit_ms":1785593738490,"last_drain_enter_ms":1785594293546,"last_drain_exit_ms":1785594293546,"device_errors":0,"device_lost":1,"caller_stall_probes":0,"pending_readbacks":0,"queue_len":0,"signal":1,"now_ms":1785594293546},"t":1785594293546}
[page] [jolt-webgpu] engine.run caller stalled 408687 ms: {"jobs_submitted":1139,"jobs_started":1139,"jobs_finished":1138,"current_job_start_ms":1785593888385,"last_submit_ms":1785593888385,"last_drain_enter_ms":1785593888385,"last_drain_exit_ms":1785593888385,"device_errors":0,"device_lost":1,"caller_stall_probes":80,"pending_readbacks":0,"queue_len":0,"signal":1139,"now_ms":1785594297072}
[page] [gpu-worker][wedge] {"kind":"device","drainTraps":0,"rescuedWakeups":0,"signal":1,"engine":{"jobs_submitted":1,"jobs_started":1,"jobs_finished":1,"current_job_start_ms":0,"last_submit_ms":1785593738490,"last_drain_enter_ms":1785594298407,"last_drain_exit_ms":1785594298407,"device_errors":0,"device_lost":1,"caller_stall_probes":0,"pending_readbacks":0,"queue_len":0,"signal":1,"now_ms":1785594298532},"t":1785594298532}
[page] [gpu-worker][wedge] {"kind":"stall","jobDied":false,"stuckJob":true,"jobAgeMs":410148,"drainTraps":0,"rescuedWakeups":0,"signal":1139,"engine":{"jobs_submitted":1139,"jobs_started":1139,"jobs_finished":1138,"current_job_start_ms":1785593888385,"last_submit_ms":1785593888385,"last_drain_enter_ms":1785593888385,"last_drain_exit_ms":1785593888385,"device_errors":0,"device_lost":1,"caller_stall_probes":80,"pending_readbacks":0,"queue_len":0,"signal":1139,"now_ms":1785594298533},"t":1785594298533}
[page] [jolt-webgpu] engine.run caller stalled 413830 ms: {"jobs_submitted":1139,"jobs_started":1139,"jobs_finished":1138,"current_job_start_ms":1785593888385,"last_submit_ms":1785593888385,"last_drain_enter_ms":1785593888385,"last_drain_exit_ms":1785593888385,"device_errors":0,"device_lost":1,"caller_stall_probes":81,"pending_readbacks":0,"queue_len":0,"signal":1139,"now_ms":1785594302215}
[page] [gpu-worker][wedge] {"kind":"device","drainTraps":0,"rescuedWakeups":0,"signal":1,"engine":{"jobs_submitted":1,"jobs_started":1,"jobs_finished":1,"current_job_start_ms":0,"last_submit_ms":1785593738490,"last_drain_enter_ms":1785594303473,"last_drain_exit_ms":1785594303473,"device_errors":0,"device_lost":1,"caller_stall_probes":0,"pending_readbacks":0,"queue_len":0,"signal":1,"now_ms":1785594303603},"t":1785594303603}
[page] [gpu-worker][wedge] {"kind":"stall","jobDied":false,"stuckJob":true,"jobAgeMs":415218,"drainTraps":0,"rescuedWakeups":0,"signal":1139,"engine":{"jobs_submitted":1139,"jobs_started":1139,"jobs_finished":1138,"current_job_start_ms":1785593888385,"last_submit_ms":1785593888385,"last_drain_enter_ms":1785593888385,"last_drain_exit_ms":1785593888385,"device_errors":0,"device_lost":1,"caller_stall_probes":81,"pending_readbacks":0,"queue_len":0,"signal":1139,"now_ms":1785594303604},"t":1785594303604}
[page] [jolt-webgpu] engine.run caller stalled 418945 ms: {"jobs_submitted":1139,"jobs_started":1139,"jobs_finished":1138,"current_job_start_ms":1785593888385,"last_submit_ms":1785593888385,"last_drain_enter_ms":1785593888385,"last_drain_exit_ms":1785593888385,"device_errors":0,"device_lost":1,"caller_stall_probes":82,"pending_readbacks":0,"queue_len":0,"signal":1139,"now_ms":1785594307330}
[page] [gpu-worker][wedge] {"kind":"device","drainTraps":0,"rescuedWakeups":0,"signal":1,"engine":{"jobs_submitted":1,"jobs_started":1,"jobs_finished":1,"current_job_start_ms":0,"last_submit_ms":1785593738490,"last_drain_enter_ms":1785594308451,"last_drain_exit_ms":1785594308451,"device_errors":0,"device_lost":1,"caller_stall_probes":0,"pending_readbacks":0,"queue_len":0,"signal":1,"now_ms":1785594308517},"t":1785594308517}
[page] [gpu-worker][wedge] {"kind":"stall","jobDied":false,"stuckJob":true,"jobAgeMs":420132,"drainTraps":0,"rescuedWakeups":0,"signal":1139,"engine":{"jobs_submitted":1139,"jobs_started":1139,"jobs_finished":1138,"current_job_start_ms":1785593888385,"last_submit_ms":1785593888385,"last_drain_enter_ms":1785593888385,"last_drain_exit_ms":1785593888385,"device_errors":0,"device_lost":1,"caller_stall_probes":82,"pending_readbacks":0,"queue_len":0,"signal":1139,"now_ms":1785594308518},"t":1785594308518}
[page] [jolt-webgpu] engine.run caller stalled 424088 ms: {"jobs_submitted":1139,"jobs_started":1139,"jobs_finished":1138,"current_job_start_ms":1785593888385,"last_submit_ms":1785593888385,"last_drain_enter_ms":1785593888385,"last_drain_exit_ms":1785593888385,"device_errors":0,"device_lost":1,"caller_stall_probes":83,"pending_readbacks":0,"queue_len":0,"signal":1139,"now_ms":1785594312473}
[page] [gpu-worker][wedge] {"kind":"device","drainTraps":0,"rescuedWakeups":0,"signal":1,"engine":{"jobs_submitted":1,"jobs_started":1,"jobs_finished":1,"current_job_start_ms":0,"last_submit_ms":1785593738490,"last_drain_enter_ms":1785594313464,"last_drain_exit_ms":1785594313464,"device_errors":0,"device_lost":1,"caller_stall_probes":0,"pending_readbacks":0,"queue_len":0,"signal":1,"now_ms":1785594313618},"t":1785594313618}
[page] [gpu-worker][wedge] {"kind":"stall","jobDied":false,"stuckJob":true,"jobAgeMs":425233,"drainTraps":0,"rescuedWakeups":0,"signal":1139,"engine":{"jobs_submitted":1139,"jobs_started":1139,"jobs_finished":1138,"current_job_start_ms":1785593888385,"last_submit_ms":1785593888385,"last_drain_enter_ms":1785593888385,"last_drain_exit_ms":1785593888385,"device_errors":0,"device_lost":1,"caller_stall_probes":83,"pending_readbacks":0,"queue_len":0,"signal":1139,"now_ms":1785594313618},"t":1785594313618}
[page] [jolt-webgpu] engine.run caller stalled 429151 ms: {"jobs_submitted":1139,"jobs_started":1139,"jobs_finished":1138,"current_job_start_ms":1785593888385,"last_submit_ms":1785593888385,"last_drain_enter_ms":1785593888385,"last_drain_exit_ms":1785593888385,"device_errors":0,"device_lost":1,"caller_stall_probes":84,"pending_readbacks":0,"queue_len":0,"signal":1139,"now_ms":1785594317536}
[page] [gpu-worker][wedge] {"kind":"device","drainTraps":0,"rescuedWakeups":0,"signal":1,"engine":{"jobs_submitted":1,"jobs_started":1,"jobs_finished":1,"current_job_start_ms":0,"last_submit_ms":1785593738490,"last_drain_enter_ms":1785594318410,"last_drain_exit_ms":1785594318410,"device_errors":0,"device_lost":1,"caller_stall_probes":0,"pending_readbacks":0,"queue_len":0,"signal":1,"now_ms":1785594318532},"t":1785594318532}
[page] [gpu-worker][wedge] {"kind":"stall","jobDied":false,"stuckJob":true,"jobAgeMs":430148,"drainTraps":0,"rescuedWakeups":0,"signal":1139,"engine":{"jobs_submitted":1139,"jobs_started":1139,"jobs_finished":1138,"current_job_start_ms":1785593888385,"last_submit_ms":1785593888385,"last_drain_enter_ms":1785593888385,"last_drain_exit_ms":1785593888385,"device_errors":0,"device_lost":1,"caller_stall_probes":84,"pending_readbacks":0,"queue_len":0,"signal":1139,"now_ms":1785594318533},"t":1785594318533}
[page] [jolt-webgpu] engine.run caller stalled 434251 ms: {"jobs_submitted":1139,"jobs_started":1139,"jobs_finished":1138,"current_job_start_ms":1785593888385,"last_submit_ms":1785593888385,"last_drain_enter_ms":1785593888385,"last_drain_exit_ms":1785593888385,"device_errors":0,"device_lost":1,"caller_stall_probes":85,"pending_readbacks":0,"queue_len":0,"signal":1139,"now_ms":1785594322636}
[page] [gpu-worker][wedge] {"kind":"device","drainTraps":0,"rescuedWakeups":0,"signal":1,"engine":{"jobs_submitted":1,"jobs_started":1,"jobs_finished":1,"current_job_start_ms":0,"last_submit_ms":1785593738490,"last_drain_enter_ms":1785594323532,"last_drain_exit_ms":1785594323532,"device_errors":0,"device_lost":1,"caller_stall_probes":0,"pending_readbacks":0,"queue_len":0,"signal":1,"now_ms":1785594323533},"t":1785594323533}
[page] [gpu-worker][wedge] {"kind":"stall","jobDied":false,"stuckJob":true,"jobAgeMs":435147,"drainTraps":0,"rescuedWakeups":0,"signal":1139,"engine":{"jobs_submitted":1139,"jobs_started":1139,"jobs_finished":1138,"current_job_start_ms":1785593888385,"last_submit_ms":1785593888385,"last_drain_enter_ms":1785593888385,"last_drain_exit_ms":1785593888385,"device_errors":0,"device_lost":1,"caller_stall_probes":85,"pending_readbacks":0,"queue_len":0,"signal":1139,"now_ms":1785594323532},"t":1785594323533}
[page] [jolt-webgpu] engine.run caller stalled 439401 ms: {"jobs_submitted":1139,"jobs_started":1139,"jobs_finished":1138,"current_job_start_ms":1785593888385,"last_submit_ms":1785593888385,"last_drain_enter_ms":1785593888385,"last_drain_exit_ms":1785593888385,"device_errors":0,"device_lost":1,"caller_stall_probes":86,"pending_readbacks":0,"queue_len":0,"signal":1139,"now_ms":1785594327786}
[page] [gpu-worker][wedge] {"kind":"stall","jobDied":false,"stuckJob":true,"jobAgeMs":440144,"drainTraps":0,"rescuedWakeups":0,"signal":1139,"engine":{"jobs_submitted":1139,"jobs_started":1139,"jobs_finished":1138,"current_job_start_ms":1785593888385,"last_submit_ms":1785593888385,"last_drain_enter_ms":1785593888385,"last_drain_exit_ms":1785593888385,"device_errors":0,"device_lost":1,"caller_stall_probes":86,"pending_readbacks":0,"queue_len":0,"signal":1139,"now_ms":1785594328529},"t":1785594328529}
[page] [gpu-worker][wedge] {"kind":"device","drainTraps":0,"rescuedWakeups":0,"signal":1,"engine":{"jobs_submitted":1,"jobs_started":1,"jobs_finished":1,"current_job_start_ms":0,"last_submit_ms":1785593738490,"last_drain_enter_ms":1785594328529,"last_drain_exit_ms":1785594328529,"device_errors":0,"device_lost":1,"caller_stall_probes":0,"pending_readbacks":0,"queue_len":0,"signal":1,"now_ms":1785594328530},"t":1785594328530}
[page] [jolt-webgpu] engine.run caller stalled 444490 ms: {"jobs_submitted":1139,"jobs_started":1139,"jobs_finished":1138,"current_job_start_ms":1785593888385,"last_submit_ms":1785593888385,"last_drain_enter_ms":1785593888385,"last_drain_exit_ms":1785593888385,"device_errors":0,"device_lost":1,"caller_stall_probes":87,"pending_readbacks":0,"queue_len":0,"signal":1139,"now_ms":1785594332875}
[page] [gpu-worker][wedge] {"kind":"device","drainTraps":0,"rescuedWakeups":0,"signal":1,"engine":{"jobs_submitted":1,"jobs_started":1,"jobs_finished":1,"current_job_start_ms":0,"last_submit_ms":1785593738490,"last_drain_enter_ms":1785594333623,"last_drain_exit_ms":1785594333623,"device_errors":0,"device_lost":1,"caller_stall_probes":0,"pending_readbacks":0,"queue_len":0,"signal":1,"now_ms":1785594333624},"t":1785594333624}
[page] [gpu-worker][wedge] {"kind":"stall","jobDied":false,"stuckJob":true,"jobAgeMs":445239,"drainTraps":0,"rescuedWakeups":0,"signal":1139,"engine":{"jobs_submitted":1139,"jobs_started":1139,"jobs_finished":1138,"current_job_start_ms":1785593888385,"last_submit_ms":1785593888385,"last_drain_enter_ms":1785593888385,"last_drain_exit_ms":1785593888385,"device_errors":0,"device_lost":1,"caller_stall_probes":87,"pending_readbacks":0,"queue_len":0,"signal":1139,"now_ms":1785594333624},"t":1785594333624}
[page] [jolt-webgpu] engine.run caller stalled 449641 ms: {"jobs_submitted":1139,"jobs_started":1139,"jobs_finished":1138,"current_job_start_ms":1785593888385,"last_submit_ms":1785593888385,"last_drain_enter_ms":1785593888385,"last_drain_exit_ms":1785593888385,"device_errors":0,"device_lost":1,"caller_stall_probes":88,"pending_readbacks":0,"queue_len":0,"signal":1139,"now_ms":1785594338026}
[page] [gpu-worker][wedge] {"kind":"device","drainTraps":0,"rescuedWakeups":0,"signal":1,"engine":{"jobs_submitted":1,"jobs_started":1,"jobs_finished":1,"current_job_start_ms":0,"last_submit_ms":1785593738490,"last_drain_enter_ms":1785594338529,"last_drain_exit_ms":1785594338529,"device_errors":0,"device_lost":1,"caller_stall_probes":0,"pending_readbacks":0,"queue_len":0,"signal":1,"now_ms":1785594338529},"t":1785594338529}
[page] [gpu-worker][wedge] {"kind":"stall","jobDied":false,"stuckJob":true,"jobAgeMs":450144,"drainTraps":0,"rescuedWakeups":0,"signal":1139,"engine":{"jobs_submitted":1139,"jobs_started":1139,"jobs_finished":1138,"current_job_start_ms":1785593888385,"last_submit_ms":1785593888385,"last_drain_enter_ms":1785593888385,"last_drain_exit_ms":1785593888385,"device_errors":0,"device_lost":1,"caller_stall_probes":88,"pending_readbacks":0,"queue_len":0,"signal":1139,"now_ms":1785594338529},"t":1785594338529}
[page] [jolt-webgpu] engine.run caller stalled 454779 ms: {"jobs_submitted":1139,"jobs_started":1139,"jobs_finished":1138,"current_job_start_ms":1785593888385,"last_submit_ms":1785593888385,"last_drain_enter_ms":1785593888385,"last_drain_exit_ms":1785593888385,"device_errors":0,"device_lost":1,"caller_stall_probes":89,"pending_readbacks":0,"queue_len":0,"signal":1139,"now_ms":1785594343164}
[page] [gpu-worker][wedge] {"kind":"device","drainTraps":0,"rescuedWakeups":0,"signal":1,"engine":{"jobs_submitted":1,"jobs_started":1,"jobs_finished":1,"current_job_start_ms":0,"last_submit_ms":1785593738490,"last_drain_enter_ms":1785594343596,"last_drain_exit_ms":1785594343596,"device_errors":0,"device_lost":1,"caller_stall_probes":0,"pending_readbacks":0,"queue_len":0,"signal":1,"now_ms":1785594343596},"t":1785594343596}
[page] [gpu-worker][wedge] {"kind":"stall","jobDied":false,"stuckJob":true,"jobAgeMs":455212,"drainTraps":0,"rescuedWakeups":0,"signal":1139,"engine":{"jobs_submitted":1139,"jobs_started":1139,"jobs_finished":1138,"current_job_start_ms":1785593888385,"last_submit_ms":1785593888385,"last_drain_enter_ms":1785593888385,"last_drain_exit_ms":1785593888385,"device_errors":0,"device_lost":1,"caller_stall_probes":89,"pending_readbacks":0,"queue_len":0,"signal":1139,"now_ms":1785594343597},"t":1785594343597}
[page] [jolt-webgpu] engine.run caller stalled 459928 ms: {"jobs_submitted":1139,"jobs_started":1139,"jobs_finished":1138,"current_job_start_ms":1785593888385,"last_submit_ms":1785593888385,"last_drain_enter_ms":1785593888385,"last_drain_exit_ms":1785593888385,"device_errors":0,"device_lost":1,"caller_stall_probes":90,"pending_readbacks":0,"queue_len":0,"signal":1139,"now_ms":1785594348313}
[page] [gpu-worker][wedge] {"kind":"stall","jobDied":false,"stuckJob":true,"jobAgeMs":460144,"drainTraps":0,"rescuedWakeups":0,"signal":1139,"engine":{"jobs_submitted":1139,"jobs_started":1139,"jobs_finished":1138,"current_job_start_ms":1785593888385,"last_submit_ms":1785593888385,"last_drain_enter_ms":1785593888385,"last_drain_exit_ms":1785593888385,"device_errors":0,"device_lost":1,"caller_stall_probes":90,"pending_readbacks":0,"queue_len":0,"signal":1139,"now_ms":1785594348529},"t":1785594348529}
[page] [gpu-worker][wedge] {"kind":"device","drainTraps":0,"rescuedWakeups":0,"signal":1,"engine":{"jobs_submitted":1,"jobs_started":1,"jobs_finished":1,"current_job_start_ms":0,"last_submit_ms":1785593738490,"last_drain_enter_ms":1785594348530,"last_drain_exit_ms":1785594348530,"device_errors":0,"device_lost":1,"caller_stall_probes":0,"pending_readbacks":0,"queue_len":0,"signal":1,"now_ms":1785594348530},"t":1785594348530}
[page] [jolt-webgpu] engine.run caller stalled 465072 ms: {"jobs_submitted":1139,"jobs_started":1139,"jobs_finished":1138,"current_job_start_ms":1785593888385,"last_submit_ms":1785593888385,"last_drain_enter_ms":1785593888385,"last_drain_exit_ms":1785593888385,"device_errors":0,"device_lost":1,"caller_stall_probes":91,"pending_readbacks":0,"queue_len":0,"signal":1139,"now_ms":1785594353457}
[page] [gpu-worker][wedge] {"kind":"device","drainTraps":0,"rescuedWakeups":0,"signal":1,"engine":{"jobs_submitted":1,"jobs_started":1,"jobs_finished":1,"current_job_start_ms":0,"last_submit_ms":1785593738490,"last_drain_enter_ms":1785594353442,"last_drain_exit_ms":1785594353442,"device_errors":0,"device_lost":1,"caller_stall_probes":0,"pending_readbacks":0,"queue_len":0,"signal":1,"now_ms":1785594353612},"t":1785594353612}
[page] [gpu-worker][wedge] {"kind":"stall","jobDied":false,"stuckJob":true,"jobAgeMs":465227,"drainTraps":0,"rescuedWakeups":0,"signal":1139,"engine":{"jobs_submitted":1139,"jobs_started":1139,"jobs_finished":1138,"current_job_start_ms":1785593888385,"last_submit_ms":1785593888385,"last_drain_enter_ms":1785593888385,"last_drain_exit_ms":1785593888385,"device_errors":0,"device_lost":1,"caller_stall_probes":91,"pending_readbacks":0,"queue_len":0,"signal":1139,"now_ms":1785594353612},"t":1785594353612}
[page] [gpu-worker][wedge] {"kind":"device","drainTraps":0,"rescuedWakeups":0,"signal":1,"engine":{"jobs_submitted":1,"jobs_started":1,"jobs_finished":1,"current_job_start_ms":0,"last_submit_ms":1785593738490,"last_drain_enter_ms":1785594358487,"last_drain_exit_ms":1785594358487,"device_errors":0,"device_lost":1,"caller_stall_probes":0,"pending_readbacks":0,"queue_len":0,"signal":1,"now_ms":1785594358500},"t":1785594358500}
[page] [gpu-worker][wedge] {"kind":"stall","jobDied":false,"stuckJob":true,"jobAgeMs":470116,"drainTraps":0,"rescuedWakeups":0,"signal":1139,"engine":{"jobs_submitted":1139,"jobs_started":1139,"jobs_finished":1138,"current_job_start_ms":1785593888385,"last_submit_ms":1785593888385,"last_drain_enter_ms":1785593888385,"last_drain_exit_ms":1785593888385,"device_errors":0,"device_lost":1,"caller_stall_probes":91,"pending_readbacks":0,"queue_len":0,"signal":1139,"now_ms":1785594358501},"t":1785594358501}
[page] [jolt-webgpu] engine.run caller stalled 470189 ms: {"jobs_submitted":1139,"jobs_started":1139,"jobs_finished":1138,"current_job_start_ms":1785593888385,"last_submit_ms":1785593888385,"last_drain_enter_ms":1785593888385,"last_drain_exit_ms":1785593888385,"device_errors":0,"device_lost":1,"caller_stall_probes":92,"pending_readbacks":0,"queue_len":0,"signal":1139,"now_ms":1785594358574}
[page] [gpu-worker][wedge] {"kind":"device","drainTraps":0,"rescuedWakeups":0,"signal":1,"engine":{"jobs_submitted":1,"jobs_started":1,"jobs_finished":1,"current_job_start_ms":0,"last_submit_ms":1785593738490,"last_drain_enter_ms":1785594363447,"last_drain_exit_ms":1785594363447,"device_errors":0,"device_lost":1,"caller_stall_probes":0,"pending_readbacks":0,"queue_len":0,"signal":1,"now_ms":1785594363533},"t":1785594363533}
[page] [gpu-worker][wedge] {"kind":"stall","jobDied":false,"stuckJob":true,"jobAgeMs":475148,"drainTraps":0,"rescuedWakeups":0,"signal":1139,"engine":{"jobs_submitted":1139,"jobs_started":1139,"jobs_finished":1138,"current_job_start_ms":1785593888385,"last_submit_ms":1785593888385,"last_drain_enter_ms":1785593888385,"last_drain_exit_ms":1785593888385,"device_errors":0,"device_lost":1,"caller_stall_probes":92,"pending_readbacks":0,"queue_len":0,"signal":1139,"now_ms":1785594363533},"t":1785594363533}
[page] [jolt-webgpu] engine.run caller stalled 475272 ms: {"jobs_submitted":1139,"jobs_started":1139,"jobs_finished":1138,"current_job_start_ms":1785593888385,"last_submit_ms":1785593888385,"last_drain_enter_ms":1785593888385,"last_drain_exit_ms":1785593888385,"device_errors":0,"device_lost":1,"caller_stall_probes":93,"pending_readbacks":0,"queue_len":0,"signal":1139,"now_ms":1785594363657}
[page] [gpu-worker][wedge] {"kind":"device","drainTraps":0,"rescuedWakeups":0,"signal":1,"engine":{"jobs_submitted":1,"jobs_started":1,"jobs_finished":1,"current_job_start_ms":0,"last_submit_ms":1785593738490,"last_drain_enter_ms":1785594368560,"last_drain_exit_ms":1785594368560,"device_errors":0,"device_lost":1,"caller_stall_probes":0,"pending_readbacks":0,"queue_len":0,"signal":1,"now_ms":1785594368560},"t":1785594368560}
[page] [gpu-worker][wedge] {"kind":"stall","jobDied":false,"stuckJob":true,"jobAgeMs":480176,"drainTraps":0,"rescuedWakeups":0,"signal":1139,"engine":{"jobs_submitted":1139,"jobs_started":1139,"jobs_finished":1138,"current_job_start_ms":1785593888385,"last_submit_ms":1785593888385,"last_drain_enter_ms":1785593888385,"last_drain_exit_ms":1785593888385,"device_errors":0,"device_lost":1,"caller_stall_probes":93,"pending_readbacks":0,"queue_len":0,"signal":1139,"now_ms":1785594368561},"t":1785594368561}
[page] [jolt-webgpu] engine.run caller stalled 480357 ms: {"jobs_submitted":1139,"jobs_started":1139,"jobs_finished":1138,"current_job_start_ms":1785593888385,"last_submit_ms":1785593888385,"last_drain_enter_ms":1785593888385,"last_drain_exit_ms":1785593888385,"device_errors":0,"device_lost":1,"caller_stall_probes":94,"pending_readbacks":0,"queue_len":0,"signal":1139,"now_ms":1785594368742}
[page] [gpu-worker][wedge] {"kind":"stall","jobDied":false,"stuckJob":true,"jobAgeMs":485133,"drainTraps":0,"rescuedWakeups":0,"signal":1139,"engine":{"jobs_submitted":1139,"jobs_started":1139,"jobs_finished":1138,"current_job_start_ms":1785593888385,"last_submit_ms":1785593888385,"last_drain_enter_ms":1785593888385,"last_drain_exit_ms":1785593888385,"device_errors":0,"device_lost":1,"caller_stall_probes":94,"pending_readbacks":0,"queue_len":0,"signal":1139,"now_ms":1785594373518},"t":1785594373518}
[page] [gpu-worker][wedge] {"kind":"device","drainTraps":0,"rescuedWakeups":0,"signal":1,"engine":{"jobs_submitted":1,"jobs_started":1,"jobs_finished":1,"current_job_start_ms":0,"last_submit_ms":1785593738490,"last_drain_enter_ms":1785594373483,"last_drain_exit_ms":1785594373483,"device_errors":0,"device_lost":1,"caller_stall_probes":0,"pending_readbacks":0,"queue_len":0,"signal":1,"now_ms":1785594373519},"t":1785594373519}
[page] [jolt-webgpu] engine.run caller stalled 485481 ms: {"jobs_submitted":1139,"jobs_started":1139,"jobs_finished":1138,"current_job_start_ms":1785593888385,"last_submit_ms":1785593888385,"last_drain_enter_ms":1785593888385,"last_drain_exit_ms":1785593888385,"device_errors":0,"device_lost":1,"caller_stall_probes":95,"pending_readbacks":0,"queue_len":0,"signal":1139,"now_ms":1785594373866}
[page] [gpu-worker][wedge] {"kind":"stall","jobDied":false,"stuckJob":true,"jobAgeMs":490179,"drainTraps":0,"rescuedWakeups":0,"signal":1139,"engine":{"jobs_submitted":1139,"jobs_started":1139,"jobs_finished":1138,"current_job_start_ms":1785593888385,"last_submit_ms":1785593888385,"last_drain_enter_ms":1785593888385,"last_drain_exit_ms":1785593888385,"device_errors":0,"device_lost":1,"caller_stall_probes":95,"pending_readbacks":0,"queue_len":0,"signal":1139,"now_ms":1785594378564},"t":1785594378564}
[page] [gpu-worker][wedge] {"kind":"device","drainTraps":0,"rescuedWakeups":0,"signal":1,"engine":{"jobs_submitted":1,"jobs_started":1,"jobs_finished":1,"current_job_start_ms":0,"last_submit_ms":1785593738490,"last_drain_enter_ms":1785594378451,"last_drain_exit_ms":1785594378451,"device_errors":0,"device_lost":1,"caller_stall_probes":0,"pending_readbacks":0,"queue_len":0,"signal":1,"now_ms":1785594378565},"t":1785594378565}
[page] [jolt-webgpu] engine.run caller stalled 490581 ms: {"jobs_submitted":1139,"jobs_started":1139,"jobs_finished":1138,"current_job_start_ms":1785593888385,"last_submit_ms":1785593888385,"last_drain_enter_ms":1785593888385,"last_drain_exit_ms":1785593888385,"device_errors":0,"device_lost":1,"caller_stall_probes":96,"pending_readbacks":0,"queue_len":0,"signal":1139,"now_ms":1785594378966}
[page] [gpu-worker][wedge] {"kind":"device","drainTraps":0,"rescuedWakeups":0,"signal":1,"engine":{"jobs_submitted":1,"jobs_started":1,"jobs_finished":1,"current_job_start_ms":0,"last_submit_ms":1785593738490,"last_drain_enter_ms":1785594383503,"last_drain_exit_ms":1785594383503,"device_errors":0,"device_lost":1,"caller_stall_probes":0,"pending_readbacks":0,"queue_len":0,"signal":1,"now_ms":1785594383503},"t":1785594383503}
[page] [gpu-worker][wedge] {"kind":"stall","jobDied":false,"stuckJob":true,"jobAgeMs":495119,"drainTraps":0,"rescuedWakeups":0,"signal":1139,"engine":{"jobs_submitted":1139,"jobs_started":1139,"jobs_finished":1138,"current_job_start_ms":1785593888385,"last_submit_ms":1785593888385,"last_drain_enter_ms":1785593888385,"last_drain_exit_ms":1785593888385,"device_errors":0,"device_lost":1,"caller_stall_probes":96,"pending_readbacks":0,"queue_len":0,"signal":1139,"now_ms":1785594383504},"t":1785594383504}
[page] [jolt-webgpu] engine.run caller stalled 495717 ms: {"jobs_submitted":1139,"jobs_started":1139,"jobs_finished":1138,"current_job_start_ms":1785593888385,"last_submit_ms":1785593888385,"last_drain_enter_ms":1785593888385,"last_drain_exit_ms":1785593888385,"device_errors":0,"device_lost":1,"caller_stall_probes":97,"pending_readbacks":0,"queue_len":0,"signal":1139,"now_ms":1785594384102}
[page] [gpu-worker][wedge] {"kind":"device","drainTraps":0,"rescuedWakeups":0,"signal":1,"engine":{"jobs_submitted":1,"jobs_started":1,"jobs_finished":1,"current_job_start_ms":0,"last_submit_ms":1785593738490,"last_drain_enter_ms":1785594388532,"last_drain_exit_ms":1785594388532,"device_errors":0,"device_lost":1,"caller_stall_probes":0,"pending_readbacks":0,"queue_len":0,"signal":1,"now_ms":1785594388532},"t":1785594388532}
[page] [gpu-worker][wedge] {"kind":"stall","jobDied":false,"stuckJob":true,"jobAgeMs":500147,"drainTraps":0,"rescuedWakeups":0,"signal":1139,"engine":{"jobs_submitted":1139,"jobs_started":1139,"jobs_finished":1138,"current_job_start_ms":1785593888385,"last_submit_ms":1785593888385,"last_drain_enter_ms":1785593888385,"last_drain_exit_ms":1785593888385,"device_errors":0,"device_lost":1,"caller_stall_probes":97,"pending_readbacks":0,"queue_len":0,"signal":1139,"now_ms":1785594388533},"t":1785594388533}
[page] [jolt-webgpu] engine.run caller stalled 500832 ms: {"jobs_submitted":1139,"jobs_started":1139,"jobs_finished":1138,"current_job_start_ms":1785593888385,"last_submit_ms":1785593888385,"last_drain_enter_ms":1785593888385,"last_drain_exit_ms":1785593888385,"device_errors":0,"device_lost":1,"caller_stall_probes":98,"pending_readbacks":0,"queue_len":0,"signal":1139,"now_ms":1785594389217}
[page] [gpu-worker][wedge] {"kind":"device","drainTraps":0,"rescuedWakeups":0,"signal":1,"engine":{"jobs_submitted":1,"jobs_started":1,"jobs_finished":1,"current_job_start_ms":0,"last_submit_ms":1785593738490,"last_drain_enter_ms":1785594393439,"last_drain_exit_ms":1785594393439,"device_errors":0,"device_lost":1,"caller_stall_probes":0,"pending_readbacks":0,"queue_len":0,"signal":1,"now_ms":1785594393617},"t":1785594393617}
[page] [gpu-worker][wedge] {"kind":"stall","jobDied":false,"stuckJob":true,"jobAgeMs":505232,"drainTraps":0,"rescuedWakeups":0,"signal":1139,"engine":{"jobs_submitted":1139,"jobs_started":1139,"jobs_finished":1138,"current_job_start_ms":1785593888385,"last_submit_ms":1785593888385,"last_drain_enter_ms":1785593888385,"last_drain_exit_ms":1785593888385,"device_errors":0,"device_lost":1,"caller_stall_probes":98,"pending_readbacks":0,"queue_len":0,"signal":1139,"now_ms":1785594393617},"t":1785594393617}
[page] [jolt-webgpu] engine.run caller stalled 505980 ms: {"jobs_submitted":1139,"jobs_started":1139,"jobs_finished":1138,"current_job_start_ms":1785593888385,"last_submit_ms":1785593888385,"last_drain_enter_ms":1785593888385,"last_drain_exit_ms":1785593888385,"device_errors":0,"device_lost":1,"caller_stall_probes":99,"pending_readbacks":0,"queue_len":0,"signal":1139,"now_ms":1785594394365}
[page] [gpu-worker][wedge] {"kind":"stall","jobDied":false,"stuckJob":true,"jobAgeMs":510237,"drainTraps":0,"rescuedWakeups":0,"signal":1139,"engine":{"jobs_submitted":1139,"jobs_started":1139,"jobs_finished":1138,"current_job_start_ms":1785593888385,"last_submit_ms":1785593888385,"last_drain_enter_ms":1785593888385,"last_drain_exit_ms":1785593888385,"device_errors":0,"device_lost":1,"caller_stall_probes":99,"pending_readbacks":0,"queue_len":0,"signal":1139,"now_ms":1785594398622},"t":1785594398623}
[page] [gpu-worker][wedge] {"kind":"device","drainTraps":0,"rescuedWakeups":0,"signal":1,"engine":{"jobs_submitted":1,"jobs_started":1,"jobs_finished":1,"current_job_start_ms":0,"last_submit_ms":1785593738490,"last_drain_enter_ms":1785594398400,"last_drain_exit_ms":1785594398400,"device_errors":0,"device_lost":1,"caller_stall_probes":0,"pending_readbacks":0,"queue_len":0,"signal":1,"now_ms":1785594398623},"t":1785594398623}
[page] [jolt-webgpu] engine.run caller stalled 511121 ms: {"jobs_submitted":1139,"jobs_started":1139,"jobs_finished":1138,"current_job_start_ms":1785593888385,"last_submit_ms":1785593888385,"last_drain_enter_ms":1785593888385,"last_drain_exit_ms":1785593888385,"device_errors":0,"device_lost":1,"caller_stall_probes":100,"pending_readbacks":0,"queue_len":0,"signal":1139,"now_ms":1785594399506}
[page] [gpu-worker][wedge] {"kind":"device","drainTraps":0,"rescuedWakeups":0,"signal":1,"engine":{"jobs_submitted":1,"jobs_started":1,"jobs_finished":1,"current_job_start_ms":0,"last_submit_ms":1785593738490,"last_drain_enter_ms":1785594403482,"last_drain_exit_ms":1785594403482,"device_errors":0,"device_lost":1,"caller_stall_probes":0,"pending_readbacks":0,"queue_len":0,"signal":1,"now_ms":1785594403555},"t":1785594403555}
[page] [gpu-worker][wedge] {"kind":"stall","jobDied":false,"stuckJob":true,"jobAgeMs":515170,"drainTraps":0,"rescuedWakeups":0,"signal":1139,"engine":{"jobs_submitted":1139,"jobs_started":1139,"jobs_finished":1138,"current_job_start_ms":1785593888385,"last_submit_ms":1785593888385,"last_drain_enter_ms":1785593888385,"last_drain_exit_ms":1785593888385,"device_errors":0,"device_lost":1,"caller_stall_probes":100,"pending_readbacks":0,"queue_len":0,"signal":1139,"now_ms":1785594403555},"t":1785594403556}
[page] [jolt-webgpu] engine.run caller stalled 516271 ms: {"jobs_submitted":1139,"jobs_started":1139,"jobs_finished":1138,"current_job_start_ms":1785593888385,"last_submit_ms":1785593888385,"last_drain_enter_ms":1785593888385,"last_drain_exit_ms":1785593888385,"device_errors":0,"device_lost":1,"caller_stall_probes":101,"pending_readbacks":0,"queue_len":0,"signal":1139,"now_ms":1785594404656}
[page] [gpu-worker][wedge] {"kind":"device","drainTraps":0,"rescuedWakeups":0,"signal":1,"engine":{"jobs_submitted":1,"jobs_started":1,"jobs_finished":1,"current_job_start_ms":0,"last_submit_ms":1785593738490,"last_drain_enter_ms":1785594408477,"last_drain_exit_ms":1785594408477,"device_errors":0,"device_lost":1,"caller_stall_probes":0,"pending_readbacks":0,"queue_len":0,"signal":1,"now_ms":1785594408594},"t":1785594408594}
[page] [gpu-worker][wedge] {"kind":"stall","jobDied":false,"stuckJob":true,"jobAgeMs":520210,"drainTraps":0,"rescuedWakeups":0,"signal":1139,"engine":{"jobs_submitted":1139,"jobs_started":1139,"jobs_finished":1138,"current_job_start_ms":1785593888385,"last_submit_ms":1785593888385,"last_drain_enter_ms":1785593888385,"last_drain_exit_ms":1785593888385,"device_errors":0,"device_lost":1,"caller_stall_probes":101,"pending_readbacks":0,"queue_len":0,"signal":1139,"now_ms":1785594408595},"t":1785594408595}
[page] [jolt-webgpu] engine.run caller stalled 521379 ms: {"jobs_submitted":1139,"jobs_started":1139,"jobs_finished":1138,"current_job_start_ms":1785593888385,"last_submit_ms":1785593888385,"last_drain_enter_ms":1785593888385,"last_drain_exit_ms":1785593888385,"device_errors":0,"device_lost":1,"caller_stall_probes":102,"pending_readbacks":0,"queue_len":0,"signal":1139,"now_ms":1785594409764}
[page] [gpu-worker][wedge] {"kind":"stall","jobDied":false,"stuckJob":true,"jobAgeMs":525143,"drainTraps":0,"rescuedWakeups":0,"signal":1139,"engine":{"jobs_submitted":1139,"jobs_started":1139,"jobs_finished":1138,"current_job_start_ms":1785593888385,"last_submit_ms":1785593888385,"last_drain_enter_ms":1785593888385,"last_drain_exit_ms":1785593888385,"device_errors":0,"device_lost":1,"caller_stall_probes":102,"pending_readbacks":0,"queue_len":0,"signal":1139,"now_ms":1785594413528},"t":1785594413528}
[page] [gpu-worker][wedge] {"kind":"device","drainTraps":0,"rescuedWakeups":0,"signal":1,"engine":{"jobs_submitted":1,"jobs_started":1,"jobs_finished":1,"current_job_start_ms":0,"last_submit_ms":1785593738490,"last_drain_enter_ms":1785594413463,"last_drain_exit_ms":1785594413463,"device_errors":0,"device_lost":1,"caller_stall_probes":0,"pending_readbacks":0,"queue_len":0,"signal":1,"now_ms":1785594413528},"t":1785594413528}
[page] [jolt-webgpu] engine.run caller stalled 526497 ms: {"jobs_submitted":1139,"jobs_started":1139,"jobs_finished":1138,"current_job_start_ms":1785593888385,"last_submit_ms":1785593888385,"last_drain_enter_ms":1785593888385,"last_drain_exit_ms":1785593888385,"device_errors":0,"device_lost":1,"caller_stall_probes":103,"pending_readbacks":0,"queue_len":0,"signal":1139,"now_ms":1785594414882}
[page] [gpu-worker][wedge] {"kind":"device","drainTraps":0,"rescuedWakeups":0,"signal":1,"engine":{"jobs_submitted":1,"jobs_started":1,"jobs_finished":1,"current_job_start_ms":0,"last_submit_ms":1785593738490,"last_drain_enter_ms":1785594418630,"last_drain_exit_ms":1785594418630,"device_errors":0,"device_lost":1,"caller_stall_probes":0,"pending_readbacks":0,"queue_len":0,"signal":1,"now_ms":1785594418630},"t":1785594418630}
[page] [gpu-worker][wedge] {"kind":"stall","jobDied":false,"stuckJob":true,"jobAgeMs":530246,"drainTraps":0,"rescuedWakeups":0,"signal":1139,"engine":{"jobs_submitted":1139,"jobs_started":1139,"jobs_finished":1138,"current_job_start_ms":1785593888385,"last_submit_ms":1785593888385,"last_drain_enter_ms":1785593888385,"last_drain_exit_ms":1785593888385,"device_errors":0,"device_lost":1,"caller_stall_probes":103,"pending_readbacks":0,"queue_len":0,"signal":1139,"now_ms":1785594418631},"t":1785594418631}
[page] [jolt-webgpu] engine.run caller stalled 531639 ms: {"jobs_submitted":1139,"jobs_started":1139,"jobs_finished":1138,"current_job_start_ms":1785593888385,"last_submit_ms":1785593888385,"last_drain_enter_ms":1785593888385,"last_drain_exit_ms":1785593888385,"device_errors":0,"device_lost":1,"caller_stall_probes":104,"pending_readbacks":0,"queue_len":0,"signal":1139,"now_ms":1785594420024}
[page] [gpu-worker][wedge] {"kind":"stall","jobDied":false,"stuckJob":true,"jobAgeMs":535152,"drainTraps":0,"rescuedWakeups":0,"signal":1139,"engine":{"jobs_submitted":1139,"jobs_started":1139,"jobs_finished":1138,"current_job_start_ms":1785593888385,"last_submit_ms":1785593888385,"last_drain_enter_ms":1785593888385,"last_drain_exit_ms":1785593888385,"device_errors":0,"device_lost":1,"caller_stall_probes":104,"pending_readbacks":0,"queue_len":0,"signal":1139,"now_ms":1785594423537},"t":1785594423537}
[page] [gpu-worker][wedge] {"kind":"device","drainTraps":0,"rescuedWakeups":0,"signal":1,"engine":{"jobs_submitted":1,"jobs_started":1,"jobs_finished":1,"current_job_start_ms":0,"last_submit_ms":1785593738490,"last_drain_enter_ms":1785594423538,"last_drain_exit_ms":1785594423538,"device_errors":0,"device_lost":1,"caller_stall_probes":0,"pending_readbacks":0,"queue_len":0,"signal":1,"now_ms":1785594423538},"t":1785594423538}
[page] [jolt-webgpu] engine.run caller stalled 536681 ms: {"jobs_submitted":1139,"jobs_started":1139,"jobs_finished":1138,"current_job_start_ms":1785593888385,"last_submit_ms":1785593888385,"last_drain_enter_ms":1785593888385,"last_drain_exit_ms":1785593888385,"device_errors":0,"device_lost":1,"caller_stall_probes":105,"pending_readbacks":0,"queue_len":0,"signal":1139,"now_ms":1785594425066}
[page] [gpu-worker][wedge] {"kind":"stall","jobDied":false,"stuckJob":true,"jobAgeMs":540130,"drainTraps":0,"rescuedWakeups":0,"signal":1139,"engine":{"jobs_submitted":1139,"jobs_started":1139,"jobs_finished":1138,"current_job_start_ms":1785593888385,"last_submit_ms":1785593888385,"last_drain_enter_ms":1785593888385,"last_drain_exit_ms":1785593888385,"device_errors":0,"device_lost":1,"caller_stall_probes":105,"pending_readbacks":0,"queue_len":0,"signal":1139,"now_ms":1785594428516},"t":1785594428516}
[page] [gpu-worker][wedge] {"kind":"device","drainTraps":0,"rescuedWakeups":0,"signal":1,"engine":{"jobs_submitted":1,"jobs_started":1,"jobs_finished":1,"current_job_start_ms":0,"last_submit_ms":1785593738490,"last_drain_enter_ms":1785594428516,"last_drain_exit_ms":1785594428516,"device_errors":0,"device_lost":1,"caller_stall_probes":0,"pending_readbacks":0,"queue_len":0,"signal":1,"now_ms":1785594428516},"t":1785594428516}
[page] [jolt-webgpu] engine.run caller stalled 541832 ms: {"jobs_submitted":1139,"jobs_started":1139,"jobs_finished":1138,"current_job_start_ms":1785593888385,"last_submit_ms":1785593888385,"last_drain_enter_ms":1785593888385,"last_drain_exit_ms":1785593888385,"device_errors":0,"device_lost":1,"caller_stall_probes":106,"pending_readbacks":0,"queue_len":0,"signal":1139,"now_ms":1785594430217}
[page] [gpu-worker][wedge] {"kind":"device","drainTraps":0,"rescuedWakeups":0,"signal":1,"engine":{"jobs_submitted":1,"jobs_started":1,"jobs_finished":1,"current_job_start_ms":0,"last_submit_ms":1785593738490,"last_drain_enter_ms":1785594433519,"last_drain_exit_ms":1785594433519,"device_errors":0,"device_lost":1,"caller_stall_probes":0,"pending_readbacks":0,"queue_len":0,"signal":1,"now_ms":1785594433519},"t":1785594433519}
[page] [gpu-worker][wedge] {"kind":"stall","jobDied":false,"stuckJob":true,"jobAgeMs":545135,"drainTraps":0,"rescuedWakeups":0,"signal":1139,"engine":{"jobs_submitted":1139,"jobs_started":1139,"jobs_finished":1138,"current_job_start_ms":1785593888385,"last_submit_ms":1785593888385,"last_drain_enter_ms":1785593888385,"last_drain_exit_ms":1785593888385,"device_errors":0,"device_lost":1,"caller_stall_probes":106,"pending_readbacks":0,"queue_len":0,"signal":1139,"now_ms":1785594433520},"t":1785594433520}
[page] [jolt-webgpu] engine.run caller stalled 546958 ms: {"jobs_submitted":1139,"jobs_started":1139,"jobs_finished":1138,"current_job_start_ms":1785593888385,"last_submit_ms":1785593888385,"last_drain_enter_ms":1785593888385,"last_drain_exit_ms":1785593888385,"device_errors":0,"device_lost":1,"caller_stall_probes":107,"pending_readbacks":0,"queue_len":0,"signal":1139,"now_ms":1785594435343}
[page] [gpu-worker][wedge] {"kind":"device","drainTraps":0,"rescuedWakeups":0,"signal":1,"engine":{"jobs_submitted":1,"jobs_started":1,"jobs_finished":1,"current_job_start_ms":0,"last_submit_ms":1785593738490,"last_drain_enter_ms":1785594438420,"last_drain_exit_ms":1785594438420,"device_errors":0,"device_lost":1,"caller_stall_probes":0,"pending_readbacks":0,"queue_len":0,"signal":1,"now_ms":1785594438591},"t":1785594438591}
[page] [gpu-worker][wedge] {"kind":"stall","jobDied":false,"stuckJob":true,"jobAgeMs":550207,"drainTraps":0,"rescuedWakeups":0,"signal":1139,"engine":{"jobs_submitted":1139,"jobs_started":1139,"jobs_finished":1138,"current_job_start_ms":1785593888385,"last_submit_ms":1785593888385,"last_drain_enter_ms":1785593888385,"last_drain_exit_ms":1785593888385,"device_errors":0,"device_lost":1,"caller_stall_probes":107,"pending_readbacks":0,"queue_len":0,"signal":1139,"now_ms":1785594438592},"t":1785594438592}
[page] [jolt-webgpu] engine.run caller stalled 552005 ms: {"jobs_submitted":1139,"jobs_started":1139,"jobs_finished":1138,"current_job_start_ms":1785593888385,"last_submit_ms":1785593888385,"last_drain_enter_ms":1785593888385,"last_drain_exit_ms":1785593888385,"device_errors":0,"device_lost":1,"caller_stall_probes":108,"pending_readbacks":0,"queue_len":0,"signal":1139,"now_ms":1785594440390}
[page] [gpu-worker][wedge] {"kind":"stall","jobDied":false,"stuckJob":true,"jobAgeMs":555188,"drainTraps":0,"rescuedWakeups":0,"signal":1139,"engine":{"jobs_submitted":1139,"jobs_started":1139,"jobs_finished":1138,"current_job_start_ms":1785593888385,"last_submit_ms":1785593888385,"last_drain_enter_ms":1785593888385,"last_drain_exit_ms":1785593888385,"device_errors":0,"device_lost":1,"caller_stall_probes":108,"pending_readbacks":0,"queue_len":0,"signal":1139,"now_ms":1785594443573},"t":1785594443573}
[page] [gpu-worker][wedge] {"kind":"device","drainTraps":0,"rescuedWakeups":0,"signal":1,"engine":{"jobs_submitted":1,"jobs_started":1,"jobs_finished":1,"current_job_start_ms":0,"last_submit_ms":1785593738490,"last_drain_enter_ms":1785594443463,"last_drain_exit_ms":1785594443463,"device_errors":0,"device_lost":1,"caller_stall_probes":0,"pending_readbacks":0,"queue_len":0,"signal":1,"now_ms":1785594443573},"t":1785594443573}
[page] [jolt-webgpu] engine.run caller stalled 557156 ms: {"jobs_submitted":1139,"jobs_started":1139,"jobs_finished":1138,"current_job_start_ms":1785593888385,"last_submit_ms":1785593888385,"last_drain_enter_ms":1785593888385,"last_drain_exit_ms":1785593888385,"device_errors":0,"device_lost":1,"caller_stall_probes":109,"pending_readbacks":0,"queue_len":0,"signal":1139,"now_ms":1785594445541}
[page] [gpu-worker][wedge] {"kind":"stall","jobDied":false,"stuckJob":true,"jobAgeMs":560198,"drainTraps":0,"rescuedWakeups":0,"signal":1139,"engine":{"jobs_submitted":1139,"jobs_started":1139,"jobs_finished":1138,"current_job_start_ms":1785593888385,"last_submit_ms":1785593888385,"last_drain_enter_ms":1785593888385,"last_drain_exit_ms":1785593888385,"device_errors":0,"device_lost":1,"caller_stall_probes":109,"pending_readbacks":0,"queue_len":0,"signal":1139,"now_ms":1785594448583},"t":1785594448583}
[page] [gpu-worker][wedge] {"kind":"device","drainTraps":0,"rescuedWakeups":0,"signal":1,"engine":{"jobs_submitted":1,"jobs_started":1,"jobs_finished":1,"current_job_start_ms":0,"last_submit_ms":1785593738490,"last_drain_enter_ms":1785594448422,"last_drain_exit_ms":1785594448422,"device_errors":0,"device_lost":1,"caller_stall_probes":0,"pending_readbacks":0,"queue_len":0,"signal":1,"now_ms":1785594448583},"t":1785594448583}
[page] [jolt-webgpu] engine.run caller stalled 562306 ms: {"jobs_submitted":1139,"jobs_started":1139,"jobs_finished":1138,"current_job_start_ms":1785593888385,"last_submit_ms":1785593888385,"last_drain_enter_ms":1785593888385,"last_drain_exit_ms":1785593888385,"device_errors":0,"device_lost":1,"caller_stall_probes":110,"pending_readbacks":0,"queue_len":0,"signal":1139,"now_ms":1785594450691}
[page] [gpu-worker][wedge] {"kind":"stall","jobDied":false,"stuckJob":true,"jobAgeMs":565206,"drainTraps":0,"rescuedWakeups":0,"signal":1139,"engine":{"jobs_submitted":1139,"jobs_started":1139,"jobs_finished":1138,"current_job_start_ms":1785593888385,"last_submit_ms":1785593888385,"last_drain_enter_ms":1785593888385,"last_drain_exit_ms":1785593888385,"device_errors":0,"device_lost":1,"caller_stall_probes":110,"pending_readbacks":0,"queue_len":0,"signal":1139,"now_ms":1785594453591},"t":1785594453591}
[page] [gpu-worker][wedge] {"kind":"device","drainTraps":0,"rescuedWakeups":0,"signal":1,"engine":{"jobs_submitted":1,"jobs_started":1,"jobs_finished":1,"current_job_start_ms":0,"last_submit_ms":1785593738490,"last_drain_enter_ms":1785594453416,"last_drain_exit_ms":1785594453416,"device_errors":0,"device_lost":1,"caller_stall_probes":0,"pending_readbacks":0,"queue_len":0,"signal":1,"now_ms":1785594453592},"t":1785594453592}
[page] [jolt-webgpu] engine.run caller stalled 567457 ms: {"jobs_submitted":1139,"jobs_started":1139,"jobs_finished":1138,"current_job_start_ms":1785593888385,"last_submit_ms":1785593888385,"last_drain_enter_ms":1785593888385,"last_drain_exit_ms":1785593888385,"device_errors":0,"device_lost":1,"caller_stall_probes":111,"pending_readbacks":0,"queue_len":0,"signal":1139,"now_ms":1785594455842}
[page] [gpu-worker][wedge] {"kind":"device","drainTraps":0,"rescuedWakeups":0,"signal":1,"engine":{"jobs_submitted":1,"jobs_started":1,"jobs_finished":1,"current_job_start_ms":0,"last_submit_ms":1785593738490,"last_drain_enter_ms":1785594458516,"last_drain_exit_ms":1785594458516,"device_errors":0,"device_lost":1,"caller_stall_probes":0,"pending_readbacks":0,"queue_len":0,"signal":1,"now_ms":1785594458516},"t":1785594458516}
[page] [gpu-worker][wedge] {"kind":"stall","jobDied":false,"stuckJob":true,"jobAgeMs":570131,"drainTraps":0,"rescuedWakeups":0,"signal":1139,"engine":{"jobs_submitted":1139,"jobs_started":1139,"jobs_finished":1138,"current_job_start_ms":1785593888385,"last_submit_ms":1785593888385,"last_drain_enter_ms":1785593888385,"last_drain_exit_ms":1785593888385,"device_errors":0,"device_lost":1,"caller_stall_probes":111,"pending_readbacks":0,"queue_len":0,"signal":1139,"now_ms":1785594458516},"t":1785594458517}
[page] [jolt-webgpu] engine.run caller stalled 572474 ms: {"jobs_submitted":1139,"jobs_started":1139,"jobs_finished":1138,"current_job_start_ms":1785593888385,"last_submit_ms":1785593888385,"last_drain_enter_ms":1785593888385,"last_drain_exit_ms":1785593888385,"device_errors":0,"device_lost":1,"caller_stall_probes":112,"pending_readbacks":0,"queue_len":0,"signal":1139,"now_ms":1785594460859}
[page] [gpu-worker][wedge] {"kind":"device","drainTraps":0,"rescuedWakeups":0,"signal":1,"engine":{"jobs_submitted":1,"jobs_started":1,"jobs_finished":1,"current_job_start_ms":0,"last_submit_ms":1785593738490,"last_drain_enter_ms":1785594463496,"last_drain_exit_ms":1785594463496,"device_errors":0,"device_lost":1,"caller_stall_probes":0,"pending_readbacks":0,"queue_len":0,"signal":1,"now_ms":1785594463496},"t":1785594463496}
[page] [gpu-worker][wedge] {"kind":"stall","jobDied":false,"stuckJob":true,"jobAgeMs":575112,"drainTraps":0,"rescuedWakeups":0,"signal":1139,"engine":{"jobs_submitted":1139,"jobs_started":1139,"jobs_finished":1138,"current_job_start_ms":1785593888385,"last_submit_ms":1785593888385,"last_drain_enter_ms":1785593888385,"last_drain_exit_ms":1785593888385,"device_errors":0,"device_lost":1,"caller_stall_probes":112,"pending_readbacks":0,"queue_len":0,"signal":1139,"now_ms":1785594463497},"t":1785594463497}
[page] [jolt-webgpu] engine.run caller stalled 577603 ms: {"jobs_submitted":1139,"jobs_started":1139,"jobs_finished":1138,"current_job_start_ms":1785593888385,"last_submit_ms":1785593888385,"last_drain_enter_ms":1785593888385,"last_drain_exit_ms":1785593888385,"device_errors":0,"device_lost":1,"caller_stall_probes":113,"pending_readbacks":0,"queue_len":0,"signal":1139,"now_ms":1785594465988}
[page] [gpu-worker][wedge] {"kind":"stall","jobDied":false,"stuckJob":true,"jobAgeMs":580209,"drainTraps":0,"rescuedWakeups":0,"signal":1139,"engine":{"jobs_submitted":1139,"jobs_started":1139,"jobs_finished":1138,"current_job_start_ms":1785593888385,"last_submit_ms":1785593888385,"last_drain_enter_ms":1785593888385,"last_drain_exit_ms":1785593888385,"device_errors":0,"device_lost":1,"caller_stall_probes":113,"pending_readbacks":0,"queue_len":0,"signal":1139,"now_ms":1785594468594},"t":1785594468594}
[page] [gpu-worker][wedge] {"kind":"device","drainTraps":0,"rescuedWakeups":0,"signal":1,"engine":{"jobs_submitted":1,"jobs_started":1,"jobs_finished":1,"current_job_start_ms":0,"last_submit_ms":1785593738490,"last_drain_enter_ms":1785594468594,"last_drain_exit_ms":1785594468594,"device_errors":0,"device_lost":1,"caller_stall_probes":0,"pending_readbacks":0,"queue_len":0,"signal":1,"now_ms":1785594468594},"t":1785594468594}
[page] [jolt-webgpu] engine.run caller stalled 582620 ms: {"jobs_submitted":1139,"jobs_started":1139,"jobs_finished":1138,"current_job_start_ms":1785593888385,"last_submit_ms":1785593888385,"last_drain_enter_ms":1785593888385,"last_drain_exit_ms":1785593888385,"device_errors":0,"device_lost":1,"caller_stall_probes":114,"pending_readbacks":0,"queue_len":0,"signal":1139,"now_ms":1785594471005}
[page] [gpu-worker][wedge] {"kind":"stall","jobDied":false,"stuckJob":true,"jobAgeMs":585147,"drainTraps":0,"rescuedWakeups":0,"signal":1139,"engine":{"jobs_submitted":1139,"jobs_started":1139,"jobs_finished":1138,"current_job_start_ms":1785593888385,"last_submit_ms":1785593888385,"last_drain_enter_ms":1785593888385,"last_drain_exit_ms":1785593888385,"device_errors":0,"device_lost":1,"caller_stall_probes":114,"pending_readbacks":0,"queue_len":0,"signal":1139,"now_ms":1785594473532},"t":1785594473532}
[page] [gpu-worker][wedge] {"kind":"device","drainTraps":0,"rescuedWakeups":0,"signal":1,"engine":{"jobs_submitted":1,"jobs_started":1,"jobs_finished":1,"current_job_start_ms":0,"last_submit_ms":1785593738490,"last_drain_enter_ms":1785594473448,"last_drain_exit_ms":1785594473448,"device_errors":0,"device_lost":1,"caller_stall_probes":0,"pending_readbacks":0,"queue_len":0,"signal":1,"now_ms":1785594473532},"t":1785594473532}
[page] [jolt-webgpu] engine.run caller stalled 587771 ms: {"jobs_submitted":1139,"jobs_started":1139,"jobs_finished":1138,"current_job_start_ms":1785593888385,"last_submit_ms":1785593888385,"last_drain_enter_ms":1785593888385,"last_drain_exit_ms":1785593888385,"device_errors":0,"device_lost":1,"caller_stall_probes":115,"pending_readbacks":0,"queue_len":0,"signal":1139,"now_ms":1785594476156}
[page] [gpu-worker][wedge] {"kind":"device","drainTraps":0,"rescuedWakeups":0,"signal":1,"engine":{"jobs_submitted":1,"jobs_started":1,"jobs_finished":1,"current_job_start_ms":0,"last_submit_ms":1785593738490,"last_drain_enter_ms":1785594478622,"last_drain_exit_ms":1785594478622,"device_errors":0,"device_lost":1,"caller_stall_probes":0,"pending_readbacks":0,"queue_len":0,"signal":1,"now_ms":1785594478622},"t":1785594478622}
[page] [gpu-worker][wedge] {"kind":"stall","jobDied":false,"stuckJob":true,"jobAgeMs":590237,"drainTraps":0,"rescuedWakeups":0,"signal":1139,"engine":{"jobs_submitted":1139,"jobs_started":1139,"jobs_finished":1138,"current_job_start_ms":1785593888385,"last_submit_ms":1785593888385,"last_drain_enter_ms":1785593888385,"last_drain_exit_ms":1785593888385,"device_errors":0,"device_lost":1,"caller_stall_probes":115,"pending_readbacks":0,"queue_len":0,"signal":1139,"now_ms":1785594478622},"t":1785594478623}
[page] [jolt-webgpu] engine.run caller stalled 592908 ms: {"jobs_submitted":1139,"jobs_started":1139,"jobs_finished":1138,"current_job_start_ms":1785593888385,"last_submit_ms":1785593888385,"last_drain_enter_ms":1785593888385,"last_drain_exit_ms":1785593888385,"device_errors":0,"device_lost":1,"caller_stall_probes":116,"pending_readbacks":0,"queue_len":0,"signal":1139,"now_ms":1785594481293}
[page] [gpu-worker][wedge] {"kind":"device","drainTraps":0,"rescuedWakeups":0,"signal":1,"engine":{"jobs_submitted":1,"jobs_started":1,"jobs_finished":1,"current_job_start_ms":0,"last_submit_ms":1785593738490,"last_drain_enter_ms":1785594483401,"last_drain_exit_ms":1785594483401,"device_errors":0,"device_lost":1,"caller_stall_probes":0,"pending_readbacks":0,"queue_len":0,"signal":1,"now_ms":1785594483611},"t":1785594483611}
[page] [gpu-worker][wedge] {"kind":"stall","jobDied":false,"stuckJob":true,"jobAgeMs":595227,"drainTraps":0,"rescuedWakeups":0,"signal":1139,"engine":{"jobs_submitted":1139,"jobs_started":1139,"jobs_finished":1138,"current_job_start_ms":1785593888385,"last_submit_ms":1785593888385,"last_drain_enter_ms":1785593888385,"last_drain_exit_ms":1785593888385,"device_errors":0,"device_lost":1,"caller_stall_probes":116,"pending_readbacks":0,"queue_len":0,"signal":1139,"now_ms":1785594483612},"t":1785594483612}
[page] [jolt-webgpu] engine.run caller stalled 598022 ms: {"jobs_submitted":1139,"jobs_started":1139,"jobs_finished":1138,"current_job_start_ms":1785593888385,"last_submit_ms":1785593888385,"last_drain_enter_ms":1785593888385,"last_drain_exit_ms":1785593888385,"device_errors":0,"device_lost":1,"caller_stall_probes":117,"pending_readbacks":0,"queue_len":0,"signal":1139,"now_ms":1785594486407}
[page] [gpu-worker][wedge] {"kind":"stall","jobDied":false,"stuckJob":true,"jobAgeMs":600254,"drainTraps":0,"rescuedWakeups":0,"signal":1139,"engine":{"jobs_submitted":1139,"jobs_started":1139,"jobs_finished":1138,"current_job_start_ms":1785593888385,"last_submit_ms":1785593888385,"last_drain_enter_ms":1785593888385,"last_drain_exit_ms":1785593888385,"device_errors":0,"device_lost":1,"caller_stall_probes":117,"pending_readbacks":0,"queue_len":0,"signal":1139,"now_ms":1785594488639},"t":1785594488639}
[page] [gpu-worker][wedge] {"kind":"device","drainTraps":0,"rescuedWakeups":0,"signal":1,"engine":{"jobs_submitted":1,"jobs_started":1,"jobs_finished":1,"current_job_start_ms":0,"last_submit_ms":1785593738490,"last_drain_enter_ms":1785594488439,"last_drain_exit_ms":1785594488439,"device_errors":0,"device_lost":1,"caller_stall_probes":0,"pending_readbacks":0,"queue_len":0,"signal":1,"now_ms":1785594488639},"t":1785594488639}
[page] [jolt-webgpu] engine.run caller stalled 603171 ms: {"jobs_submitted":1139,"jobs_started":1139,"jobs_finished":1138,"current_job_start_ms":1785593888385,"last_submit_ms":1785593888385,"last_drain_enter_ms":1785593888385,"last_drain_exit_ms":1785593888385,"device_errors":0,"device_lost":1,"caller_stall_probes":118,"pending_readbacks":0,"queue_len":0,"signal":1139,"now_ms":1785594491556}
[page] [gpu-worker][wedge] {"kind":"device","drainTraps":0,"rescuedWakeups":0,"signal":1,"engine":{"jobs_submitted":1,"jobs_started":1,"jobs_finished":1,"current_job_start_ms":0,"last_submit_ms":1785593738490,"last_drain_enter_ms":1785594493474,"last_drain_exit_ms":1785594493474,"device_errors":0,"device_lost":1,"caller_stall_probes":0,"pending_readbacks":0,"queue_len":0,"signal":1,"now_ms":1785594493549},"t":1785594493549}
[page] [gpu-worker][wedge] {"kind":"stall","jobDied":false,"stuckJob":true,"jobAgeMs":605164,"drainTraps":0,"rescuedWakeups":0,"signal":1139,"engine":{"jobs_submitted":1139,"jobs_started":1139,"jobs_finished":1138,"current_job_start_ms":1785593888385,"last_submit_ms":1785593888385,"last_drain_enter_ms":1785593888385,"last_drain_exit_ms":1785593888385,"device_errors":0,"device_lost":1,"caller_stall_probes":118,"pending_readbacks":0,"queue_len":0,"signal":1139,"now_ms":1785594493549},"t":1785594493549}
[page] [jolt-webgpu] engine.run caller stalled 608298 ms: {"jobs_submitted":1139,"jobs_started":1139,"jobs_finished":1138,"current_job_start_ms":1785593888385,"last_submit_ms":1785593888385,"last_drain_enter_ms":1785593888385,"last_drain_exit_ms":1785593888385,"device_errors":0,"device_lost":1,"caller_stall_probes":119,"pending_readbacks":0,"queue_len":0,"signal":1139,"now_ms":1785594496683}
[page] [gpu-worker][wedge] {"kind":"device","drainTraps":0,"rescuedWakeups":0,"signal":1,"engine":{"jobs_submitted":1,"jobs_started":1,"jobs_finished":1,"current_job_start_ms":0,"last_submit_ms":1785593738490,"last_drain_enter_ms":1785594498559,"last_drain_exit_ms":1785594498559,"device_errors":0,"device_lost":1,"caller_stall_probes":0,"pending_readbacks":0,"queue_len":0,"signal":1,"now_ms":1785594498559},"t":1785594498560}
[page] [gpu-worker][wedge] {"kind":"stall","jobDied":false,"stuckJob":true,"jobAgeMs":610175,"drainTraps":0,"rescuedWakeups":0,"signal":1139,"engine":{"jobs_submitted":1139,"jobs_started":1139,"jobs_finished":1138,"current_job_start_ms":1785593888385,"last_submit_ms":1785593888385,"last_drain_enter_ms":1785593888385,"last_drain_exit_ms":1785593888385,"device_errors":0,"device_lost":1,"caller_stall_probes":119,"pending_readbacks":0,"queue_len":0,"signal":1139,"now_ms":1785594498560},"t":1785594498560}
[page] [jolt-webgpu] engine.run caller stalled 613397 ms: {"jobs_submitted":1139,"jobs_started":1139,"jobs_finished":1138,"current_job_start_ms":1785593888385,"last_submit_ms":1785593888385,"last_drain_enter_ms":1785593888385,"last_drain_exit_ms":1785593888385,"device_errors":0,"device_lost":1,"caller_stall_probes":120,"pending_readbacks":0,"queue_len":0,"signal":1139,"now_ms":1785594501782}
[page] [gpu-worker][wedge] {"kind":"stall","jobDied":false,"stuckJob":true,"jobAgeMs":615214,"drainTraps":0,"rescuedWakeups":0,"signal":1139,"engine":{"jobs_submitted":1139,"jobs_started":1139,"jobs_finished":1138,"current_job_start_ms":1785593888385,"last_submit_ms":1785593888385,"last_drain_enter_ms":1785593888385,"last_drain_exit_ms":1785593888385,"device_errors":0,"device_lost":1,"caller_stall_probes":120,"pending_readbacks":0,"queue_len":0,"signal":1139,"now_ms":1785594503599},"t":1785594503599}
[page] [gpu-worker][wedge] {"kind":"device","drainTraps":0,"rescuedWakeups":0,"signal":1,"engine":{"jobs_submitted":1,"jobs_started":1,"jobs_finished":1,"current_job_start_ms":0,"last_submit_ms":1785593738490,"last_drain_enter_ms":1785594503423,"last_drain_exit_ms":1785594503423,"device_errors":0,"device_lost":1,"caller_stall_probes":0,"pending_readbacks":0,"queue_len":0,"signal":1,"now_ms":1785594503599},"t":1785594503599}
[page] [jolt-webgpu] engine.run caller stalled 618522 ms: {"jobs_submitted":1139,"jobs_started":1139,"jobs_finished":1138,"current_job_start_ms":1785593888385,"last_submit_ms":1785593888385,"last_drain_enter_ms":1785593888385,"last_drain_exit_ms":1785593888385,"device_errors":0,"device_lost":1,"caller_stall_probes":121,"pending_readbacks":0,"queue_len":0,"signal":1139,"now_ms":1785594506907}
[page] [gpu-worker][wedge] {"kind":"device","drainTraps":0,"rescuedWakeups":0,"signal":1,"engine":{"jobs_submitted":1,"jobs_started":1,"jobs_finished":1,"current_job_start_ms":0,"last_submit_ms":1785593738490,"last_drain_enter_ms":1785594508550,"last_drain_exit_ms":1785594508550,"device_errors":0,"device_lost":1,"caller_stall_probes":0,"pending_readbacks":0,"queue_len":0,"signal":1,"now_ms":1785594508550},"t":1785594508550}
[page] [gpu-worker][wedge] {"kind":"stall","jobDied":false,"stuckJob":true,"jobAgeMs":620166,"drainTraps":0,"rescuedWakeups":0,"signal":1139,"engine":{"jobs_submitted":1139,"jobs_started":1139,"jobs_finished":1138,"current_job_start_ms":1785593888385,"last_submit_ms":1785593888385,"last_drain_enter_ms":1785593888385,"last_drain_exit_ms":1785593888385,"device_errors":0,"device_lost":1,"caller_stall_probes":121,"pending_readbacks":0,"queue_len":0,"signal":1139,"now_ms":1785594508551},"t":1785594508551}
[page] [jolt-webgpu] engine.run caller stalled 623572 ms: {"jobs_submitted":1139,"jobs_started":1139,"jobs_finished":1138,"current_job_start_ms":1785593888385,"last_submit_ms":1785593888385,"last_drain_enter_ms":1785593888385,"last_drain_exit_ms":1785593888385,"device_errors":0,"device_lost":1,"caller_stall_probes":122,"pending_readbacks":0,"queue_len":0,"signal":1139,"now_ms":1785594511957}
[page] [gpu-worker][wedge] {"kind":"device","drainTraps":0,"rescuedWakeups":0,"signal":1,"engine":{"jobs_submitted":1,"jobs_started":1,"jobs_finished":1,"current_job_start_ms":0,"last_submit_ms":1785593738490,"last_drain_enter_ms":1785594513453,"last_drain_exit_ms":1785594513453,"device_errors":0,"device_lost":1,"caller_stall_probes":0,"pending_readbacks":0,"queue_len":0,"signal":1,"now_ms":1785594513515},"t":1785594513515}
[page] [gpu-worker][wedge] {"kind":"stall","jobDied":false,"stuckJob":true,"jobAgeMs":625130,"drainTraps":0,"rescuedWakeups":0,"signal":1139,"engine":{"jobs_submitted":1139,"jobs_started":1139,"jobs_finished":1138,"current_job_start_ms":1785593888385,"last_submit_ms":1785593888385,"last_drain_enter_ms":1785593888385,"last_drain_exit_ms":1785593888385,"device_errors":0,"device_lost":1,"caller_stall_probes":122,"pending_readbacks":0,"queue_len":0,"signal":1139,"now_ms":1785594513515},"t":1785594513515}
[page] [jolt-webgpu] engine.run caller stalled 628706 ms: {"jobs_submitted":1139,"jobs_started":1139,"jobs_finished":1138,"current_job_start_ms":1785593888385,"last_submit_ms":1785593888385,"last_drain_enter_ms":1785593888385,"last_drain_exit_ms":1785593888385,"device_errors":0,"device_lost":1,"caller_stall_probes":123,"pending_readbacks":0,"queue_len":0,"signal":1139,"now_ms":1785594517091}
[page] [gpu-worker][wedge] {"kind":"stall","jobDied":false,"stuckJob":true,"jobAgeMs":630185,"drainTraps":0,"rescuedWakeups":0,"signal":1139,"engine":{"jobs_submitted":1139,"jobs_started":1139,"jobs_finished":1138,"current_job_start_ms":1785593888385,"last_submit_ms":1785593888385,"last_drain_enter_ms":1785593888385,"last_drain_exit_ms":1785593888385,"device_errors":0,"device_lost":1,"caller_stall_probes":123,"pending_readbacks":0,"queue_len":0,"signal":1139,"now_ms":1785594518570},"t":1785594518570}
[page] [gpu-worker][wedge] {"kind":"device","drainTraps":0,"rescuedWakeups":0,"signal":1,"engine":{"jobs_submitted":1,"jobs_started":1,"jobs_finished":1,"current_job_start_ms":0,"last_submit_ms":1785593738490,"last_drain_enter_ms":1785594518570,"last_drain_exit_ms":1785594518570,"device_errors":0,"device_lost":1,"caller_stall_probes":0,"pending_readbacks":0,"queue_len":0,"signal":1,"now_ms":1785594518570},"t":1785594518570}
[page] [jolt-webgpu] engine.run caller stalled 633727 ms: {"jobs_submitted":1139,"jobs_started":1139,"jobs_finished":1138,"current_job_start_ms":1785593888385,"last_submit_ms":1785593888385,"last_drain_enter_ms":1785593888385,"last_drain_exit_ms":1785593888385,"device_errors":0,"device_lost":1,"caller_stall_probes":124,"pending_readbacks":0,"queue_len":0,"signal":1139,"now_ms":1785594522112}
[page] [gpu-worker][wedge] {"kind":"device","drainTraps":0,"rescuedWakeups":0,"signal":1,"engine":{"jobs_submitted":1,"jobs_started":1,"jobs_finished":1,"current_job_start_ms":0,"last_submit_ms":1785593738490,"last_drain_enter_ms":1785594523481,"last_drain_exit_ms":1785594523481,"device_errors":0,"device_lost":1,"caller_stall_probes":0,"pending_readbacks":0,"queue_len":0,"signal":1,"now_ms":1785594523528},"t":1785594523528}
[page] [gpu-worker][wedge] {"kind":"stall","jobDied":false,"stuckJob":true,"jobAgeMs":635143,"drainTraps":0,"rescuedWakeups":0,"signal":1139,"engine":{"jobs_submitted":1139,"jobs_started":1139,"jobs_finished":1138,"current_job_start_ms":1785593888385,"last_submit_ms":1785593888385,"last_drain_enter_ms":1785593888385,"last_drain_exit_ms":1785593888385,"device_errors":0,"device_lost":1,"caller_stall_probes":124,"pending_readbacks":0,"queue_len":0,"signal":1139,"now_ms":1785594523528},"t":1785594523528}
[page] [jolt-webgpu] engine.run caller stalled 638815 ms: {"jobs_submitted":1139,"jobs_started":1139,"jobs_finished":1138,"current_job_start_ms":1785593888385,"last_submit_ms":1785593888385,"last_drain_enter_ms":1785593888385,"last_drain_exit_ms":1785593888385,"device_errors":0,"device_lost":1,"caller_stall_probes":125,"pending_readbacks":0,"queue_len":0,"signal":1139,"now_ms":1785594527200}
[page] [gpu-worker][wedge] {"kind":"stall","jobDied":false,"stuckJob":true,"jobAgeMs":640126,"drainTraps":0,"rescuedWakeups":0,"signal":1139,"engine":{"jobs_submitted":1139,"jobs_started":1139,"jobs_finished":1138,"current_job_start_ms":1785593888385,"last_submit_ms":1785593888385,"last_drain_enter_ms":1785593888385,"last_drain_exit_ms":1785593888385,"device_errors":0,"device_lost":1,"caller_stall_probes":125,"pending_readbacks":0,"queue_len":0,"signal":1139,"now_ms":1785594528512},"t":1785594528512}
[page] [gpu-worker][wedge] {"kind":"device","drainTraps":0,"rescuedWakeups":0,"signal":1,"engine":{"jobs_submitted":1,"jobs_started":1,"jobs_finished":1,"current_job_start_ms":0,"last_submit_ms":1785593738490,"last_drain_enter_ms":1785594528512,"last_drain_exit_ms":1785594528512,"device_errors":0,"device_lost":1,"caller_stall_probes":0,"pending_readbacks":0,"queue_len":0,"signal":1,"now_ms":1785594528513},"t":1785594528513}
[page] [jolt-webgpu] engine.run caller stalled 643945 ms: {"jobs_submitted":1139,"jobs_started":1139,"jobs_finished":1138,"current_job_start_ms":1785593888385,"last_submit_ms":1785593888385,"last_drain_enter_ms":1785593888385,"last_drain_exit_ms":1785593888385,"device_errors":0,"device_lost":1,"caller_stall_probes":126,"pending_readbacks":0,"queue_len":0,"signal":1139,"now_ms":1785594532330}
[page] [gpu-worker][wedge] {"kind":"stall","jobDied":false,"stuckJob":true,"jobAgeMs":645132,"drainTraps":0,"rescuedWakeups":0,"signal":1139,"engine":{"jobs_submitted":1139,"jobs_started":1139,"jobs_finished":1138,"current_job_start_ms":1785593888385,"last_submit_ms":1785593888385,"last_drain_enter_ms":1785593888385,"last_drain_exit_ms":1785593888385,"device_errors":0,"device_lost":1,"caller_stall_probes":126,"pending_readbacks":0,"queue_len":0,"signal":1139,"now_ms":1785594533517},"t":1785594533517}
[page] [gpu-worker][wedge] {"kind":"device","drainTraps":0,"rescuedWakeups":0,"signal":1,"engine":{"jobs_submitted":1,"jobs_started":1,"jobs_finished":1,"current_job_start_ms":0,"last_submit_ms":1785593738490,"last_drain_enter_ms":1785594533518,"last_drain_exit_ms":1785594533518,"device_errors":0,"device_lost":1,"caller_stall_probes":0,"pending_readbacks":0,"queue_len":0,"signal":1,"now_ms":1785594533518},"t":1785594533518}
[page] [jolt-webgpu] engine.run caller stalled 649023 ms: {"jobs_submitted":1139,"jobs_started":1139,"jobs_finished":1138,"current_job_start_ms":1785593888385,"last_submit_ms":1785593888385,"last_drain_enter_ms":1785593888385,"last_drain_exit_ms":1785593888385,"device_errors":0,"device_lost":1,"caller_stall_probes":127,"pending_readbacks":0,"queue_len":0,"signal":1139,"now_ms":1785594537408}
[page] [gpu-worker][wedge] {"kind":"device","drainTraps":0,"rescuedWakeups":0,"signal":1,"engine":{"jobs_submitted":1,"jobs_started":1,"jobs_finished":1,"current_job_start_ms":0,"last_submit_ms":1785593738490,"last_drain_enter_ms":1785594538448,"last_drain_exit_ms":1785594538448,"device_errors":0,"device_lost":1,"caller_stall_probes":0,"pending_readbacks":0,"queue_len":0,"signal":1,"now_ms":1785594538498},"t":1785594538498}
[page] [gpu-worker][wedge] {"kind":"stall","jobDied":false,"stuckJob":true,"jobAgeMs":650114,"drainTraps":0,"rescuedWakeups":0,"signal":1139,"engine":{"jobs_submitted":1139,"jobs_started":1139,"jobs_finished":1138,"current_job_start_ms":1785593888385,"last_submit_ms":1785593888385,"last_drain_enter_ms":1785593888385,"last_drain_exit_ms":1785593888385,"device_errors":0,"device_lost":1,"caller_stall_probes":127,"pending_readbacks":0,"queue_len":0,"signal":1139,"now_ms":1785594538499},"t":1785594538499}
[page] [jolt-webgpu] engine.run caller stalled 654171 ms: {"jobs_submitted":1139,"jobs_started":1139,"jobs_finished":1138,"current_job_start_ms":1785593888385,"last_submit_ms":1785593888385,"last_drain_enter_ms":1785593888385,"last_drain_exit_ms":1785593888385,"device_errors":0,"device_lost":1,"caller_stall_probes":128,"pending_readbacks":0,"queue_len":0,"signal":1139,"now_ms":1785594542556}
[page] [gpu-worker][wedge] {"kind":"stall","jobDied":false,"stuckJob":true,"jobAgeMs":655163,"drainTraps":0,"rescuedWakeups":0,"signal":1139,"engine":{"jobs_submitted":1139,"jobs_started":1139,"jobs_finished":1138,"current_job_start_ms":1785593888385,"last_submit_ms":1785593888385,"last_drain_enter_ms":1785593888385,"last_drain_exit_ms":1785593888385,"device_errors":0,"device_lost":1,"caller_stall_probes":128,"pending_readbacks":0,"queue_len":0,"signal":1139,"now_ms":1785594543549},"t":1785594543549}
[page] [gpu-worker][wedge] {"kind":"device","drainTraps":0,"rescuedWakeups":0,"signal":1,"engine":{"jobs_submitted":1,"jobs_started":1,"jobs_finished":1,"current_job_start_ms":0,"last_submit_ms":1785593738490,"last_drain_enter_ms":1785594543465,"last_drain_exit_ms":1785594543465,"device_errors":0,"device_lost":1,"caller_stall_probes":0,"pending_readbacks":0,"queue_len":0,"signal":1,"now_ms":1785594543549},"t":1785594543549}
[page] [jolt-webgpu] engine.run caller stalled 659220 ms: {"jobs_submitted":1139,"jobs_started":1139,"jobs_finished":1138,"current_job_start_ms":1785593888385,"last_submit_ms":1785593888385,"last_drain_enter_ms":1785593888385,"last_drain_exit_ms":1785593888385,"device_errors":0,"device_lost":1,"caller_stall_probes":129,"pending_readbacks":0,"queue_len":0,"signal":1139,"now_ms":1785594547605}
[page] [gpu-worker][wedge] {"kind":"stall","jobDied":false,"stuckJob":true,"jobAgeMs":660231,"drainTraps":0,"rescuedWakeups":0,"signal":1139,"engine":{"jobs_submitted":1139,"jobs_started":1139,"jobs_finished":1138,"current_job_start_ms":1785593888385,"last_submit_ms":1785593888385,"last_drain_enter_ms":1785593888385,"last_drain_exit_ms":1785593888385,"device_errors":0,"device_lost":1,"caller_stall_probes":129,"pending_readbacks":0,"queue_len":0,"signal":1139,"now_ms":1785594548616},"t":1785594548616}
[page] [gpu-worker][wedge] {"kind":"device","drainTraps":0,"rescuedWakeups":0,"signal":1,"engine":{"jobs_submitted":1,"jobs_started":1,"jobs_finished":1,"current_job_start_ms":0,"last_submit_ms":1785593738490,"last_drain_enter_ms":1785594548450,"last_drain_exit_ms":1785594548450,"device_errors":0,"device_lost":1,"caller_stall_probes":0,"pending_readbacks":0,"queue_len":0,"signal":1,"now_ms":1785594548616},"t":1785594548616}
[page] [jolt-webgpu] engine.run caller stalled 664345 ms: {"jobs_submitted":1139,"jobs_started":1139,"jobs_finished":1138,"current_job_start_ms":1785593888385,"last_submit_ms":1785593888385,"last_drain_enter_ms":1785593888385,"last_drain_exit_ms":1785593888385,"device_errors":0,"device_lost":1,"caller_stall_probes":130,"pending_readbacks":0,"queue_len":0,"signal":1139,"now_ms":1785594552730}
[page] [gpu-worker][wedge] {"kind":"device","drainTraps":0,"rescuedWakeups":0,"signal":1,"engine":{"jobs_submitted":1,"jobs_started":1,"jobs_finished":1,"current_job_start_ms":0,"last_submit_ms":1785593738490,"last_drain_enter_ms":1785594553551,"last_drain_exit_ms":1785594553551,"device_errors":0,"device_lost":1,"caller_stall_probes":0,"pending_readbacks":0,"queue_len":0,"signal":1,"now_ms":1785594553551},"t":1785594553551}
[page] [gpu-worker][wedge] {"kind":"stall","jobDied":false,"stuckJob":true,"jobAgeMs":665167,"drainTraps":0,"rescuedWakeups":0,"signal":1139,"engine":{"jobs_submitted":1139,"jobs_started":1139,"jobs_finished":1138,"current_job_start_ms":1785593888385,"last_submit_ms":1785593888385,"last_drain_enter_ms":1785593888385,"last_drain_exit_ms":1785593888385,"device_errors":0,"device_lost":1,"caller_stall_probes":130,"pending_readbacks":0,"queue_len":0,"signal":1139,"now_ms":1785594553552},"t":1785594553552}
[page] [jolt-webgpu] engine.run caller stalled 669495 ms: {"jobs_submitted":1139,"jobs_started":1139,"jobs_finished":1138,"current_job_start_ms":1785593888385,"last_submit_ms":1785593888385,"last_drain_enter_ms":1785593888385,"last_drain_exit_ms":1785593888385,"device_errors":0,"device_lost":1,"caller_stall_probes":131,"pending_readbacks":0,"queue_len":0,"signal":1139,"now_ms":1785594557880}
[page] [gpu-worker][wedge] {"kind":"device","drainTraps":0,"rescuedWakeups":0,"signal":1,"engine":{"jobs_submitted":1,"jobs_started":1,"jobs_finished":1,"current_job_start_ms":0,"last_submit_ms":1785593738490,"last_drain_enter_ms":1785594558489,"last_drain_exit_ms":1785594558489,"device_errors":0,"device_lost":1,"caller_stall_probes":0,"pending_readbacks":0,"queue_len":0,"signal":1,"now_ms":1785594558498},"t":1785594558499}
[page] [gpu-worker][wedge] {"kind":"stall","jobDied":false,"stuckJob":true,"jobAgeMs":670114,"drainTraps":0,"rescuedWakeups":0,"signal":1139,"engine":{"jobs_submitted":1139,"jobs_started":1139,"jobs_finished":1138,"current_job_start_ms":1785593888385,"last_submit_ms":1785593888385,"last_drain_enter_ms":1785593888385,"last_drain_exit_ms":1785593888385,"device_errors":0,"device_lost":1,"caller_stall_probes":131,"pending_readbacks":0,"queue_len":0,"signal":1139,"now_ms":1785594558499},"t":1785594558499}
[page] [jolt-webgpu] engine.run caller stalled 674566 ms: {"jobs_submitted":1139,"jobs_started":1139,"jobs_finished":1138,"current_job_start_ms":1785593888385,"last_submit_ms":1785593888385,"last_drain_enter_ms":1785593888385,"last_drain_exit_ms":1785593888385,"device_errors":0,"device_lost":1,"caller_stall_probes":132,"pending_readbacks":0,"queue_len":0,"signal":1139,"now_ms":1785594562951}
[page] [gpu-worker][wedge] {"kind":"stall","jobDied":false,"stuckJob":true,"jobAgeMs":675139,"drainTraps":0,"rescuedWakeups":0,"signal":1139,"engine":{"jobs_submitted":1139,"jobs_started":1139,"jobs_finished":1138,"current_job_start_ms":1785593888385,"last_submit_ms":1785593888385,"last_drain_enter_ms":1785593888385,"last_drain_exit_ms":1785593888385,"device_errors":0,"device_lost":1,"caller_stall_probes":132,"pending_readbacks":0,"queue_len":0,"signal":1139,"now_ms":1785594563524},"t":1785594563525}
[page] [gpu-worker][wedge] {"kind":"device","drainTraps":0,"rescuedWakeups":0,"signal":1,"engine":{"jobs_submitted":1,"jobs_started":1,"jobs_finished":1,"current_job_start_ms":0,"last_submit_ms":1785593738490,"last_drain_enter_ms":1785594563417,"last_drain_exit_ms":1785594563417,"device_errors":0,"device_lost":1,"caller_stall_probes":0,"pending_readbacks":0,"queue_len":0,"signal":1,"now_ms":1785594563525},"t":1785594563525}
[page] [jolt-webgpu] engine.run caller stalled 679717 ms: {"jobs_submitted":1139,"jobs_started":1139,"jobs_finished":1138,"current_job_start_ms":1785593888385,"last_submit_ms":1785593888385,"last_drain_enter_ms":1785593888385,"last_drain_exit_ms":1785593888385,"device_errors":0,"device_lost":1,"caller_stall_probes":133,"pending_readbacks":0,"queue_len":0,"signal":1139,"now_ms":1785594568102}
[page] [gpu-worker][wedge] {"kind":"device","drainTraps":0,"rescuedWakeups":0,"signal":1,"engine":{"jobs_submitted":1,"jobs_started":1,"jobs_finished":1,"current_job_start_ms":0,"last_submit_ms":1785593738490,"last_drain_enter_ms":1785594568526,"last_drain_exit_ms":1785594568526,"device_errors":0,"device_lost":1,"caller_stall_probes":0,"pending_readbacks":0,"queue_len":0,"signal":1,"now_ms":1785594568526},"t":1785594568526}
[page] [gpu-worker][wedge] {"kind":"stall","jobDied":false,"stuckJob":true,"jobAgeMs":680142,"drainTraps":0,"rescuedWakeups":0,"signal":1139,"engine":{"jobs_submitted":1139,"jobs_started":1139,"jobs_finished":1138,"current_job_start_ms":1785593888385,"last_submit_ms":1785593888385,"last_drain_enter_ms":1785593888385,"last_drain_exit_ms":1785593888385,"device_errors":0,"device_lost":1,"caller_stall_probes":133,"pending_readbacks":0,"queue_len":0,"signal":1139,"now_ms":1785594568527},"t":1785594568527}
[page] [jolt-webgpu] engine.run caller stalled 684764 ms: {"jobs_submitted":1139,"jobs_started":1139,"jobs_finished":1138,"current_job_start_ms":1785593888385,"last_submit_ms":1785593888385,"last_drain_enter_ms":1785593888385,"last_drain_exit_ms":1785593888385,"device_errors":0,"device_lost":1,"caller_stall_probes":134,"pending_readbacks":0,"queue_len":0,"signal":1139,"now_ms":1785594573149}
[page] [gpu-worker][wedge] {"kind":"stall","jobDied":false,"stuckJob":true,"jobAgeMs":685203,"drainTraps":0,"rescuedWakeups":0,"signal":1139,"engine":{"jobs_submitted":1139,"jobs_started":1139,"jobs_finished":1138,"current_job_start_ms":1785593888385,"last_submit_ms":1785593888385,"last_drain_enter_ms":1785593888385,"last_drain_exit_ms":1785593888385,"device_errors":0,"device_lost":1,"caller_stall_probes":134,"pending_readbacks":0,"queue_len":0,"signal":1139,"now_ms":1785594573588},"t":1785594573588}
[page] [gpu-worker][wedge] {"kind":"device","drainTraps":0,"rescuedWakeups":0,"signal":1,"engine":{"jobs_submitted":1,"jobs_started":1,"jobs_finished":1,"current_job_start_ms":0,"last_submit_ms":1785593738490,"last_drain_enter_ms":1785594573419,"last_drain_exit_ms":1785594573419,"device_errors":0,"device_lost":1,"caller_stall_probes":0,"pending_readbacks":0,"queue_len":0,"signal":1,"now_ms":1785594573589},"t":1785594573589}
[page] [jolt-webgpu] engine.run caller stalled 689897 ms: {"jobs_submitted":1139,"jobs_started":1139,"jobs_finished":1138,"current_job_start_ms":1785593888385,"last_submit_ms":1785593888385,"last_drain_enter_ms":1785593888385,"last_drain_exit_ms":1785593888385,"device_errors":0,"device_lost":1,"caller_stall_probes":135,"pending_readbacks":0,"queue_len":0,"signal":1139,"now_ms":1785594578282}
[page] [gpu-worker][wedge] {"kind":"stall","jobDied":false,"stuckJob":true,"jobAgeMs":690153,"drainTraps":0,"rescuedWakeups":0,"signal":1139,"engine":{"jobs_submitted":1139,"jobs_started":1139,"jobs_finished":1138,"current_job_start_ms":1785593888385,"last_submit_ms":1785593888385,"last_drain_enter_ms":1785593888385,"last_drain_exit_ms":1785593888385,"device_errors":0,"device_lost":1,"caller_stall_probes":135,"pending_readbacks":0,"queue_len":0,"signal":1139,"now_ms":1785594578538},"t":1785594578538}
[page] [gpu-worker][wedge] {"kind":"device","drainTraps":0,"rescuedWakeups":0,"signal":1,"engine":{"jobs_submitted":1,"jobs_started":1,"jobs_finished":1,"current_job_start_ms":0,"last_submit_ms":1785593738490,"last_drain_enter_ms":1785594578391,"last_drain_exit_ms":1785594578391,"device_errors":0,"device_lost":1,"caller_stall_probes":0,"pending_readbacks":0,"queue_len":0,"signal":1,"now_ms":1785594578539},"t":1785594578539}
[page] [jolt-webgpu] engine.run caller stalled 695022 ms: {"jobs_submitted":1139,"jobs_started":1139,"jobs_finished":1138,"current_job_start_ms":1785593888385,"last_submit_ms":1785593888385,"last_drain_enter_ms":1785593888385,"last_drain_exit_ms":1785593888385,"device_errors":0,"device_lost":1,"caller_stall_probes":136,"pending_readbacks":0,"queue_len":0,"signal":1139,"now_ms":1785594583407}
[page] [gpu-worker][wedge] {"kind":"device","drainTraps":0,"rescuedWakeups":0,"signal":1,"engine":{"jobs_submitted":1,"jobs_started":1,"jobs_finished":1,"current_job_start_ms":0,"last_submit_ms":1785593738490,"last_drain_enter_ms":1785594583433,"last_drain_exit_ms":1785594583433,"device_errors":0,"device_lost":1,"caller_stall_probes":0,"pending_readbacks":0,"queue_len":0,"signal":1,"now_ms":1785594583496},"t":1785594583496}
[page] [gpu-worker][wedge] {"kind":"stall","jobDied":false,"stuckJob":true,"jobAgeMs":695111,"drainTraps":0,"rescuedWakeups":0,"signal":1139,"engine":{"jobs_submitted":1139,"jobs_started":1139,"jobs_finished":1138,"current_job_start_ms":1785593888385,"last_submit_ms":1785593888385,"last_drain_enter_ms":1785593888385,"last_drain_exit_ms":1785593888385,"device_errors":0,"device_lost":1,"caller_stall_probes":136,"pending_readbacks":0,"queue_len":0,"signal":1139,"now_ms":1785594583496},"t":1785594583496}
[page] [jolt-webgpu] engine.run caller stalled 700147 ms: {"jobs_submitted":1139,"jobs_started":1139,"jobs_finished":1138,"current_job_start_ms":1785593888385,"last_submit_ms":1785593888385,"last_drain_enter_ms":1785593888385,"last_drain_exit_ms":1785593888385,"device_errors":0,"device_lost":1,"caller_stall_probes":137,"pending_readbacks":0,"queue_len":0,"signal":1139,"now_ms":1785594588532}
[page] [gpu-worker][wedge] {"kind":"device","drainTraps":0,"rescuedWakeups":0,"signal":1,"engine":{"jobs_submitted":1,"jobs_started":1,"jobs_finished":1,"current_job_start_ms":0,"last_submit_ms":1785593738490,"last_drain_enter_ms":1785594588587,"last_drain_exit_ms":1785594588587,"device_errors":0,"device_lost":1,"caller_stall_probes":0,"pending_readbacks":0,"queue_len":0,"signal":1,"now_ms":1785594588587},"t":1785594588587}
[page] [gpu-worker][wedge] {"kind":"stall","jobDied":false,"stuckJob":true,"jobAgeMs":700203,"drainTraps":0,"rescuedWakeups":0,"signal":1139,"engine":{"jobs_submitted":1139,"jobs_started":1139,"jobs_finished":1138,"current_job_start_ms":1785593888385,"last_submit_ms":1785593888385,"last_drain_enter_ms":1785593888385,"last_drain_exit_ms":1785593888385,"device_errors":0,"device_lost":1,"caller_stall_probes":137,"pending_readbacks":0,"queue_len":0,"signal":1139,"now_ms":1785594588588},"t":1785594588588}
[page] [gpu-worker][wedge] {"kind":"device","drainTraps":0,"rescuedWakeups":0,"signal":1,"engine":{"jobs_submitted":1,"jobs_started":1,"jobs_finished":1,"current_job_start_ms":0,"last_submit_ms":1785593738490,"last_drain_enter_ms":1785594593581,"last_drain_exit_ms":1785594593581,"device_errors":0,"device_lost":1,"caller_stall_probes":0,"pending_readbacks":0,"queue_len":0,"signal":1,"now_ms":1785594593581},"t":1785594593581}
[page] [gpu-worker][wedge] {"kind":"stall","jobDied":false,"stuckJob":true,"jobAgeMs":705196,"drainTraps":0,"rescuedWakeups":0,"signal":1139,"engine":{"jobs_submitted":1139,"jobs_started":1139,"jobs_finished":1138,"current_job_start_ms":1785593888385,"last_submit_ms":1785593888385,"last_drain_enter_ms":1785593888385,"last_drain_exit_ms":1785593888385,"device_errors":0,"device_lost":1,"caller_stall_probes":137,"pending_readbacks":0,"queue_len":0,"signal":1139,"now_ms":1785594593582},"t":1785594593582}
[page] [jolt-webgpu] engine.run caller stalled 705232 ms: {"jobs_submitted":1139,"jobs_started":1139,"jobs_finished":1138,"current_job_start_ms":1785593888385,"last_submit_ms":1785593888385,"last_drain_enter_ms":1785593888385,"last_drain_exit_ms":1785593888385,"device_errors":0,"device_lost":1,"caller_stall_probes":138,"pending_readbacks":0,"queue_len":0,"signal":1139,"now_ms":1785594593617}
[page] [gpu-worker][wedge] {"kind":"device","drainTraps":0,"rescuedWakeups":0,"signal":1,"engine":{"jobs_submitted":1,"jobs_started":1,"jobs_finished":1,"current_job_start_ms":0,"last_submit_ms":1785593738490,"last_drain_enter_ms":1785594598408,"last_drain_exit_ms":1785594598408,"device_errors":0,"device_lost":1,"caller_stall_probes":0,"pending_readbacks":0,"queue_len":0,"signal":1,"now_ms":1785594598639},"t":1785594598639}
[page] [gpu-worker][wedge] {"kind":"stall","jobDied":false,"stuckJob":true,"jobAgeMs":710254,"drainTraps":0,"rescuedWakeups":0,"signal":1139,"engine":{"jobs_submitted":1139,"jobs_started":1139,"jobs_finished":1138,"current_job_start_ms":1785593888385,"last_submit_ms":1785593888385,"last_drain_enter_ms":1785593888385,"last_drain_exit_ms":1785593888385,"device_errors":0,"device_lost":1,"caller_stall_probes":138,"pending_readbacks":0,"queue_len":0,"signal":1139,"now_ms":1785594598639},"t":1785594598639}
[page] [jolt-webgpu] engine.run caller stalled 710378 ms: {"jobs_submitted":1139,"jobs_started":1139,"jobs_finished":1138,"current_job_start_ms":1785593888385,"last_submit_ms":1785593888385,"last_drain_enter_ms":1785593888385,"last_drain_exit_ms":1785593888385,"device_errors":0,"device_lost":1,"caller_stall_probes":139,"pending_readbacks":0,"queue_len":0,"signal":1139,"now_ms":1785594598763}
[page] [gpu-worker][wedge] {"kind":"stall","jobDied":false,"stuckJob":true,"jobAgeMs":715143,"drainTraps":0,"rescuedWakeups":0,"signal":1139,"engine":{"jobs_submitted":1139,"jobs_started":1139,"jobs_finished":1138,"current_job_start_ms":1785593888385,"last_submit_ms":1785593888385,"last_drain_enter_ms":1785593888385,"last_drain_exit_ms":1785593888385,"device_errors":0,"device_lost":1,"caller_stall_probes":139,"pending_readbacks":0,"queue_len":0,"signal":1139,"now_ms":1785594603528},"t":1785594603528}
[page] [gpu-worker][wedge] {"kind":"device","drainTraps":0,"rescuedWakeups":0,"signal":1,"engine":{"jobs_submitted":1,"jobs_started":1,"jobs_finished":1,"current_job_start_ms":0,"last_submit_ms":1785593738490,"last_drain_enter_ms":1785594603408,"last_drain_exit_ms":1785594603408,"device_errors":0,"device_lost":1,"caller_stall_probes":0,"pending_readbacks":0,"queue_len":0,"signal":1,"now_ms":1785594603529},"t":1785594603529}
[page] [jolt-webgpu] engine.run caller stalled 715468 ms: {"jobs_submitted":1139,"jobs_started":1139,"jobs_finished":1138,"current_job_start_ms":1785593888385,"last_submit_ms":1785593888385,"last_drain_enter_ms":1785593888385,"last_drain_exit_ms":1785593888385,"device_errors":0,"device_lost":1,"caller_stall_probes":140,"pending_readbacks":0,"queue_len":0,"signal":1139,"now_ms":1785594603853}
[page] [gpu-worker][wedge] {"kind":"device","drainTraps":0,"rescuedWakeups":0,"signal":1,"engine":{"jobs_submitted":1,"jobs_started":1,"jobs_finished":1,"current_job_start_ms":0,"last_submit_ms":1785593738490,"last_drain_enter_ms":1785594608450,"last_drain_exit_ms":1785594608450,"device_errors":0,"device_lost":1,"caller_stall_probes":0,"pending_readbacks":0,"queue_len":0,"signal":1,"now_ms":1785594608596},"t":1785594608596}
[page] [gpu-worker][wedge] {"kind":"stall","jobDied":false,"stuckJob":true,"jobAgeMs":720210,"drainTraps":0,"rescuedWakeups":0,"signal":1139,"engine":{"jobs_submitted":1139,"jobs_started":1139,"jobs_finished":1138,"current_job_start_ms":1785593888385,"last_submit_ms":1785593888385,"last_drain_enter_ms":1785593888385,"last_drain_exit_ms":1785593888385,"device_errors":0,"device_lost":1,"caller_stall_probes":140,"pending_readbacks":0,"queue_len":0,"signal":1139,"now_ms":1785594608596},"t":1785594608596}
[page] [jolt-webgpu] engine.run caller stalled 720604 ms: {"jobs_submitted":1139,"jobs_started":1139,"jobs_finished":1138,"current_job_start_ms":1785593888385,"last_submit_ms":1785593888385,"last_drain_enter_ms":1785593888385,"last_drain_exit_ms":1785593888385,"device_errors":0,"device_lost":1,"caller_stall_probes":141,"pending_readbacks":0,"queue_len":0,"signal":1139,"now_ms":1785594608989}
[page] [gpu-worker][wedge] {"kind":"stall","jobDied":false,"stuckJob":true,"jobAgeMs":725198,"drainTraps":0,"rescuedWakeups":0,"signal":1139,"engine":{"jobs_submitted":1139,"jobs_started":1139,"jobs_finished":1138,"current_job_start_ms":1785593888385,"last_submit_ms":1785593888385,"last_drain_enter_ms":1785593888385,"last_drain_exit_ms":1785593888385,"device_errors":0,"device_lost":1,"caller_stall_probes":141,"pending_readbacks":0,"queue_len":0,"signal":1139,"now_ms":1785594613583},"t":1785594613584}
[page] [gpu-worker][wedge] {"kind":"device","drainTraps":0,"rescuedWakeups":0,"signal":1,"engine":{"jobs_submitted":1,"jobs_started":1,"jobs_finished":1,"current_job_start_ms":0,"last_submit_ms":1785593738490,"last_drain_enter_ms":1785594613407,"last_drain_exit_ms":1785594613407,"device_errors":0,"device_lost":1,"caller_stall_probes":0,"pending_readbacks":0,"queue_len":0,"signal":1,"now_ms":1785594613584},"t":1785594613584}
[page] [jolt-webgpu] engine.run caller stalled 725752 ms: {"jobs_submitted":1139,"jobs_started":1139,"jobs_finished":1138,"current_job_start_ms":1785593888385,"last_submit_ms":1785593888385,"last_drain_enter_ms":1785593888385,"last_drain_exit_ms":1785593888385,"device_errors":0,"device_lost":1,"caller_stall_probes":142,"pending_readbacks":0,"queue_len":0,"signal":1139,"now_ms":1785594614137}
[page] [gpu-worker][wedge] {"kind":"device","drainTraps":0,"rescuedWakeups":0,"signal":1,"engine":{"jobs_submitted":1,"jobs_started":1,"jobs_finished":1,"current_job_start_ms":0,"last_submit_ms":1785593738490,"last_drain_enter_ms":1785594618416,"last_drain_exit_ms":1785594618416,"device_errors":0,"device_lost":1,"caller_stall_probes":0,"pending_readbacks":0,"queue_len":0,"signal":1,"now_ms":1785594618616},"t":1785594618616}
[page] [gpu-worker][wedge] {"kind":"stall","jobDied":false,"stuckJob":true,"jobAgeMs":730231,"drainTraps":0,"rescuedWakeups":0,"signal":1139,"engine":{"jobs_submitted":1139,"jobs_started":1139,"jobs_finished":1138,"current_job_start_ms":1785593888385,"last_submit_ms":1785593888385,"last_drain_enter_ms":1785593888385,"last_drain_exit_ms":1785593888385,"device_errors":0,"device_lost":1,"caller_stall_probes":142,"pending_readbacks":0,"queue_len":0,"signal":1139,"now_ms":1785594618616},"t":1785594618616}
[page] [jolt-webgpu] engine.run caller stalled 730896 ms: {"jobs_submitted":1139,"jobs_started":1139,"jobs_finished":1138,"current_job_start_ms":1785593888385,"last_submit_ms":1785593888385,"last_drain_enter_ms":1785593888385,"last_drain_exit_ms":1785593888385,"device_errors":0,"device_lost":1,"caller_stall_probes":143,"pending_readbacks":0,"queue_len":0,"signal":1139,"now_ms":1785594619281}
[page] [gpu-worker][wedge] {"kind":"device","drainTraps":0,"rescuedWakeups":0,"signal":1,"engine":{"jobs_submitted":1,"jobs_started":1,"jobs_finished":1,"current_job_start_ms":0,"last_submit_ms":1785593738490,"last_drain_enter_ms":1785594623528,"last_drain_exit_ms":1785594623528,"device_errors":0,"device_lost":1,"caller_stall_probes":0,"pending_readbacks":0,"queue_len":0,"signal":1,"now_ms":1785594623528},"t":1785594623528}
[page] [gpu-worker][wedge] {"kind":"stall","jobDied":false,"stuckJob":true,"jobAgeMs":735144,"drainTraps":0,"rescuedWakeups":0,"signal":1139,"engine":{"jobs_submitted":1139,"jobs_started":1139,"jobs_finished":1138,"current_job_start_ms":1785593888385,"last_submit_ms":1785593888385,"last_drain_enter_ms":1785593888385,"last_drain_exit_ms":1785593888385,"device_errors":0,"device_lost":1,"caller_stall_probes":143,"pending_readbacks":0,"queue_len":0,"signal":1139,"now_ms":1785594623529},"t":1785594623529}
[page] [jolt-webgpu] engine.run caller stalled 736047 ms: {"jobs_submitted":1139,"jobs_started":1139,"jobs_finished":1138,"current_job_start_ms":1785593888385,"last_submit_ms":1785593888385,"last_drain_enter_ms":1785593888385,"last_drain_exit_ms":1785593888385,"device_errors":0,"device_lost":1,"caller_stall_probes":144,"pending_readbacks":0,"queue_len":0,"signal":1139,"now_ms":1785594624432}
[page] [gpu-worker][wedge] {"kind":"device","drainTraps":0,"rescuedWakeups":0,"signal":1,"engine":{"jobs_submitted":1,"jobs_started":1,"jobs_finished":1,"current_job_start_ms":0,"last_submit_ms":1785593738490,"last_drain_enter_ms":1785594628586,"last_drain_exit_ms":1785594628586,"device_errors":0,"device_lost":1,"caller_stall_probes":0,"pending_readbacks":0,"queue_len":0,"signal":1,"now_ms":1785594628586},"t":1785594628586}
[page] [gpu-worker][wedge] {"kind":"stall","jobDied":false,"stuckJob":true,"jobAgeMs":740202,"drainTraps":0,"rescuedWakeups":0,"signal":1139,"engine":{"jobs_submitted":1139,"jobs_started":1139,"jobs_finished":1138,"current_job_start_ms":1785593888385,"last_submit_ms":1785593888385,"last_drain_enter_ms":1785593888385,"last_drain_exit_ms":1785593888385,"device_errors":0,"device_lost":1,"caller_stall_probes":144,"pending_readbacks":0,"queue_len":0,"signal":1139,"now_ms":1785594628587},"t":1785594628587}
[page] [jolt-webgpu] engine.run caller stalled 741071 ms: {"jobs_submitted":1139,"jobs_started":1139,"jobs_finished":1138,"current_job_start_ms":1785593888385,"last_submit_ms":1785593888385,"last_drain_enter_ms":1785593888385,"last_drain_exit_ms":1785593888385,"device_errors":0,"device_lost":1,"caller_stall_probes":145,"pending_readbacks":0,"queue_len":0,"signal":1139,"now_ms":1785594629456}
[page] [gpu-worker][wedge] {"kind":"stall","jobDied":false,"stuckJob":true,"jobAgeMs":745165,"drainTraps":0,"rescuedWakeups":0,"signal":1139,"engine":{"jobs_submitted":1139,"jobs_started":1139,"jobs_finished":1138,"current_job_start_ms":1785593888385,"last_submit_ms":1785593888385,"last_drain_enter_ms":1785593888385,"last_drain_exit_ms":1785593888385,"device_errors":0,"device_lost":1,"caller_stall_probes":145,"pending_readbacks":0,"queue_len":0,"signal":1139,"now_ms":1785594633550},"t":1785594633550}
[page] [gpu-worker][wedge] {"kind":"device","drainTraps":0,"rescuedWakeups":0,"signal":1,"engine":{"jobs_submitted":1,"jobs_started":1,"jobs_finished":1,"current_job_start_ms":0,"last_submit_ms":1785593738490,"last_drain_enter_ms":1785594633431,"last_drain_exit_ms":1785594633431,"device_errors":0,"device_lost":1,"caller_stall_probes":0,"pending_readbacks":0,"queue_len":0,"signal":1,"now_ms":1785594633550},"t":1785594633550}
[page] [jolt-webgpu] engine.run caller stalled 746206 ms: {"jobs_submitted":1139,"jobs_started":1139,"jobs_finished":1138,"current_job_start_ms":1785593888385,"last_submit_ms":1785593888385,"last_drain_enter_ms":1785593888385,"last_drain_exit_ms":1785593888385,"device_errors":0,"device_lost":1,"caller_stall_probes":146,"pending_readbacks":0,"queue_len":0,"signal":1139,"now_ms":1785594634591}
[page] [gpu-worker][wedge] {"kind":"stall","jobDied":false,"stuckJob":true,"jobAgeMs":750156,"drainTraps":0,"rescuedWakeups":0,"signal":1139,"engine":{"jobs_submitted":1139,"jobs_started":1139,"jobs_finished":1138,"current_job_start_ms":1785593888385,"last_submit_ms":1785593888385,"last_drain_enter_ms":1785593888385,"last_drain_exit_ms":1785593888385,"device_errors":0,"device_lost":1,"caller_stall_probes":146,"pending_readbacks":0,"queue_len":0,"signal":1139,"now_ms":1785594638541},"t":1785594638541}
[page] [gpu-worker][wedge] {"kind":"device","drainTraps":0,"rescuedWakeups":0,"signal":1,"engine":{"jobs_submitted":1,"jobs_started":1,"jobs_finished":1,"current_job_start_ms":0,"last_submit_ms":1785593738490,"last_drain_enter_ms":1785594638541,"last_drain_exit_ms":1785594638541,"device_errors":0,"device_lost":1,"caller_stall_probes":0,"pending_readbacks":0,"queue_len":0,"signal":1,"now_ms":1785594638541},"t":1785594638541}
[page] [jolt-webgpu] engine.run caller stalled 751284 ms: {"jobs_submitted":1139,"jobs_started":1139,"jobs_finished":1138,"current_job_start_ms":1785593888385,"last_submit_ms":1785593888385,"last_drain_enter_ms":1785593888385,"last_drain_exit_ms":1785593888385,"device_errors":0,"device_lost":1,"caller_stall_probes":147,"pending_readbacks":0,"queue_len":0,"signal":1139,"now_ms":1785594639669}
[page] [gpu-worker][wedge] {"kind":"device","drainTraps":0,"rescuedWakeups":0,"signal":1,"engine":{"jobs_submitted":1,"jobs_started":1,"jobs_finished":1,"current_job_start_ms":0,"last_submit_ms":1785593738490,"last_drain_enter_ms":1785594643532,"last_drain_exit_ms":1785594643532,"device_errors":0,"device_lost":1,"caller_stall_probes":0,"pending_readbacks":0,"queue_len":0,"signal":1,"now_ms":1785594643532},"t":1785594643532}
[page] [gpu-worker][wedge] {"kind":"stall","jobDied":false,"stuckJob":true,"jobAgeMs":755147,"drainTraps":0,"rescuedWakeups":0,"signal":1139,"engine":{"jobs_submitted":1139,"jobs_started":1139,"jobs_finished":1138,"current_job_start_ms":1785593888385,"last_submit_ms":1785593888385,"last_drain_enter_ms":1785593888385,"last_drain_exit_ms":1785593888385,"device_errors":0,"device_lost":1,"caller_stall_probes":147,"pending_readbacks":0,"queue_len":0,"signal":1139,"now_ms":1785594643533},"t":1785594643533}
[page] [jolt-webgpu] engine.run caller stalled 756397 ms: {"jobs_submitted":1139,"jobs_started":1139,"jobs_finished":1138,"current_job_start_ms":1785593888385,"last_submit_ms":1785593888385,"last_drain_enter_ms":1785593888385,"last_drain_exit_ms":1785593888385,"device_errors":0,"device_lost":1,"caller_stall_probes":148,"pending_readbacks":0,"queue_len":0,"signal":1139,"now_ms":1785594644782}
[page] [gpu-worker][wedge] {"kind":"stall","jobDied":false,"stuckJob":true,"jobAgeMs":760162,"drainTraps":0,"rescuedWakeups":0,"signal":1139,"engine":{"jobs_submitted":1139,"jobs_started":1139,"jobs_finished":1138,"current_job_start_ms":1785593888385,"last_submit_ms":1785593888385,"last_drain_enter_ms":1785593888385,"last_drain_exit_ms":1785593888385,"device_errors":0,"device_lost":1,"caller_stall_probes":148,"pending_readbacks":0,"queue_len":0,"signal":1139,"now_ms":1785594648547},"t":1785594648547}
[page] [gpu-worker][wedge] {"kind":"device","drainTraps":0,"rescuedWakeups":0,"signal":1,"engine":{"jobs_submitted":1,"jobs_started":1,"jobs_finished":1,"current_job_start_ms":0,"last_submit_ms":1785593738490,"last_drain_enter_ms":1785594648433,"last_drain_exit_ms":1785594648433,"device_errors":0,"device_lost":1,"caller_stall_probes":0,"pending_readbacks":0,"queue_len":0,"signal":1,"now_ms":1785594648547},"t":1785594648547}
[page] [jolt-webgpu] engine.run caller stalled 761487 ms: {"jobs_submitted":1139,"jobs_started":1139,"jobs_finished":1138,"current_job_start_ms":1785593888385,"last_submit_ms":1785593888385,"last_drain_enter_ms":1785593888385,"last_drain_exit_ms":1785593888385,"device_errors":0,"device_lost":1,"caller_stall_probes":149,"pending_readbacks":0,"queue_len":0,"signal":1139,"now_ms":1785594649872}
[page] [gpu-worker][wedge] {"kind":"device","drainTraps":0,"rescuedWakeups":0,"signal":1,"engine":{"jobs_submitted":1,"jobs_started":1,"jobs_finished":1,"current_job_start_ms":0,"last_submit_ms":1785593738490,"last_drain_enter_ms":1785594653439,"last_drain_exit_ms":1785594653439,"device_errors":0,"device_lost":1,"caller_stall_probes":0,"pending_readbacks":0,"queue_len":0,"signal":1,"now_ms":1785594653527},"t":1785594653527}
[page] [gpu-worker][wedge] {"kind":"stall","jobDied":false,"stuckJob":true,"jobAgeMs":765142,"drainTraps":0,"rescuedWakeups":0,"signal":1139,"engine":{"jobs_submitted":1139,"jobs_started":1139,"jobs_finished":1138,"current_job_start_ms":1785593888385,"last_submit_ms":1785593888385,"last_drain_enter_ms":1785593888385,"last_drain_exit_ms":1785593888385,"device_errors":0,"device_lost":1,"caller_stall_probes":149,"pending_readbacks":0,"queue_len":0,"signal":1139,"now_ms":1785594653527},"t":1785594653527}
[page] [jolt-webgpu] engine.run caller stalled 766615 ms: {"jobs_submitted":1139,"jobs_started":1139,"jobs_finished":1138,"current_job_start_ms":1785593888385,"last_submit_ms":1785593888385,"last_drain_enter_ms":1785593888385,"last_drain_exit_ms":1785593888385,"device_errors":0,"device_lost":1,"caller_stall_probes":150,"pending_readbacks":0,"queue_len":0,"signal":1139,"now_ms":1785594655000}
[page] [gpu-worker][wedge] {"kind":"stall","jobDied":false,"stuckJob":true,"jobAgeMs":770142,"drainTraps":0,"rescuedWakeups":0,"signal":1139,"engine":{"jobs_submitted":1139,"jobs_started":1139,"jobs_finished":1138,"current_job_start_ms":1785593888385,"last_submit_ms":1785593888385,"last_drain_enter_ms":1785593888385,"last_drain_exit_ms":1785593888385,"device_errors":0,"device_lost":1,"caller_stall_probes":150,"pending_readbacks":0,"queue_len":0,"signal":1139,"now_ms":1785594658527},"t":1785594658527}
[page] [gpu-worker][wedge] {"kind":"device","drainTraps":0,"rescuedWakeups":0,"signal":1,"engine":{"jobs_submitted":1,"jobs_started":1,"jobs_finished":1,"current_job_start_ms":0,"last_submit_ms":1785593738490,"last_drain_enter_ms":1785594658429,"last_drain_exit_ms":1785594658429,"device_errors":0,"device_lost":1,"caller_stall_probes":0,"pending_readbacks":0,"queue_len":0,"signal":1,"now_ms":1785594658527},"t":1785594658527}
[page] [jolt-webgpu] engine.run caller stalled 771763 ms: {"jobs_submitted":1139,"jobs_started":1139,"jobs_finished":1138,"current_job_start_ms":1785593888385,"last_submit_ms":1785593888385,"last_drain_enter_ms":1785593888385,"last_drain_exit_ms":1785593888385,"device_errors":0,"device_lost":1,"caller_stall_probes":151,"pending_readbacks":0,"queue_len":0,"signal":1139,"now_ms":1785594660148}
[page] [gpu-worker][wedge] {"kind":"stall","jobDied":false,"stuckJob":true,"jobAgeMs":775253,"drainTraps":0,"rescuedWakeups":0,"signal":1139,"engine":{"jobs_submitted":1139,"jobs_started":1139,"jobs_finished":1138,"current_job_start_ms":1785593888385,"last_submit_ms":1785593888385,"last_drain_enter_ms":1785593888385,"last_drain_exit_ms":1785593888385,"device_errors":0,"device_lost":1,"caller_stall_probes":151,"pending_readbacks":0,"queue_len":0,"signal":1139,"now_ms":1785594663638},"t":1785594663639}
[page] [gpu-worker][wedge] {"kind":"device","drainTraps":0,"rescuedWakeups":0,"signal":1,"engine":{"jobs_submitted":1,"jobs_started":1,"jobs_finished":1,"current_job_start_ms":0,"last_submit_ms":1785593738490,"last_drain_enter_ms":1785594663466,"last_drain_exit_ms":1785594663466,"device_errors":0,"device_lost":1,"caller_stall_probes":0,"pending_readbacks":0,"queue_len":0,"signal":1,"now_ms":1785594663638},"t":1785594663639}
[page] [jolt-webgpu] engine.run caller stalled 776853 ms: {"jobs_submitted":1139,"jobs_started":1139,"jobs_finished":1138,"current_job_start_ms":1785593888385,"last_submit_ms":1785593888385,"last_drain_enter_ms":1785593888385,"last_drain_exit_ms":1785593888385,"device_errors":0,"device_lost":1,"caller_stall_probes":152,"pending_readbacks":0,"queue_len":0,"signal":1139,"now_ms":1785594665238}
[page] [gpu-worker][wedge] {"kind":"device","drainTraps":0,"rescuedWakeups":0,"signal":1,"engine":{"jobs_submitted":1,"jobs_started":1,"jobs_finished":1,"current_job_start_ms":0,"last_submit_ms":1785593738490,"last_drain_enter_ms":1785594668528,"last_drain_exit_ms":1785594668528,"device_errors":0,"device_lost":1,"caller_stall_probes":0,"pending_readbacks":0,"queue_len":0,"signal":1,"now_ms":1785594668528},"t":1785594668528}
[page] [gpu-worker][wedge] {"kind":"stall","jobDied":false,"stuckJob":true,"jobAgeMs":780144,"drainTraps":0,"rescuedWakeups":0,"signal":1139,"engine":{"jobs_submitted":1139,"jobs_started":1139,"jobs_finished":1138,"current_job_start_ms":1785593888385,"last_submit_ms":1785593888385,"last_drain_enter_ms":1785593888385,"last_drain_exit_ms":1785593888385,"device_errors":0,"device_lost":1,"caller_stall_probes":152,"pending_readbacks":0,"queue_len":0,"signal":1139,"now_ms":1785594668529},"t":1785594668529}
[page] [jolt-webgpu] engine.run caller stalled 781942 ms: {"jobs_submitted":1139,"jobs_started":1139,"jobs_finished":1138,"current_job_start_ms":1785593888385,"last_submit_ms":1785593888385,"last_drain_enter_ms":1785593888385,"last_drain_exit_ms":1785593888385,"device_errors":0,"device_lost":1,"caller_stall_probes":153,"pending_readbacks":0,"queue_len":0,"signal":1139,"now_ms":1785594670327}
[page] [gpu-worker][wedge] {"kind":"device","drainTraps":0,"rescuedWakeups":0,"signal":1,"engine":{"jobs_submitted":1,"jobs_started":1,"jobs_finished":1,"current_job_start_ms":0,"last_submit_ms":1785593738490,"last_drain_enter_ms":1785594673432,"last_drain_exit_ms":1785594673432,"device_errors":0,"device_lost":1,"caller_stall_probes":0,"pending_readbacks":0,"queue_len":0,"signal":1,"now_ms":1785594673491},"t":1785594673491}
[page] [gpu-worker][wedge] {"kind":"stall","jobDied":false,"stuckJob":true,"jobAgeMs":785107,"drainTraps":0,"rescuedWakeups":0,"signal":1139,"engine":{"jobs_submitted":1139,"jobs_started":1139,"jobs_finished":1138,"current_job_start_ms":1785593888385,"last_submit_ms":1785593888385,"last_drain_enter_ms":1785593888385,"last_drain_exit_ms":1785593888385,"device_errors":0,"device_lost":1,"caller_stall_probes":153,"pending_readbacks":0,"queue_len":0,"signal":1139,"now_ms":1785594673492},"t":1785594673492}
[page] [jolt-webgpu] engine.run caller stalled 787023 ms: {"jobs_submitted":1139,"jobs_started":1139,"jobs_finished":1138,"current_job_start_ms":1785593888385,"last_submit_ms":1785593888385,"last_drain_enter_ms":1785593888385,"last_drain_exit_ms":1785593888385,"device_errors":0,"device_lost":1,"caller_stall_probes":154,"pending_readbacks":0,"queue_len":0,"signal":1139,"now_ms":1785594675408}
[page] [gpu-worker][wedge] {"kind":"stall","jobDied":false,"stuckJob":true,"jobAgeMs":790143,"drainTraps":0,"rescuedWakeups":0,"signal":1139,"engine":{"jobs_submitted":1139,"jobs_started":1139,"jobs_finished":1138,"current_job_start_ms":1785593888385,"last_submit_ms":1785593888385,"last_drain_enter_ms":1785593888385,"last_drain_exit_ms":1785593888385,"device_errors":0,"device_lost":1,"caller_stall_probes":154,"pending_readbacks":0,"queue_len":0,"signal":1139,"now_ms":1785594678528},"t":1785594678528}
[page] [gpu-worker][wedge] {"kind":"device","drainTraps":0,"rescuedWakeups":0,"signal":1,"engine":{"jobs_submitted":1,"jobs_started":1,"jobs_finished":1,"current_job_start_ms":0,"last_submit_ms":1785593738490,"last_drain_enter_ms":1785594678476,"last_drain_exit_ms":1785594678476,"device_errors":0,"device_lost":1,"caller_stall_probes":0,"pending_readbacks":0,"queue_len":0,"signal":1,"now_ms":1785594678529},"t":1785594678529}
[page] [jolt-webgpu] engine.run caller stalled 792163 ms: {"jobs_submitted":1139,"jobs_started":1139,"jobs_finished":1138,"current_job_start_ms":1785593888385,"last_submit_ms":1785593888385,"last_drain_enter_ms":1785593888385,"last_drain_exit_ms":1785593888385,"device_errors":0,"device_lost":1,"caller_stall_probes":155,"pending_readbacks":0,"queue_len":0,"signal":1139,"now_ms":1785594680548}
[page] [gpu-worker][wedge] {"kind":"device","drainTraps":0,"rescuedWakeups":0,"signal":1,"engine":{"jobs_submitted":1,"jobs_started":1,"jobs_finished":1,"current_job_start_ms":0,"last_submit_ms":1785593738490,"last_drain_enter_ms":1785594683439,"last_drain_exit_ms":1785594683439,"device_errors":0,"device_lost":1,"caller_stall_probes":0,"pending_readbacks":0,"queue_len":0,"signal":1,"now_ms":1785594683500},"t":1785594683500}
[page] [gpu-worker][wedge] {"kind":"stall","jobDied":false,"stuckJob":true,"jobAgeMs":795115,"drainTraps":0,"rescuedWakeups":0,"signal":1139,"engine":{"jobs_submitted":1139,"jobs_started":1139,"jobs_finished":1138,"current_job_start_ms":1785593888385,"last_submit_ms":1785593888385,"last_drain_enter_ms":1785593888385,"last_drain_exit_ms":1785593888385,"device_errors":0,"device_lost":1,"caller_stall_probes":155,"pending_readbacks":0,"queue_len":0,"signal":1139,"now_ms":1785594683500},"t":1785594683500}
[page] [jolt-webgpu] engine.run caller stalled 797234 ms: {"jobs_submitted":1139,"jobs_started":1139,"jobs_finished":1138,"current_job_start_ms":1785593888385,"last_submit_ms":1785593888385,"last_drain_enter_ms":1785593888385,"last_drain_exit_ms":1785593888385,"device_errors":0,"device_lost":1,"caller_stall_probes":156,"pending_readbacks":0,"queue_len":0,"signal":1139,"now_ms":1785594685619}
[page] [gpu-worker][wedge] {"kind":"device","drainTraps":0,"rescuedWakeups":0,"signal":1,"engine":{"jobs_submitted":1,"jobs_started":1,"jobs_finished":1,"current_job_start_ms":0,"last_submit_ms":1785593738490,"last_drain_enter_ms":1785594688521,"last_drain_exit_ms":1785594688521,"device_errors":0,"device_lost":1,"caller_stall_probes":0,"pending_readbacks":0,"queue_len":0,"signal":1,"now_ms":1785594688521},"t":1785594688521}
[page] [gpu-worker][wedge] {"kind":"stall","jobDied":false,"stuckJob":true,"jobAgeMs":800137,"drainTraps":0,"rescuedWakeups":0,"signal":1139,"engine":{"jobs_submitted":1139,"jobs_started":1139,"jobs_finished":1138,"current_job_start_ms":1785593888385,"last_submit_ms":1785593888385,"last_drain_enter_ms":1785593888385,"last_drain_exit_ms":1785593888385,"device_errors":0,"device_lost":1,"caller_stall_probes":156,"pending_readbacks":0,"queue_len":0,"signal":1139,"now_ms":1785594688522},"t":1785594688522}
[page] [jolt-webgpu] engine.run caller stalled 802265 ms: {"jobs_submitted":1139,"jobs_started":1139,"jobs_finished":1138,"current_job_start_ms":1785593888385,"last_submit_ms":1785593888385,"last_drain_enter_ms":1785593888385,"last_drain_exit_ms":1785593888385,"device_errors":0,"device_lost":1,"caller_stall_probes":157,"pending_readbacks":0,"queue_len":0,"signal":1139,"now_ms":1785594690650}
[page] [gpu-worker][wedge] {"kind":"device","drainTraps":0,"rescuedWakeups":0,"signal":1,"engine":{"jobs_submitted":1,"jobs_started":1,"jobs_finished":1,"current_job_start_ms":0,"last_submit_ms":1785593738490,"last_drain_enter_ms":1785594693440,"last_drain_exit_ms":1785594693440,"device_errors":0,"device_lost":1,"caller_stall_probes":0,"pending_readbacks":0,"queue_len":0,"signal":1,"now_ms":1785594693627},"t":1785594693627}
[page] [gpu-worker][wedge] {"kind":"stall","jobDied":false,"stuckJob":true,"jobAgeMs":805243,"drainTraps":0,"rescuedWakeups":0,"signal":1139,"engine":{"jobs_submitted":1139,"jobs_started":1139,"jobs_finished":1138,"current_job_start_ms":1785593888385,"last_submit_ms":1785593888385,"last_drain_enter_ms":1785593888385,"last_drain_exit_ms":1785593888385,"device_errors":0,"device_lost":1,"caller_stall_probes":157,"pending_readbacks":0,"queue_len":0,"signal":1139,"now_ms":1785594693628},"t":1785594693628}
[page] [jolt-webgpu] engine.run caller stalled 807297 ms: {"jobs_submitted":1139,"jobs_started":1139,"jobs_finished":1138,"current_job_start_ms":1785593888385,"last_submit_ms":1785593888385,"last_drain_enter_ms":1785593888385,"last_drain_exit_ms":1785593888385,"device_errors":0,"device_lost":1,"caller_stall_probes":158,"pending_readbacks":0,"queue_len":0,"signal":1139,"now_ms":1785594695682}
[page] [gpu-worker][wedge] {"kind":"device","drainTraps":0,"rescuedWakeups":0,"signal":1,"engine":{"jobs_submitted":1,"jobs_started":1,"jobs_finished":1,"current_job_start_ms":0,"last_submit_ms":1785593738490,"last_drain_enter_ms":1785594698407,"last_drain_exit_ms":1785594698407,"device_errors":0,"device_lost":1,"caller_stall_probes":0,"pending_readbacks":0,"queue_len":0,"signal":1,"now_ms":1785594698570},"t":1785594698570}
[page] [gpu-worker][wedge] {"kind":"stall","jobDied":false,"stuckJob":true,"jobAgeMs":810185,"drainTraps":0,"rescuedWakeups":0,"signal":1139,"engine":{"jobs_submitted":1139,"jobs_started":1139,"jobs_finished":1138,"current_job_start_ms":1785593888385,"last_submit_ms":1785593888385,"last_drain_enter_ms":1785593888385,"last_drain_exit_ms":1785593888385,"device_errors":0,"device_lost":1,"caller_stall_probes":158,"pending_readbacks":0,"queue_len":0,"signal":1139,"now_ms":1785594698570},"t":1785594698570}
[page] [jolt-webgpu] engine.run caller stalled 812304 ms: {"jobs_submitted":1139,"jobs_started":1139,"jobs_finished":1138,"current_job_start_ms":1785593888385,"last_submit_ms":1785593888385,"last_drain_enter_ms":1785593888385,"last_drain_exit_ms":1785593888385,"device_errors":0,"device_lost":1,"caller_stall_probes":159,"pending_readbacks":0,"queue_len":0,"signal":1139,"now_ms":1785594700689}
[page] [gpu-worker][wedge] {"kind":"device","drainTraps":0,"rescuedWakeups":0,"signal":1,"engine":{"jobs_submitted":1,"jobs_started":1,"jobs_finished":1,"current_job_start_ms":0,"last_submit_ms":1785593738490,"last_drain_enter_ms":1785594703443,"last_drain_exit_ms":1785594703443,"device_errors":0,"device_lost":1,"caller_stall_probes":0,"pending_readbacks":0,"queue_len":0,"signal":1,"now_ms":1785594703543},"t":1785594703543}
[page] [gpu-worker][wedge] {"kind":"stall","jobDied":false,"stuckJob":true,"jobAgeMs":815158,"drainTraps":0,"rescuedWakeups":0,"signal":1139,"engine":{"jobs_submitted":1139,"jobs_started":1139,"jobs_finished":1138,"current_job_start_ms":1785593888385,"last_submit_ms":1785593888385,"last_drain_enter_ms":1785593888385,"last_drain_exit_ms":1785593888385,"device_errors":0,"device_lost":1,"caller_stall_probes":159,"pending_readbacks":0,"queue_len":0,"signal":1139,"now_ms":1785594703543},"t":1785594703544}
[page] [jolt-webgpu] engine.run caller stalled 817316 ms: {"jobs_submitted":1139,"jobs_started":1139,"jobs_finished":1138,"current_job_start_ms":1785593888385,"last_submit_ms":1785593888385,"last_drain_enter_ms":1785593888385,"last_drain_exit_ms":1785593888385,"device_errors":0,"device_lost":1,"caller_stall_probes":160,"pending_readbacks":0,"queue_len":0,"signal":1139,"now_ms":1785594705701}
[page] [gpu-worker][wedge] {"kind":"device","drainTraps":0,"rescuedWakeups":0,"signal":1,"engine":{"jobs_submitted":1,"jobs_started":1,"jobs_finished":1,"current_job_start_ms":0,"last_submit_ms":1785593738490,"last_drain_enter_ms":1785594708468,"last_drain_exit_ms":1785594708468,"device_errors":0,"device_lost":1,"caller_stall_probes":0,"pending_readbacks":0,"queue_len":0,"signal":1,"now_ms":1785594708627},"t":1785594708627}
[page] [gpu-worker][wedge] {"kind":"stall","jobDied":false,"stuckJob":true,"jobAgeMs":820242,"drainTraps":0,"rescuedWakeups":0,"signal":1139,"engine":{"jobs_submitted":1139,"jobs_started":1139,"jobs_finished":1138,"current_job_start_ms":1785593888385,"last_submit_ms":1785593888385,"last_drain_enter_ms":1785593888385,"last_drain_exit_ms":1785593888385,"device_errors":0,"device_lost":1,"caller_stall_probes":160,"pending_readbacks":0,"queue_len":0,"signal":1139,"now_ms":1785594708627},"t":1785594708627}
[page] [jolt-webgpu] engine.run caller stalled 822373 ms: {"jobs_submitted":1139,"jobs_started":1139,"jobs_finished":1138,"current_job_start_ms":1785593888385,"last_submit_ms":1785593888385,"last_drain_enter_ms":1785593888385,"last_drain_exit_ms":1785593888385,"device_errors":0,"device_lost":1,"caller_stall_probes":161,"pending_readbacks":0,"queue_len":0,"signal":1139,"now_ms":1785594710758}
[page] [gpu-worker][wedge] {"kind":"stall","jobDied":false,"stuckJob":true,"jobAgeMs":825250,"drainTraps":0,"rescuedWakeups":0,"signal":1139,"engine":{"jobs_submitted":1139,"jobs_started":1139,"jobs_finished":1138,"current_job_start_ms":1785593888385,"last_submit_ms":1785593888385,"last_drain_enter_ms":1785593888385,"last_drain_exit_ms":1785593888385,"device_errors":0,"device_lost":1,"caller_stall_probes":161,"pending_readbacks":0,"queue_len":0,"signal":1139,"now_ms":1785594713635},"t":1785594713635}
[page] [gpu-worker][wedge] {"kind":"device","drainTraps":0,"rescuedWakeups":0,"signal":1,"engine":{"jobs_submitted":1,"jobs_started":1,"jobs_finished":1,"current_job_start_ms":0,"last_submit_ms":1785593738490,"last_drain_enter_ms":1785594713458,"last_drain_exit_ms":1785594713458,"device_errors":0,"device_lost":1,"caller_stall_probes":0,"pending_readbacks":0,"queue_len":0,"signal":1,"now_ms":1785594713635},"t":1785594713635}
[page] [jolt-webgpu] engine.run caller stalled 827524 ms: {"jobs_submitted":1139,"jobs_started":1139,"jobs_finished":1138,"current_job_start_ms":1785593888385,"last_submit_ms":1785593888385,"last_drain_enter_ms":1785593888385,"last_drain_exit_ms":1785593888385,"device_errors":0,"device_lost":1,"caller_stall_probes":162,"pending_readbacks":0,"queue_len":0,"signal":1139,"now_ms":1785594715909}
[page] [gpu-worker][wedge] {"kind":"device","drainTraps":0,"rescuedWakeups":0,"signal":1,"engine":{"jobs_submitted":1,"jobs_started":1,"jobs_finished":1,"current_job_start_ms":0,"last_submit_ms":1785593738490,"last_drain_enter_ms":1785594718588,"last_drain_exit_ms":1785594718588,"device_errors":0,"device_lost":1,"caller_stall_probes":0,"pending_readbacks":0,"queue_len":0,"signal":1,"now_ms":1785594718588},"t":1785594718588}
[page] [gpu-worker][wedge] {"kind":"stall","jobDied":false,"stuckJob":true,"jobAgeMs":830204,"drainTraps":0,"rescuedWakeups":0,"signal":1139,"engine":{"jobs_submitted":1139,"jobs_started":1139,"jobs_finished":1138,"current_job_start_ms":1785593888385,"last_submit_ms":1785593888385,"last_drain_enter_ms":1785593888385,"last_drain_exit_ms":1785593888385,"device_errors":0,"device_lost":1,"caller_stall_probes":162,"pending_readbacks":0,"queue_len":0,"signal":1139,"now_ms":1785594718589},"t":1785594718589}
[page] [jolt-webgpu] engine.run caller stalled 832659 ms: {"jobs_submitted":1139,"jobs_started":1139,"jobs_finished":1138,"current_job_start_ms":1785593888385,"last_submit_ms":1785593888385,"last_drain_enter_ms":1785593888385,"last_drain_exit_ms":1785593888385,"device_errors":0,"device_lost":1,"caller_stall_probes":163,"pending_readbacks":0,"queue_len":0,"signal":1139,"now_ms":1785594721044}
[page] [gpu-worker][wedge] {"kind":"device","drainTraps":0,"rescuedWakeups":0,"signal":1,"engine":{"jobs_submitted":1,"jobs_started":1,"jobs_finished":1,"current_job_start_ms":0,"last_submit_ms":1785593738490,"last_drain_enter_ms":1785594723454,"last_drain_exit_ms":1785594723454,"device_errors":0,"device_lost":1,"caller_stall_probes":0,"pending_readbacks":0,"queue_len":0,"signal":1,"now_ms":1785594723578},"t":1785594723579}
[page] [gpu-worker][wedge] {"kind":"stall","jobDied":false,"stuckJob":true,"jobAgeMs":835194,"drainTraps":0,"rescuedWakeups":0,"signal":1139,"engine":{"jobs_submitted":1139,"jobs_started":1139,"jobs_finished":1138,"current_job_start_ms":1785593888385,"last_submit_ms":1785593888385,"last_drain_enter_ms":1785593888385,"last_drain_exit_ms":1785593888385,"device_errors":0,"device_lost":1,"caller_stall_probes":163,"pending_readbacks":0,"queue_len":0,"signal":1139,"now_ms":1785594723579},"t":1785594723579}
[page] [jolt-webgpu] engine.run caller stalled 837810 ms: {"jobs_submitted":1139,"jobs_started":1139,"jobs_finished":1138,"current_job_start_ms":1785593888385,"last_submit_ms":1785593888385,"last_drain_enter_ms":1785593888385,"last_drain_exit_ms":1785593888385,"device_errors":0,"device_lost":1,"caller_stall_probes":164,"pending_readbacks":0,"queue_len":0,"signal":1139,"now_ms":1785594726195}
[page] [gpu-worker][wedge] {"kind":"device","drainTraps":0,"rescuedWakeups":0,"signal":1,"engine":{"jobs_submitted":1,"jobs_started":1,"jobs_finished":1,"current_job_start_ms":0,"last_submit_ms":1785593738490,"last_drain_enter_ms":1785594728391,"last_drain_exit_ms":1785594728391,"device_errors":0,"device_lost":1,"caller_stall_probes":0,"pending_readbacks":0,"queue_len":0,"signal":1,"now_ms":1785594728585},"t":1785594728585}
[page] [gpu-worker][wedge] {"kind":"stall","jobDied":false,"stuckJob":true,"jobAgeMs":840200,"drainTraps":0,"rescuedWakeups":0,"signal":1139,"engine":{"jobs_submitted":1139,"jobs_started":1139,"jobs_finished":1138,"current_job_start_ms":1785593888385,"last_submit_ms":1785593888385,"last_drain_enter_ms":1785593888385,"last_drain_exit_ms":1785593888385,"device_errors":0,"device_lost":1,"caller_stall_probes":164,"pending_readbacks":0,"queue_len":0,"signal":1139,"now_ms":1785594728586},"t":1785594728586}
[page] [jolt-webgpu] engine.run caller stalled 842893 ms: {"jobs_submitted":1139,"jobs_started":1139,"jobs_finished":1138,"current_job_start_ms":1785593888385,"last_submit_ms":1785593888385,"last_drain_enter_ms":1785593888385,"last_drain_exit_ms":1785593888385,"device_errors":0,"device_lost":1,"caller_stall_probes":165,"pending_readbacks":0,"queue_len":0,"signal":1139,"now_ms":1785594731278}
[page] [gpu-worker][wedge] {"kind":"device","drainTraps":0,"rescuedWakeups":0,"signal":1,"engine":{"jobs_submitted":1,"jobs_started":1,"jobs_finished":1,"current_job_start_ms":0,"last_submit_ms":1785593738490,"last_drain_enter_ms":1785594733481,"last_drain_exit_ms":1785594733481,"device_errors":0,"device_lost":1,"caller_stall_probes":0,"pending_readbacks":0,"queue_len":0,"signal":1,"now_ms":1785594733528},"t":1785594733528}
[page] [gpu-worker][wedge] {"kind":"stall","jobDied":false,"stuckJob":true,"jobAgeMs":845144,"drainTraps":0,"rescuedWakeups":0,"signal":1139,"engine":{"jobs_submitted":1139,"jobs_started":1139,"jobs_finished":1138,"current_job_start_ms":1785593888385,"last_submit_ms":1785593888385,"last_drain_enter_ms":1785593888385,"last_drain_exit_ms":1785593888385,"device_errors":0,"device_lost":1,"caller_stall_probes":165,"pending_readbacks":0,"queue_len":0,"signal":1139,"now_ms":1785594733529},"t":1785594733529}
[page] [jolt-webgpu] engine.run caller stalled 848038 ms: {"jobs_submitted":1139,"jobs_started":1139,"jobs_finished":1138,"current_job_start_ms":1785593888385,"last_submit_ms":1785593888385,"last_drain_enter_ms":1785593888385,"last_drain_exit_ms":1785593888385,"device_errors":0,"device_lost":1,"caller_stall_probes":166,"pending_readbacks":0,"queue_len":0,"signal":1139,"now_ms":1785594736423}
[page] [gpu-worker][wedge] {"kind":"device","drainTraps":0,"rescuedWakeups":0,"signal":1,"engine":{"jobs_submitted":1,"jobs_started":1,"jobs_finished":1,"current_job_start_ms":0,"last_submit_ms":1785593738490,"last_drain_enter_ms":1785594738461,"last_drain_exit_ms":1785594738461,"device_errors":0,"device_lost":1,"caller_stall_probes":0,"pending_readbacks":0,"queue_len":0,"signal":1,"now_ms":1785594738600},"t":1785594738600}
[page] [gpu-worker][wedge] {"kind":"stall","jobDied":false,"stuckJob":true,"jobAgeMs":850215,"drainTraps":0,"rescuedWakeups":0,"signal":1139,"engine":{"jobs_submitted":1139,"jobs_started":1139,"jobs_finished":1138,"current_job_start_ms":1785593888385,"last_submit_ms":1785593888385,"last_drain_enter_ms":1785593888385,"last_drain_exit_ms":1785593888385,"device_errors":0,"device_lost":1,"caller_stall_probes":166,"pending_readbacks":0,"queue_len":0,"signal":1139,"now_ms":1785594738600},"t":1785594738600}
[page] [jolt-webgpu] engine.run caller stalled 853147 ms: {"jobs_submitted":1139,"jobs_started":1139,"jobs_finished":1138,"current_job_start_ms":1785593888385,"last_submit_ms":1785593888385,"last_drain_enter_ms":1785593888385,"last_drain_exit_ms":1785593888385,"device_errors":0,"device_lost":1,"caller_stall_probes":167,"pending_readbacks":0,"queue_len":0,"signal":1139,"now_ms":1785594741532}
[page] [gpu-worker][wedge] {"kind":"stall","jobDied":false,"stuckJob":true,"jobAgeMs":855242,"drainTraps":0,"rescuedWakeups":0,"signal":1139,"engine":{"jobs_submitted":1139,"jobs_started":1139,"jobs_finished":1138,"current_job_start_ms":1785593888385,"last_submit_ms":1785593888385,"last_drain_enter_ms":1785593888385,"last_drain_exit_ms":1785593888385,"device_errors":0,"device_lost":1,"caller_stall_probes":167,"pending_readbacks":0,"queue_len":0,"signal":1139,"now_ms":1785594743627},"t":1785594743627}
[page] [gpu-worker][wedge] {"kind":"device","drainTraps":0,"rescuedWakeups":0,"signal":1,"engine":{"jobs_submitted":1,"jobs_started":1,"jobs_finished":1,"current_job_start_ms":0,"last_submit_ms":1785593738490,"last_drain_enter_ms":1785594743397,"last_drain_exit_ms":1785594743397,"device_errors":0,"device_lost":1,"caller_stall_probes":0,"pending_readbacks":0,"queue_len":0,"signal":1,"now_ms":1785594743627},"t":1785594743627}
[page] [jolt-webgpu] engine.run caller stalled 858153 ms: {"jobs_submitted":1139,"jobs_started":1139,"jobs_finished":1138,"current_job_start_ms":1785593888385,"last_submit_ms":1785593888385,"last_drain_enter_ms":1785593888385,"last_drain_exit_ms":1785593888385,"device_errors":0,"device_lost":1,"caller_stall_probes":168,"pending_readbacks":0,"queue_len":0,"signal":1139,"now_ms":1785594746538}
[page] [gpu-worker][wedge] {"kind":"device","drainTraps":0,"rescuedWakeups":0,"signal":1,"engine":{"jobs_submitted":1,"jobs_started":1,"jobs_finished":1,"current_job_start_ms":0,"last_submit_ms":1785593738490,"last_drain_enter_ms":1785594748618,"last_drain_exit_ms":1785594748618,"device_errors":0,"device_lost":1,"caller_stall_probes":0,"pending_readbacks":0,"queue_len":0,"signal":1,"now_ms":1785594748618},"t":1785594748618}
[page] [gpu-worker][wedge] {"kind":"stall","jobDied":false,"stuckJob":true,"jobAgeMs":860234,"drainTraps":0,"rescuedWakeups":0,"signal":1139,"engine":{"jobs_submitted":1139,"jobs_started":1139,"jobs_finished":1138,"current_job_start_ms":1785593888385,"last_submit_ms":1785593888385,"last_drain_enter_ms":1785593888385,"last_drain_exit_ms":1785593888385,"device_errors":0,"device_lost":1,"caller_stall_probes":168,"pending_readbacks":0,"queue_len":0,"signal":1139,"now_ms":1785594748619},"t":1785594748619}
[page] [jolt-webgpu] engine.run caller stalled 863304 ms: {"jobs_submitted":1139,"jobs_started":1139,"jobs_finished":1138,"current_job_start_ms":1785593888385,"last_submit_ms":1785593888385,"last_drain_enter_ms":1785593888385,"last_drain_exit_ms":1785593888385,"device_errors":0,"device_lost":1,"caller_stall_probes":169,"pending_readbacks":0,"queue_len":0,"signal":1139,"now_ms":1785594751689}
[page] [gpu-worker][wedge] {"kind":"stall","jobDied":false,"stuckJob":true,"jobAgeMs":865132,"drainTraps":0,"rescuedWakeups":0,"signal":1139,"engine":{"jobs_submitted":1139,"jobs_started":1139,"jobs_finished":1138,"current_job_start_ms":1785593888385,"last_submit_ms":1785593888385,"last_drain_enter_ms":1785593888385,"last_drain_exit_ms":1785593888385,"device_errors":0,"device_lost":1,"caller_stall_probes":169,"pending_readbacks":0,"queue_len":0,"signal":1139,"now_ms":1785594753517},"t":1785594753517}
[page] [gpu-worker][wedge] {"kind":"device","drainTraps":0,"rescuedWakeups":0,"signal":1,"engine":{"jobs_submitted":1,"jobs_started":1,"jobs_finished":1,"current_job_start_ms":0,"last_submit_ms":1785593738490,"last_drain_enter_ms":1785594753518,"last_drain_exit_ms":1785594753518,"device_errors":0,"device_lost":1,"caller_stall_probes":0,"pending_readbacks":0,"queue_len":0,"signal":1,"now_ms":1785594753518},"t":1785594753518}
[page] [jolt-webgpu] engine.run caller stalled 868455 ms: {"jobs_submitted":1139,"jobs_started":1139,"jobs_finished":1138,"current_job_start_ms":1785593888385,"last_submit_ms":1785593888385,"last_drain_enter_ms":1785593888385,"last_drain_exit_ms":1785593888385,"device_errors":0,"device_lost":1,"caller_stall_probes":170,"pending_readbacks":0,"queue_len":0,"signal":1139,"now_ms":1785594756840}
[page] [gpu-worker][wedge] {"kind":"device","drainTraps":0,"rescuedWakeups":0,"signal":1,"engine":{"jobs_submitted":1,"jobs_started":1,"jobs_finished":1,"current_job_start_ms":0,"last_submit_ms":1785593738490,"last_drain_enter_ms":1785594758551,"last_drain_exit_ms":1785594758551,"device_errors":0,"device_lost":1,"caller_stall_probes":0,"pending_readbacks":0,"queue_len":0,"signal":1,"now_ms":1785594758551},"t":1785594758551}
[page] [gpu-worker][wedge] {"kind":"stall","jobDied":false,"stuckJob":true,"jobAgeMs":870166,"drainTraps":0,"rescuedWakeups":0,"signal":1139,"engine":{"jobs_submitted":1139,"jobs_started":1139,"jobs_finished":1138,"current_job_start_ms":1785593888385,"last_submit_ms":1785593888385,"last_drain_enter_ms":1785593888385,"last_drain_exit_ms":1785593888385,"device_errors":0,"device_lost":1,"caller_stall_probes":170,"pending_readbacks":0,"queue_len":0,"signal":1139,"now_ms":1785594758551},"t":1785594758551}
[page] [jolt-webgpu] engine.run caller stalled 873461 ms: {"jobs_submitted":1139,"jobs_started":1139,"jobs_finished":1138,"current_job_start_ms":1785593888385,"last_submit_ms":1785593888385,"last_drain_enter_ms":1785593888385,"last_drain_exit_ms":1785593888385,"device_errors":0,"device_lost":1,"caller_stall_probes":171,"pending_readbacks":0,"queue_len":0,"signal":1139,"now_ms":1785594761846}
[page] [gpu-worker][wedge] {"kind":"device","drainTraps":0,"rescuedWakeups":0,"signal":1,"engine":{"jobs_submitted":1,"jobs_started":1,"jobs_finished":1,"current_job_start_ms":0,"last_submit_ms":1785593738490,"last_drain_enter_ms":1785594763392,"last_drain_exit_ms":1785594763392,"device_errors":0,"device_lost":1,"caller_stall_probes":0,"pending_readbacks":0,"queue_len":0,"signal":1,"now_ms":1785594763534},"t":1785594763534}
[page] [gpu-worker][wedge] {"kind":"stall","jobDied":false,"stuckJob":true,"jobAgeMs":875150,"drainTraps":0,"rescuedWakeups":0,"signal":1139,"engine":{"jobs_submitted":1139,"jobs_started":1139,"jobs_finished":1138,"current_job_start_ms":1785593888385,"last_submit_ms":1785593888385,"last_drain_enter_ms":1785593888385,"last_drain_exit_ms":1785593888385,"device_errors":0,"device_lost":1,"caller_stall_probes":171,"pending_readbacks":0,"queue_len":0,"signal":1139,"now_ms":1785594763535},"t":1785594763535}
[page] [jolt-webgpu] engine.run caller stalled 878607 ms: {"jobs_submitted":1139,"jobs_started":1139,"jobs_finished":1138,"current_job_start_ms":1785593888385,"last_submit_ms":1785593888385,"last_drain_enter_ms":1785593888385,"last_drain_exit_ms":1785593888385,"device_errors":0,"device_lost":1,"caller_stall_probes":172,"pending_readbacks":0,"queue_len":0,"signal":1139,"now_ms":1785594766992}
[page] [gpu-worker][wedge] {"kind":"device","drainTraps":0,"rescuedWakeups":0,"signal":1,"engine":{"jobs_submitted":1,"jobs_started":1,"jobs_finished":1,"current_job_start_ms":0,"last_submit_ms":1785593738490,"last_drain_enter_ms":1785594768568,"last_drain_exit_ms":1785594768568,"device_errors":0,"device_lost":1,"caller_stall_probes":0,"pending_readbacks":0,"queue_len":0,"signal":1,"now_ms":1785594768569},"t":1785594768569}
[page] [gpu-worker][wedge] {"kind":"stall","jobDied":false,"stuckJob":true,"jobAgeMs":880184,"drainTraps":0,"rescuedWakeups":0,"signal":1139,"engine":{"jobs_submitted":1139,"jobs_started":1139,"jobs_finished":1138,"current_job_start_ms":1785593888385,"last_submit_ms":1785593888385,"last_drain_enter_ms":1785593888385,"last_drain_exit_ms":1785593888385,"device_errors":0,"device_lost":1,"caller_stall_probes":172,"pending_readbacks":0,"queue_len":0,"signal":1139,"now_ms":1785594768569},"t":1785594768569}
[page] [jolt-webgpu] engine.run caller stalled 883757 ms: {"jobs_submitted":1139,"jobs_started":1139,"jobs_finished":1138,"current_job_start_ms":1785593888385,"last_submit_ms":1785593888385,"last_drain_enter_ms":1785593888385,"last_drain_exit_ms":1785593888385,"device_errors":0,"device_lost":1,"caller_stall_probes":173,"pending_readbacks":0,"queue_len":0,"signal":1139,"now_ms":1785594772142}
[page] [gpu-worker][wedge] {"kind":"stall","jobDied":false,"stuckJob":true,"jobAgeMs":885154,"drainTraps":0,"rescuedWakeups":0,"signal":1139,"engine":{"jobs_submitted":1139,"jobs_started":1139,"jobs_finished":1138,"current_job_start_ms":1785593888385,"last_submit_ms":1785593888385,"last_drain_enter_ms":1785593888385,"last_drain_exit_ms":1785593888385,"device_errors":0,"device_lost":1,"caller_stall_probes":173,"pending_readbacks":0,"queue_len":0,"signal":1139,"now_ms":1785594773539},"t":1785594773539}
[page] [gpu-worker][wedge] {"kind":"device","drainTraps":0,"rescuedWakeups":0,"signal":1,"engine":{"jobs_submitted":1,"jobs_started":1,"jobs_finished":1,"current_job_start_ms":0,"last_submit_ms":1785593738490,"last_drain_enter_ms":1785594773540,"last_drain_exit_ms":1785594773540,"device_errors":0,"device_lost":1,"caller_stall_probes":0,"pending_readbacks":0,"queue_len":0,"signal":1,"now_ms":1785594773540},"t":1785594773540}
[page] [jolt-webgpu] engine.run caller stalled 888905 ms: {"jobs_submitted":1139,"jobs_started":1139,"jobs_finished":1138,"current_job_start_ms":1785593888385,"last_submit_ms":1785593888385,"last_drain_enter_ms":1785593888385,"last_drain_exit_ms":1785593888385,"device_errors":0,"device_lost":1,"caller_stall_probes":174,"pending_readbacks":0,"queue_len":0,"signal":1139,"now_ms":1785594777290}
[page] [gpu-worker][wedge] {"kind":"stall","jobDied":false,"stuckJob":true,"jobAgeMs":890190,"drainTraps":0,"rescuedWakeups":0,"signal":1139,"engine":{"jobs_submitted":1139,"jobs_started":1139,"jobs_finished":1138,"current_job_start_ms":1785593888385,"last_submit_ms":1785593888385,"last_drain_enter_ms":1785593888385,"last_drain_exit_ms":1785593888385,"device_errors":0,"device_lost":1,"caller_stall_probes":174,"pending_readbacks":0,"queue_len":0,"signal":1139,"now_ms":1785594778575},"t":1785594778575}
[page] [gpu-worker][wedge] {"kind":"device","drainTraps":0,"rescuedWakeups":0,"signal":1,"engine":{"jobs_submitted":1,"jobs_started":1,"jobs_finished":1,"current_job_start_ms":0,"last_submit_ms":1785593738490,"last_drain_enter_ms":1785594778443,"last_drain_exit_ms":1785594778443,"device_errors":0,"device_lost":1,"caller_stall_probes":0,"pending_readbacks":0,"queue_len":0,"signal":1,"now_ms":1785594778576},"t":1785594778576}
[page] [jolt-webgpu] engine.run caller stalled 894051 ms: {"jobs_submitted":1139,"jobs_started":1139,"jobs_finished":1138,"current_job_start_ms":1785593888385,"last_submit_ms":1785593888385,"last_drain_enter_ms":1785593888385,"last_drain_exit_ms":1785593888385,"device_errors":0,"device_lost":1,"caller_stall_probes":175,"pending_readbacks":0,"queue_len":0,"signal":1139,"now_ms":1785594782436}
[page] [gpu-worker][wedge] {"kind":"device","drainTraps":0,"rescuedWakeups":0,"signal":1,"engine":{"jobs_submitted":1,"jobs_started":1,"jobs_finished":1,"current_job_start_ms":0,"last_submit_ms":1785593738490,"last_drain_enter_ms":1785594783407,"last_drain_exit_ms":1785594783407,"device_errors":0,"device_lost":1,"caller_stall_probes":0,"pending_readbacks":0,"queue_len":0,"signal":1,"now_ms":1785594783527},"t":1785594783527}
[page] [gpu-worker][wedge] {"kind":"stall","jobDied":false,"stuckJob":true,"jobAgeMs":895142,"drainTraps":0,"rescuedWakeups":0,"signal":1139,"engine":{"jobs_submitted":1139,"jobs_started":1139,"jobs_finished":1138,"current_job_start_ms":1785593888385,"last_submit_ms":1785593888385,"last_drain_enter_ms":1785593888385,"last_drain_exit_ms":1785593888385,"device_errors":0,"device_lost":1,"caller_stall_probes":175,"pending_readbacks":0,"queue_len":0,"signal":1139,"now_ms":1785594783527},"t":1785594783527}
[page] [jolt-webgpu] engine.run caller stalled 899081 ms: {"jobs_submitted":1139,"jobs_started":1139,"jobs_finished":1138,"current_job_start_ms":1785593888385,"last_submit_ms":1785593888385,"last_drain_enter_ms":1785593888385,"last_drain_exit_ms":1785593888385,"device_errors":0,"device_lost":1,"caller_stall_probes":176,"pending_readbacks":0,"queue_len":0,"signal":1139,"now_ms":1785594787466}
[page] [gpu-worker][wedge] {"kind":"stall","jobDied":false,"stuckJob":true,"jobAgeMs":900240,"drainTraps":0,"rescuedWakeups":0,"signal":1139,"engine":{"jobs_submitted":1139,"jobs_started":1139,"jobs_finished":1138,"current_job_start_ms":1785593888385,"last_submit_ms":1785593888385,"last_drain_enter_ms":1785593888385,"last_drain_exit_ms":1785593888385,"device_errors":0,"device_lost":1,"caller_stall_probes":176,"pending_readbacks":0,"queue_len":0,"signal":1139,"now_ms":1785594788625},"t":1785594788625}
[page] [gpu-worker][wedge] {"kind":"device","drainTraps":0,"rescuedWakeups":0,"signal":1,"engine":{"jobs_submitted":1,"jobs_started":1,"jobs_finished":1,"current_job_start_ms":0,"last_submit_ms":1785593738490,"last_drain_enter_ms":1785594788391,"last_drain_exit_ms":1785594788391,"device_errors":0,"device_lost":1,"caller_stall_probes":0,"pending_readbacks":0,"queue_len":0,"signal":1,"now_ms":1785594788625},"t":1785594788625}
[page] [jolt-webgpu] engine.run caller stalled 904199 ms: {"jobs_submitted":1139,"jobs_started":1139,"jobs_finished":1138,"current_job_start_ms":1785593888385,"last_submit_ms":1785593888385,"last_drain_enter_ms":1785593888385,"last_drain_exit_ms":1785593888385,"device_errors":0,"device_lost":1,"caller_stall_probes":177,"pending_readbacks":0,"queue_len":0,"signal":1139,"now_ms":1785594792584}
[page] [gpu-worker][wedge] {"kind":"device","drainTraps":0,"rescuedWakeups":0,"signal":1,"engine":{"jobs_submitted":1,"jobs_started":1,"jobs_finished":1,"current_job_start_ms":0,"last_submit_ms":1785593738490,"last_drain_enter_ms":1785594793623,"last_drain_exit_ms":1785594793623,"device_errors":0,"device_lost":1,"caller_stall_probes":0,"pending_readbacks":0,"queue_len":0,"signal":1,"now_ms":1785594793623},"t":1785594793623}
[page] [gpu-worker][wedge] {"kind":"stall","jobDied":false,"stuckJob":true,"jobAgeMs":905239,"drainTraps":0,"rescuedWakeups":0,"signal":1139,"engine":{"jobs_submitted":1139,"jobs_started":1139,"jobs_finished":1138,"current_job_start_ms":1785593888385,"last_submit_ms":1785593888385,"last_drain_enter_ms":1785593888385,"last_drain_exit_ms":1785593888385,"device_errors":0,"device_lost":1,"caller_stall_probes":177,"pending_readbacks":0,"queue_len":0,"signal":1139,"now_ms":1785594793624},"t":1785594793624}
[page] [jolt-webgpu] engine.run caller stalled 909255 ms: {"jobs_submitted":1139,"jobs_started":1139,"jobs_finished":1138,"current_job_start_ms":1785593888385,"last_submit_ms":1785593888385,"last_drain_enter_ms":1785593888385,"last_drain_exit_ms":1785593888385,"device_errors":0,"device_lost":1,"caller_stall_probes":178,"pending_readbacks":0,"queue_len":0,"signal":1139,"now_ms":1785594797640}
[page] [gpu-worker][wedge] {"kind":"stall","jobDied":false,"stuckJob":true,"jobAgeMs":910114,"drainTraps":0,"rescuedWakeups":0,"signal":1139,"engine":{"jobs_submitted":1139,"jobs_started":1139,"jobs_finished":1138,"current_job_start_ms":1785593888385,"last_submit_ms":1785593888385,"last_drain_enter_ms":1785593888385,"last_drain_exit_ms":1785593888385,"device_errors":0,"device_lost":1,"caller_stall_probes":178,"pending_readbacks":0,"queue_len":0,"signal":1139,"now_ms":1785594798499},"t":1785594798499}
[page] [gpu-worker][wedge] {"kind":"device","drainTraps":0,"rescuedWakeups":0,"signal":1,"engine":{"jobs_submitted":1,"jobs_started":1,"jobs_finished":1,"current_job_start_ms":0,"last_submit_ms":1785593738490,"last_drain_enter_ms":1785594798456,"last_drain_exit_ms":1785594798456,"device_errors":0,"device_lost":1,"caller_stall_probes":0,"pending_readbacks":0,"queue_len":0,"signal":1,"now_ms":1785594798499},"t":1785594798499}
[page] [jolt-webgpu] engine.run caller stalled 914356 ms: {"jobs_submitted":1139,"jobs_started":1139,"jobs_finished":1138,"current_job_start_ms":1785593888385,"last_submit_ms":1785593888385,"last_drain_enter_ms":1785593888385,"last_drain_exit_ms":1785593888385,"device_errors":0,"device_lost":1,"caller_stall_probes":179,"pending_readbacks":0,"queue_len":0,"signal":1139,"now_ms":1785594802741}
[page] [gpu-worker][wedge] {"kind":"device","drainTraps":0,"rescuedWakeups":0,"signal":1,"engine":{"jobs_submitted":1,"jobs_started":1,"jobs_finished":1,"current_job_start_ms":0,"last_submit_ms":1785593738490,"last_drain_enter_ms":1785594803456,"last_drain_exit_ms":1785594803456,"device_errors":0,"device_lost":1,"caller_stall_probes":0,"pending_readbacks":0,"queue_len":0,"signal":1,"now_ms":1785594803640},"t":1785594803640}
[page] [gpu-worker][wedge] {"kind":"stall","jobDied":false,"stuckJob":true,"jobAgeMs":915256,"drainTraps":0,"rescuedWakeups":0,"signal":1139,"engine":{"jobs_submitted":1139,"jobs_started":1139,"jobs_finished":1138,"current_job_start_ms":1785593888385,"last_submit_ms":1785593888385,"last_drain_enter_ms":1785593888385,"last_drain_exit_ms":1785593888385,"device_errors":0,"device_lost":1,"caller_stall_probes":179,"pending_readbacks":0,"queue_len":0,"signal":1139,"now_ms":1785594803641},"t":1785594803641}
[page] [jolt-webgpu] engine.run caller stalled 919507 ms: {"jobs_submitted":1139,"jobs_started":1139,"jobs_finished":1138,"current_job_start_ms":1785593888385,"last_submit_ms":1785593888385,"last_drain_enter_ms":1785593888385,"last_drain_exit_ms":1785593888385,"device_errors":0,"device_lost":1,"caller_stall_probes":180,"pending_readbacks":0,"queue_len":0,"signal":1139,"now_ms":1785594807892}
[page] [gpu-worker][wedge] {"kind":"device","drainTraps":0,"rescuedWakeups":0,"signal":1,"engine":{"jobs_submitted":1,"jobs_started":1,"jobs_finished":1,"current_job_start_ms":0,"last_submit_ms":1785593738490,"last_drain_enter_ms":1785594808414,"last_drain_exit_ms":1785594808414,"device_errors":0,"device_lost":1,"caller_stall_probes":0,"pending_readbacks":0,"queue_len":0,"signal":1,"now_ms":1785594808554},"t":1785594808554}
[page] [gpu-worker][wedge] {"kind":"stall","jobDied":false,"stuckJob":true,"jobAgeMs":920170,"drainTraps":0,"rescuedWakeups":0,"signal":1139,"engine":{"jobs_submitted":1139,"jobs_started":1139,"jobs_finished":1138,"current_job_start_ms":1785593888385,"last_submit_ms":1785593888385,"last_drain_enter_ms":1785593888385,"last_drain_exit_ms":1785593888385,"device_errors":0,"device_lost":1,"caller_stall_probes":180,"pending_readbacks":0,"queue_len":0,"signal":1139,"now_ms":1785594808555},"t":1785594808555}
[page] [jolt-webgpu] engine.run caller stalled 924655 ms: {"jobs_submitted":1139,"jobs_started":1139,"jobs_finished":1138,"current_job_start_ms":1785593888385,"last_submit_ms":1785593888385,"last_drain_enter_ms":1785593888385,"last_drain_exit_ms":1785593888385,"device_errors":0,"device_lost":1,"caller_stall_probes":181,"pending_readbacks":0,"queue_len":0,"signal":1139,"now_ms":1785594813040}
[page] [gpu-worker][wedge] {"kind":"stall","jobDied":false,"stuckJob":true,"jobAgeMs":925143,"drainTraps":0,"rescuedWakeups":0,"signal":1139,"engine":{"jobs_submitted":1139,"jobs_started":1139,"jobs_finished":1138,"current_job_start_ms":1785593888385,"last_submit_ms":1785593888385,"last_drain_enter_ms":1785593888385,"last_drain_exit_ms":1785593888385,"device_errors":0,"device_lost":1,"caller_stall_probes":181,"pending_readbacks":0,"queue_len":0,"signal":1139,"now_ms":1785594813528},"t":1785594813529}
[page] [gpu-worker][wedge] {"kind":"device","drainTraps":0,"rescuedWakeups":0,"signal":1,"engine":{"jobs_submitted":1,"jobs_started":1,"jobs_finished":1,"current_job_start_ms":0,"last_submit_ms":1785593738490,"last_drain_enter_ms":1785594813441,"last_drain_exit_ms":1785594813441,"device_errors":0,"device_lost":1,"caller_stall_probes":0,"pending_readbacks":0,"queue_len":0,"signal":1,"now_ms":1785594813529},"t":1785594813529}
[page] [jolt-webgpu] engine.run caller stalled 929744 ms: {"jobs_submitted":1139,"jobs_started":1139,"jobs_finished":1138,"current_job_start_ms":1785593888385,"last_submit_ms":1785593888385,"last_drain_enter_ms":1785593888385,"last_drain_exit_ms":1785593888385,"device_errors":0,"device_lost":1,"caller_stall_probes":182,"pending_readbacks":0,"queue_len":0,"signal":1139,"now_ms":1785594818129}
[page] [gpu-worker][wedge] {"kind":"device","drainTraps":0,"rescuedWakeups":0,"signal":1,"engine":{"jobs_submitted":1,"jobs_started":1,"jobs_finished":1,"current_job_start_ms":0,"last_submit_ms":1785593738490,"last_drain_enter_ms":1785594818480,"last_drain_exit_ms":1785594818480,"device_errors":0,"device_lost":1,"caller_stall_probes":0,"pending_readbacks":0,"queue_len":0,"signal":1,"now_ms":1785594818573},"t":1785594818573}
[page] [gpu-worker][wedge] {"kind":"stall","jobDied":false,"stuckJob":true,"jobAgeMs":930189,"drainTraps":0,"rescuedWakeups":0,"signal":1139,"engine":{"jobs_submitted":1139,"jobs_started":1139,"jobs_finished":1138,"current_job_start_ms":1785593888385,"last_submit_ms":1785593888385,"last_drain_enter_ms":1785593888385,"last_drain_exit_ms":1785593888385,"device_errors":0,"device_lost":1,"caller_stall_probes":182,"pending_readbacks":0,"queue_len":0,"signal":1139,"now_ms":1785594818574},"t":1785594818574}
[page] [jolt-webgpu] engine.run caller stalled 934888 ms: {"jobs_submitted":1139,"jobs_started":1139,"jobs_finished":1138,"current_job_start_ms":1785593888385,"last_submit_ms":1785593888385,"last_drain_enter_ms":1785593888385,"last_drain_exit_ms":1785593888385,"device_errors":0,"device_lost":1,"caller_stall_probes":183,"pending_readbacks":0,"queue_len":0,"signal":1139,"now_ms":1785594823273}
[page] [gpu-worker][wedge] {"kind":"device","drainTraps":0,"rescuedWakeups":0,"signal":1,"engine":{"jobs_submitted":1,"jobs_started":1,"jobs_finished":1,"current_job_start_ms":0,"last_submit_ms":1785593738490,"last_drain_enter_ms":1785594823463,"last_drain_exit_ms":1785594823463,"device_errors":0,"device_lost":1,"caller_stall_probes":0,"pending_readbacks":0,"queue_len":0,"signal":1,"now_ms":1785594823518},"t":1785594823518}
[page] [gpu-worker][wedge] {"kind":"stall","jobDied":false,"stuckJob":true,"jobAgeMs":935134,"drainTraps":0,"rescuedWakeups":0,"signal":1139,"engine":{"jobs_submitted":1139,"jobs_started":1139,"jobs_finished":1138,"current_job_start_ms":1785593888385,"last_submit_ms":1785593888385,"last_drain_enter_ms":1785593888385,"last_drain_exit_ms":1785593888385,"device_errors":0,"device_lost":1,"caller_stall_probes":183,"pending_readbacks":0,"queue_len":0,"signal":1139,"now_ms":1785594823519},"t":1785594823519}
[page] [jolt-webgpu] engine.run caller stalled 939930 ms: {"jobs_submitted":1139,"jobs_started":1139,"jobs_finished":1138,"current_job_start_ms":1785593888385,"last_submit_ms":1785593888385,"last_drain_enter_ms":1785593888385,"last_drain_exit_ms":1785593888385,"device_errors":0,"device_lost":1,"caller_stall_probes":184,"pending_readbacks":0,"queue_len":0,"signal":1139,"now_ms":1785594828315}
[page] [gpu-worker][wedge] {"kind":"device","drainTraps":0,"rescuedWakeups":0,"signal":1,"engine":{"jobs_submitted":1,"jobs_started":1,"jobs_finished":1,"current_job_start_ms":0,"last_submit_ms":1785593738490,"last_drain_enter_ms":1785594828534,"last_drain_exit_ms":1785594828534,"device_errors":0,"device_lost":1,"caller_stall_probes":0,"pending_readbacks":0,"queue_len":0,"signal":1,"now_ms":1785594828535},"t":1785594828535}
[page] [gpu-worker][wedge] {"kind":"stall","jobDied":false,"stuckJob":true,"jobAgeMs":940150,"drainTraps":0,"rescuedWakeups":0,"signal":1139,"engine":{"jobs_submitted":1139,"jobs_started":1139,"jobs_finished":1138,"current_job_start_ms":1785593888385,"last_submit_ms":1785593888385,"last_drain_enter_ms":1785593888385,"last_drain_exit_ms":1785593888385,"device_errors":0,"device_lost":1,"caller_stall_probes":184,"pending_readbacks":0,"queue_len":0,"signal":1139,"now_ms":1785594828535},"t":1785594828535}
[page] [jolt-webgpu] engine.run caller stalled 945080 ms: {"jobs_submitted":1139,"jobs_started":1139,"jobs_finished":1138,"current_job_start_ms":1785593888385,"last_submit_ms":1785593888385,"last_drain_enter_ms":1785593888385,"last_drain_exit_ms":1785593888385,"device_errors":0,"device_lost":1,"caller_stall_probes":185,"pending_readbacks":0,"queue_len":0,"signal":1139,"now_ms":1785594833465}
[page] [gpu-worker][wedge] {"kind":"stall","jobDied":false,"stuckJob":true,"jobAgeMs":945234,"drainTraps":0,"rescuedWakeups":0,"signal":1139,"engine":{"jobs_submitted":1139,"jobs_started":1139,"jobs_finished":1138,"current_job_start_ms":1785593888385,"last_submit_ms":1785593888385,"last_drain_enter_ms":1785593888385,"last_drain_exit_ms":1785593888385,"device_errors":0,"device_lost":1,"caller_stall_probes":185,"pending_readbacks":0,"queue_len":0,"signal":1139,"now_ms":1785594833619},"t":1785594833619}
[page] [gpu-worker][wedge] {"kind":"device","drainTraps":0,"rescuedWakeups":0,"signal":1,"engine":{"jobs_submitted":1,"jobs_started":1,"jobs_finished":1,"current_job_start_ms":0,"last_submit_ms":1785593738490,"last_drain_enter_ms":1785594833453,"last_drain_exit_ms":1785594833453,"device_errors":0,"device_lost":1,"caller_stall_probes":0,"pending_readbacks":0,"queue_len":0,"signal":1,"now_ms":1785594833619},"t":1785594833619}
[page] [jolt-webgpu] engine.run caller stalled 950092 ms: {"jobs_submitted":1139,"jobs_started":1139,"jobs_finished":1138,"current_job_start_ms":1785593888385,"last_submit_ms":1785593888385,"last_drain_enter_ms":1785593888385,"last_drain_exit_ms":1785593888385,"device_errors":0,"device_lost":1,"caller_stall_probes":186,"pending_readbacks":0,"queue_len":0,"signal":1139,"now_ms":1785594838477}
[page] [gpu-worker][wedge] {"kind":"device","drainTraps":0,"rescuedWakeups":0,"signal":1,"engine":{"jobs_submitted":1,"jobs_started":1,"jobs_finished":1,"current_job_start_ms":0,"last_submit_ms":1785593738490,"last_drain_enter_ms":1785594838501,"last_drain_exit_ms":1785594838501,"device_errors":0,"device_lost":1,"caller_stall_probes":0,"pending_readbacks":0,"queue_len":0,"signal":1,"now_ms":1785594838501},"t":1785594838501}
[page] [gpu-worker][wedge] {"kind":"stall","jobDied":false,"stuckJob":true,"jobAgeMs":950116,"drainTraps":0,"rescuedWakeups":0,"signal":1139,"engine":{"jobs_submitted":1139,"jobs_started":1139,"jobs_finished":1138,"current_job_start_ms":1785593888385,"last_submit_ms":1785593888385,"last_drain_enter_ms":1785593888385,"last_drain_exit_ms":1785593888385,"device_errors":0,"device_lost":1,"caller_stall_probes":186,"pending_readbacks":0,"queue_len":0,"signal":1139,"now_ms":1785594838501},"t":1785594838501}
[page] [gpu-worker][wedge] {"kind":"stall","jobDied":false,"stuckJob":true,"jobAgeMs":955120,"drainTraps":0,"rescuedWakeups":0,"signal":1139,"engine":{"jobs_submitted":1139,"jobs_started":1139,"jobs_finished":1138,"current_job_start_ms":1785593888385,"last_submit_ms":1785593888385,"last_drain_enter_ms":1785593888385,"last_drain_exit_ms":1785593888385,"device_errors":0,"device_lost":1,"caller_stall_probes":186,"pending_readbacks":0,"queue_len":0,"signal":1139,"now_ms":1785594843505},"t":1785594843505}
[page] [gpu-worker][wedge] {"kind":"device","drainTraps":0,"rescuedWakeups":0,"signal":1,"engine":{"jobs_submitted":1,"jobs_started":1,"jobs_finished":1,"current_job_start_ms":0,"last_submit_ms":1785593738490,"last_drain_enter_ms":1785594843392,"last_drain_exit_ms":1785594843392,"device_errors":0,"device_lost":1,"caller_stall_probes":0,"pending_readbacks":0,"queue_len":0,"signal":1,"now_ms":1785594843506},"t":1785594843506}
[page] [jolt-webgpu] engine.run caller stalled 955147 ms: {"jobs_submitted":1139,"jobs_started":1139,"jobs_finished":1138,"current_job_start_ms":1785593888385,"last_submit_ms":1785593888385,"last_drain_enter_ms":1785593888385,"last_drain_exit_ms":1785593888385,"device_errors":0,"device_lost":1,"caller_stall_probes":187,"pending_readbacks":0,"queue_len":0,"signal":1139,"now_ms":1785594843532}
[page] [gpu-worker][wedge] {"kind":"device","drainTraps":0,"rescuedWakeups":0,"signal":1,"engine":{"jobs_submitted":1,"jobs_started":1,"jobs_finished":1,"current_job_start_ms":0,"last_submit_ms":1785593738490,"last_drain_enter_ms":1785594848529,"last_drain_exit_ms":1785594848529,"device_errors":0,"device_lost":1,"caller_stall_probes":0,"pending_readbacks":0,"queue_len":0,"signal":1,"now_ms":1785594848529},"t":1785594848529}
[page] [gpu-worker][wedge] {"kind":"stall","jobDied":false,"stuckJob":true,"jobAgeMs":960143,"drainTraps":0,"rescuedWakeups":0,"signal":1139,"engine":{"jobs_submitted":1139,"jobs_started":1139,"jobs_finished":1138,"current_job_start_ms":1785593888385,"last_submit_ms":1785593888385,"last_drain_enter_ms":1785593888385,"last_drain_exit_ms":1785593888385,"device_errors":0,"device_lost":1,"caller_stall_probes":187,"pending_readbacks":0,"queue_len":0,"signal":1139,"now_ms":1785594848529},"t":1785594848529}
[page] [jolt-webgpu] engine.run caller stalled 960290 ms: {"jobs_submitted":1139,"jobs_started":1139,"jobs_finished":1138,"current_job_start_ms":1785593888385,"last_submit_ms":1785593888385,"last_drain_enter_ms":1785593888385,"last_drain_exit_ms":1785593888385,"device_errors":0,"device_lost":1,"caller_stall_probes":188,"pending_readbacks":0,"queue_len":0,"signal":1139,"now_ms":1785594848675}
[page] [gpu-worker][wedge] {"kind":"device","drainTraps":0,"rescuedWakeups":0,"signal":1,"engine":{"jobs_submitted":1,"jobs_started":1,"jobs_finished":1,"current_job_start_ms":0,"last_submit_ms":1785593738490,"last_drain_enter_ms":1785594853462,"last_drain_exit_ms":1785594853462,"device_errors":0,"device_lost":1,"caller_stall_probes":0,"pending_readbacks":0,"queue_len":0,"signal":1,"now_ms":1785594853529},"t":1785594853529}
[page] [gpu-worker][wedge] {"kind":"stall","jobDied":false,"stuckJob":true,"jobAgeMs":965144,"drainTraps":0,"rescuedWakeups":0,"signal":1139,"engine":{"jobs_submitted":1139,"jobs_started":1139,"jobs_finished":1138,"current_job_start_ms":1785593888385,"last_submit_ms":1785593888385,"last_drain_enter_ms":1785593888385,"last_drain_exit_ms":1785593888385,"device_errors":0,"device_lost":1,"caller_stall_probes":188,"pending_readbacks":0,"queue_len":0,"signal":1139,"now_ms":1785594853529},"t":1785594853529}
[page] [jolt-webgpu] engine.run caller stalled 965436 ms: {"jobs_submitted":1139,"jobs_started":1139,"jobs_finished":1138,"current_job_start_ms":1785593888385,"last_submit_ms":1785593888385,"last_drain_enter_ms":1785593888385,"last_drain_exit_ms":1785593888385,"device_errors":0,"device_lost":1,"caller_stall_probes":189,"pending_readbacks":0,"queue_len":0,"signal":1139,"now_ms":1785594853821}
[page] [gpu-worker][wedge] {"kind":"device","drainTraps":0,"rescuedWakeups":0,"signal":1,"engine":{"jobs_submitted":1,"jobs_started":1,"jobs_finished":1,"current_job_start_ms":0,"last_submit_ms":1785593738490,"last_drain_enter_ms":1785594858532,"last_drain_exit_ms":1785594858532,"device_errors":0,"device_lost":1,"caller_stall_probes":0,"pending_readbacks":0,"queue_len":0,"signal":1,"now_ms":1785594858532},"t":1785594858532}
[page] [gpu-worker][wedge] {"kind":"stall","jobDied":false,"stuckJob":true,"jobAgeMs":970148,"drainTraps":0,"rescuedWakeups":0,"signal":1139,"engine":{"jobs_submitted":1139,"jobs_started":1139,"jobs_finished":1138,"current_job_start_ms":1785593888385,"last_submit_ms":1785593888385,"last_drain_enter_ms":1785593888385,"last_drain_exit_ms":1785593888385,"device_errors":0,"device_lost":1,"caller_stall_probes":189,"pending_readbacks":0,"queue_len":0,"signal":1139,"now_ms":1785594858533},"t":1785594858533}
[page] [jolt-webgpu] engine.run caller stalled 970461 ms: {"jobs_submitted":1139,"jobs_started":1139,"jobs_finished":1138,"current_job_start_ms":1785593888385,"last_submit_ms":1785593888385,"last_drain_enter_ms":1785593888385,"last_drain_exit_ms":1785593888385,"device_errors":0,"device_lost":1,"caller_stall_probes":190,"pending_readbacks":0,"queue_len":0,"signal":1139,"now_ms":1785594858846}
[page] [gpu-worker][wedge] {"kind":"device","drainTraps":0,"rescuedWakeups":0,"signal":1,"engine":{"jobs_submitted":1,"jobs_started":1,"jobs_finished":1,"current_job_start_ms":0,"last_submit_ms":1785593738490,"last_drain_enter_ms":1785594863505,"last_drain_exit_ms":1785594863505,"device_errors":0,"device_lost":1,"caller_stall_probes":0,"pending_readbacks":0,"queue_len":0,"signal":1,"now_ms":1785594863506},"t":1785594863506}
[page] [gpu-worker][wedge] {"kind":"stall","jobDied":false,"stuckJob":true,"jobAgeMs":975121,"drainTraps":0,"rescuedWakeups":0,"signal":1139,"engine":{"jobs_submitted":1139,"jobs_started":1139,"jobs_finished":1138,"current_job_start_ms":1785593888385,"last_submit_ms":1785593888385,"last_drain_enter_ms":1785593888385,"last_drain_exit_ms":1785593888385,"device_errors":0,"device_lost":1,"caller_stall_probes":190,"pending_readbacks":0,"queue_len":0,"signal":1139,"now_ms":1785594863506},"t":1785594863506}
[page] [jolt-webgpu] engine.run caller stalled 975588 ms: {"jobs_submitted":1139,"jobs_started":1139,"jobs_finished":1138,"current_job_start_ms":1785593888385,"last_submit_ms":1785593888385,"last_drain_enter_ms":1785593888385,"last_drain_exit_ms":1785593888385,"device_errors":0,"device_lost":1,"caller_stall_probes":191,"pending_readbacks":0,"queue_len":0,"signal":1139,"now_ms":1785594863973}
[page] [gpu-worker][wedge] {"kind":"device","drainTraps":0,"rescuedWakeups":0,"signal":1,"engine":{"jobs_submitted":1,"jobs_started":1,"jobs_finished":1,"current_job_start_ms":0,"last_submit_ms":1785593738490,"last_drain_enter_ms":1785594868457,"last_drain_exit_ms":1785594868457,"device_errors":0,"device_lost":1,"caller_stall_probes":0,"pending_readbacks":0,"queue_len":0,"signal":1,"now_ms":1785594868606},"t":1785594868606}
[page] [gpu-worker][wedge] {"kind":"stall","jobDied":false,"stuckJob":true,"jobAgeMs":980222,"drainTraps":0,"rescuedWakeups":0,"signal":1139,"engine":{"jobs_submitted":1139,"jobs_started":1139,"jobs_finished":1138,"current_job_start_ms":1785593888385,"last_submit_ms":1785593888385,"last_drain_enter_ms":1785593888385,"last_drain_exit_ms":1785593888385,"device_errors":0,"device_lost":1,"caller_stall_probes":191,"pending_readbacks":0,"queue_len":0,"signal":1139,"now_ms":1785594868607},"t":1785594868607}
[page] [jolt-webgpu] engine.run caller stalled 980739 ms: {"jobs_submitted":1139,"jobs_started":1139,"jobs_finished":1138,"current_job_start_ms":1785593888385,"last_submit_ms":1785593888385,"last_drain_enter_ms":1785593888385,"last_drain_exit_ms":1785593888385,"device_errors":0,"device_lost":1,"caller_stall_probes":192,"pending_readbacks":0,"queue_len":0,"signal":1139,"now_ms":1785594869124}
[page] [gpu-worker][wedge] {"kind":"device","drainTraps":0,"rescuedWakeups":0,"signal":1,"engine":{"jobs_submitted":1,"jobs_started":1,"jobs_finished":1,"current_job_start_ms":0,"last_submit_ms":1785593738490,"last_drain_enter_ms":1785594873529,"last_drain_exit_ms":1785594873529,"device_errors":0,"device_lost":1,"caller_stall_probes":0,"pending_readbacks":0,"queue_len":0,"signal":1,"now_ms":1785594873529},"t":1785594873529}
[page] [gpu-worker][wedge] {"kind":"stall","jobDied":false,"stuckJob":true,"jobAgeMs":985144,"drainTraps":0,"rescuedWakeups":0,"signal":1139,"engine":{"jobs_submitted":1139,"jobs_started":1139,"jobs_finished":1138,"current_job_start_ms":1785593888385,"last_submit_ms":1785593888385,"last_drain_enter_ms":1785593888385,"last_drain_exit_ms":1785593888385,"device_errors":0,"device_lost":1,"caller_stall_probes":192,"pending_readbacks":0,"queue_len":0,"signal":1139,"now_ms":1785594873529},"t":1785594873530}
[page] [jolt-webgpu] engine.run caller stalled 985890 ms: {"jobs_submitted":1139,"jobs_started":1139,"jobs_finished":1138,"current_job_start_ms":1785593888385,"last_submit_ms":1785593888385,"last_drain_enter_ms":1785593888385,"last_drain_exit_ms":1785593888385,"device_errors":0,"device_lost":1,"caller_stall_probes":193,"pending_readbacks":0,"queue_len":0,"signal":1139,"now_ms":1785594874275}
[page] [gpu-worker][wedge] {"kind":"device","drainTraps":0,"rescuedWakeups":0,"signal":1,"engine":{"jobs_submitted":1,"jobs_started":1,"jobs_finished":1,"current_job_start_ms":0,"last_submit_ms":1785593738490,"last_drain_enter_ms":1785594878442,"last_drain_exit_ms":1785594878442,"device_errors":0,"device_lost":1,"caller_stall_probes":0,"pending_readbacks":0,"queue_len":0,"signal":1,"now_ms":1785594878532},"t":1785594878532}
[page] [gpu-worker][wedge] {"kind":"stall","jobDied":false,"stuckJob":true,"jobAgeMs":990148,"drainTraps":0,"rescuedWakeups":0,"signal":1139,"engine":{"jobs_submitted":1139,"jobs_started":1139,"jobs_finished":1138,"current_job_start_ms":1785593888385,"last_submit_ms":1785593888385,"last_drain_enter_ms":1785593888385,"last_drain_exit_ms":1785593888385,"device_errors":0,"device_lost":1,"caller_stall_probes":193,"pending_readbacks":0,"queue_len":0,"signal":1139,"now_ms":1785594878533},"t":1785594878533}
[page] [jolt-webgpu] engine.run caller stalled 991024 ms: {"jobs_submitted":1139,"jobs_started":1139,"jobs_finished":1138,"current_job_start_ms":1785593888385,"last_submit_ms":1785593888385,"last_drain_enter_ms":1785593888385,"last_drain_exit_ms":1785593888385,"device_errors":0,"device_lost":1,"caller_stall_probes":194,"pending_readbacks":0,"queue_len":0,"signal":1139,"now_ms":1785594879409}
[page] [gpu-worker][wedge] {"kind":"device","drainTraps":0,"rescuedWakeups":0,"signal":1,"engine":{"jobs_submitted":1,"jobs_started":1,"jobs_finished":1,"current_job_start_ms":0,"last_submit_ms":1785593738490,"last_drain_enter_ms":1785594883589,"last_drain_exit_ms":1785594883589,"device_errors":0,"device_lost":1,"caller_stall_probes":0,"pending_readbacks":0,"queue_len":0,"signal":1,"now_ms":1785594883590},"t":1785594883590}
[page] [gpu-worker][wedge] {"kind":"stall","jobDied":false,"stuckJob":true,"jobAgeMs":995205,"drainTraps":0,"rescuedWakeups":0,"signal":1139,"engine":{"jobs_submitted":1139,"jobs_started":1139,"jobs_finished":1138,"current_job_start_ms":1785593888385,"last_submit_ms":1785593888385,"last_drain_enter_ms":1785593888385,"last_drain_exit_ms":1785593888385,"device_errors":0,"device_lost":1,"caller_stall_probes":194,"pending_readbacks":0,"queue_len":0,"signal":1139,"now_ms":1785594883590},"t":1785594883590}
[page] [jolt-webgpu] engine.run caller stalled 996071 ms: {"jobs_submitted":1139,"jobs_started":1139,"jobs_finished":1138,"current_job_start_ms":1785593888385,"last_submit_ms":1785593888385,"last_drain_enter_ms":1785593888385,"last_drain_exit_ms":1785593888385,"device_errors":0,"device_lost":1,"caller_stall_probes":195,"pending_readbacks":0,"queue_len":0,"signal":1139,"now_ms":1785594884456}
[page] [gpu-worker][wedge] {"kind":"device","drainTraps":0,"rescuedWakeups":0,"signal":1,"engine":{"jobs_submitted":1,"jobs_started":1,"jobs_finished":1,"current_job_start_ms":0,"last_submit_ms":1785593738490,"last_drain_enter_ms":1785594888482,"last_drain_exit_ms":1785594888482,"device_errors":0,"device_lost":1,"caller_stall_probes":0,"pending_readbacks":0,"queue_len":0,"signal":1,"now_ms":1785594888556},"t":1785594888556}
[page] [gpu-worker][wedge] {"kind":"stall","jobDied":false,"stuckJob":true,"jobAgeMs":1000172,"drainTraps":0,"rescuedWakeups":0,"signal":1139,"engine":{"jobs_submitted":1139,"jobs_started":1139,"jobs_finished":1138,"current_job_start_ms":1785593888385,"last_submit_ms":1785593888385,"last_drain_enter_ms":1785593888385,"last_drain_exit_ms":1785593888385,"device_errors":0,"device_lost":1,"caller_stall_probes":195,"pending_readbacks":0,"queue_len":0,"signal":1139,"now_ms":1785594888557},"t":1785594888557}
[page] [jolt-webgpu] engine.run caller stalled 1001214 ms: {"jobs_submitted":1139,"jobs_started":1139,"jobs_finished":1138,"current_job_start_ms":1785593888385,"last_submit_ms":1785593888385,"last_drain_enter_ms":1785593888385,"last_drain_exit_ms":1785593888385,"device_errors":0,"device_lost":1,"caller_stall_probes":196,"pending_readbacks":0,"queue_len":0,"signal":1139,"now_ms":1785594889599}
[page] [gpu-worker][wedge] {"kind":"stall","jobDied":false,"stuckJob":true,"jobAgeMs":1005123,"drainTraps":0,"rescuedWakeups":0,"signal":1139,"engine":{"jobs_submitted":1139,"jobs_started":1139,"jobs_finished":1138,"current_job_start_ms":1785593888385,"last_submit_ms":1785593888385,"last_drain_enter_ms":1785593888385,"last_drain_exit_ms":1785593888385,"device_errors":0,"device_lost":1,"caller_stall_probes":196,"pending_readbacks":0,"queue_len":0,"signal":1139,"now_ms":1785594893508},"t":1785594893508}
[page] [gpu-worker][wedge] {"kind":"device","drainTraps":0,"rescuedWakeups":0,"signal":1,"engine":{"jobs_submitted":1,"jobs_started":1,"jobs_finished":1,"current_job_start_ms":0,"last_submit_ms":1785593738490,"last_drain_enter_ms":1785594893508,"last_drain_exit_ms":1785594893508,"device_errors":0,"device_lost":1,"caller_stall_probes":0,"pending_readbacks":0,"queue_len":0,"signal":1,"now_ms":1785594893508},"t":1785594893508}
[page] [jolt-webgpu] engine.run caller stalled 1006279 ms: {"jobs_submitted":1139,"jobs_started":1139,"jobs_finished":1138,"current_job_start_ms":1785593888385,"last_submit_ms":1785593888385,"last_drain_enter_ms":1785593888385,"last_drain_exit_ms":1785593888385,"device_errors":0,"device_lost":1,"caller_stall_probes":197,"pending_readbacks":0,"queue_len":0,"signal":1139,"now_ms":1785594894664}
[page] [gpu-worker][wedge] {"kind":"device","drainTraps":0,"rescuedWakeups":0,"signal":1,"engine":{"jobs_submitted":1,"jobs_started":1,"jobs_finished":1,"current_job_start_ms":0,"last_submit_ms":1785593738490,"last_drain_enter_ms":1785594898432,"last_drain_exit_ms":1785594898432,"device_errors":0,"device_lost":1,"caller_stall_probes":0,"pending_readbacks":0,"queue_len":0,"signal":1,"now_ms":1785594898581},"t":1785594898581}
[page] [gpu-worker][wedge] {"kind":"stall","jobDied":false,"stuckJob":true,"jobAgeMs":1010197,"drainTraps":0,"rescuedWakeups":0,"signal":1139,"engine":{"jobs_submitted":1139,"jobs_started":1139,"jobs_finished":1138,"current_job_start_ms":1785593888385,"last_submit_ms":1785593888385,"last_drain_enter_ms":1785593888385,"last_drain_exit_ms":1785593888385,"device_errors":0,"device_lost":1,"caller_stall_probes":197,"pending_readbacks":0,"queue_len":0,"signal":1139,"now_ms":1785594898582},"t":1785594898582}
[page] [jolt-webgpu] engine.run caller stalled 1011373 ms: {"jobs_submitted":1139,"jobs_started":1139,"jobs_finished":1138,"current_job_start_ms":1785593888385,"last_submit_ms":1785593888385,"last_drain_enter_ms":1785593888385,"last_drain_exit_ms":1785593888385,"device_errors":0,"device_lost":1,"caller_stall_probes":198,"pending_readbacks":0,"queue_len":0,"signal":1139,"now_ms":1785594899758}
[page] [gpu-worker][wedge] {"kind":"device","drainTraps":0,"rescuedWakeups":0,"signal":1,"engine":{"jobs_submitted":1,"jobs_started":1,"jobs_finished":1,"current_job_start_ms":0,"last_submit_ms":1785593738490,"last_drain_enter_ms":1785594903532,"last_drain_exit_ms":1785594903532,"device_errors":0,"device_lost":1,"caller_stall_probes":0,"pending_readbacks":0,"queue_len":0,"signal":1,"now_ms":1785594903532},"t":1785594903533}
[page] [gpu-worker][wedge] {"kind":"stall","jobDied":false,"stuckJob":true,"jobAgeMs":1015148,"drainTraps":0,"rescuedWakeups":0,"signal":1139,"engine":{"jobs_submitted":1139,"jobs_started":1139,"jobs_finished":1138,"current_job_start_ms":1785593888385,"last_submit_ms":1785593888385,"last_drain_enter_ms":1785593888385,"last_drain_exit_ms":1785593888385,"device_errors":0,"device_lost":1,"caller_stall_probes":198,"pending_readbacks":0,"queue_len":0,"signal":1139,"now_ms":1785594903533},"t":1785594903533}
[page] [jolt-webgpu] engine.run caller stalled 1016522 ms: {"jobs_submitted":1139,"jobs_started":1139,"jobs_finished":1138,"current_job_start_ms":1785593888385,"last_submit_ms":1785593888385,"last_drain_enter_ms":1785593888385,"last_drain_exit_ms":1785593888385,"device_errors":0,"device_lost":1,"caller_stall_probes":199,"pending_readbacks":0,"queue_len":0,"signal":1139,"now_ms":1785594904907}
[page] [gpu-worker][wedge] {"kind":"stall","jobDied":false,"stuckJob":true,"jobAgeMs":1020220,"drainTraps":0,"rescuedWakeups":0,"signal":1139,"engine":{"jobs_submitted":1139,"jobs_started":1139,"jobs_finished":1138,"current_job_start_ms":1785593888385,"last_submit_ms":1785593888385,"last_drain_enter_ms":1785593888385,"last_drain_exit_ms":1785593888385,"device_errors":0,"device_lost":1,"caller_stall_probes":199,"pending_readbacks":0,"queue_len":0,"signal":1139,"now_ms":1785594908605},"t":1785594908605}
[page] [gpu-worker][wedge] {"kind":"device","drainTraps":0,"rescuedWakeups":0,"signal":1,"engine":{"jobs_submitted":1,"jobs_started":1,"jobs_finished":1,"current_job_start_ms":0,"last_submit_ms":1785593738490,"last_drain_enter_ms":1785594908605,"last_drain_exit_ms":1785594908605,"device_errors":0,"device_lost":1,"caller_stall_probes":0,"pending_readbacks":0,"queue_len":0,"signal":1,"now_ms":1785594908605},"t":1785594908605}
[page] [jolt-webgpu] engine.run caller stalled 1021573 ms: {"jobs_submitted":1139,"jobs_started":1139,"jobs_finished":1138,"current_job_start_ms":1785593888385,"last_submit_ms":1785593888385,"last_drain_enter_ms":1785593888385,"last_drain_exit_ms":1785593888385,"device_errors":0,"device_lost":1,"caller_stall_probes":200,"pending_readbacks":0,"queue_len":0,"signal":1139,"now_ms":1785594909958}
[page] [gpu-worker][wedge] {"kind":"device","drainTraps":0,"rescuedWakeups":0,"signal":1,"engine":{"jobs_submitted":1,"jobs_started":1,"jobs_finished":1,"current_job_start_ms":0,"last_submit_ms":1785593738490,"last_drain_enter_ms":1785594913406,"last_drain_exit_ms":1785594913406,"device_errors":0,"device_lost":1,"caller_stall_probes":0,"pending_readbacks":0,"queue_len":0,"signal":1,"now_ms":1785594913521},"t":1785594913521}
[page] [gpu-worker][wedge] {"kind":"stall","jobDied":false,"stuckJob":true,"jobAgeMs":1025137,"drainTraps":0,"rescuedWakeups":0,"signal":1139,"engine":{"jobs_submitted":1139,"jobs_started":1139,"jobs_finished":1138,"current_job_start_ms":1785593888385,"last_submit_ms":1785593888385,"last_drain_enter_ms":1785593888385,"last_drain_exit_ms":1785593888385,"device_errors":0,"device_lost":1,"caller_stall_probes":200,"pending_readbacks":0,"queue_len":0,"signal":1139,"now_ms":1785594913522},"t":1785594913522}
[page] [jolt-webgpu] engine.run caller stalled 1026666 ms: {"jobs_submitted":1139,"jobs_started":1139,"jobs_finished":1138,"current_job_start_ms":1785593888385,"last_submit_ms":1785593888385,"last_drain_enter_ms":1785593888385,"last_drain_exit_ms":1785593888385,"device_errors":0,"device_lost":1,"caller_stall_probes":201,"pending_readbacks":0,"queue_len":0,"signal":1139,"now_ms":1785594915051}
[page] [gpu-worker][wedge] {"kind":"stall","jobDied":false,"stuckJob":true,"jobAgeMs":1030233,"drainTraps":0,"rescuedWakeups":0,"signal":1139,"engine":{"jobs_submitted":1139,"jobs_started":1139,"jobs_finished":1138,"current_job_start_ms":1785593888385,"last_submit_ms":1785593888385,"last_drain_enter_ms":1785593888385,"last_drain_exit_ms":1785593888385,"device_errors":0,"device_lost":1,"caller_stall_probes":201,"pending_readbacks":0,"queue_len":0,"signal":1139,"now_ms":1785594918618},"t":1785594918618}
[page] [gpu-worker][wedge] {"kind":"device","drainTraps":0,"rescuedWakeups":0,"signal":1,"engine":{"jobs_submitted":1,"jobs_started":1,"jobs_finished":1,"current_job_start_ms":0,"last_submit_ms":1785593738490,"last_drain_enter_ms":1785594918619,"last_drain_exit_ms":1785594918619,"device_errors":0,"device_lost":1,"caller_stall_probes":0,"pending_readbacks":0,"queue_len":0,"signal":1,"now_ms":1785594918619},"t":1785594918620}
[page] [jolt-webgpu] engine.run caller stalled 1031776 ms: {"jobs_submitted":1139,"jobs_started":1139,"jobs_finished":1138,"current_job_start_ms":1785593888385,"last_submit_ms":1785593888385,"last_drain_enter_ms":1785593888385,"last_drain_exit_ms":1785593888385,"device_errors":0,"device_lost":1,"caller_stall_probes":202,"pending_readbacks":0,"queue_len":0,"signal":1139,"now_ms":1785594920161}
[page] [gpu-worker][wedge] {"kind":"device","drainTraps":0,"rescuedWakeups":0,"signal":1,"engine":{"jobs_submitted":1,"jobs_started":1,"jobs_finished":1,"current_job_start_ms":0,"last_submit_ms":1785593738490,"last_drain_enter_ms":1785594923489,"last_drain_exit_ms":1785594923489,"device_errors":0,"device_lost":1,"caller_stall_probes":0,"pending_readbacks":0,"queue_len":0,"signal":1,"now_ms":1785594923508},"t":1785594923508}
[page] [gpu-worker][wedge] {"kind":"stall","jobDied":false,"stuckJob":true,"jobAgeMs":1035124,"drainTraps":0,"rescuedWakeups":0,"signal":1139,"engine":{"jobs_submitted":1139,"jobs_started":1139,"jobs_finished":1138,"current_job_start_ms":1785593888385,"last_submit_ms":1785593888385,"last_drain_enter_ms":1785593888385,"last_drain_exit_ms":1785593888385,"device_errors":0,"device_lost":1,"caller_stall_probes":202,"pending_readbacks":0,"queue_len":0,"signal":1139,"now_ms":1785594923509},"t":1785594923509}
[page] [jolt-webgpu] engine.run caller stalled 1036907 ms: {"jobs_submitted":1139,"jobs_started":1139,"jobs_finished":1138,"current_job_start_ms":1785593888385,"last_submit_ms":1785593888385,"last_drain_enter_ms":1785593888385,"last_drain_exit_ms":1785593888385,"device_errors":0,"device_lost":1,"caller_stall_probes":203,"pending_readbacks":0,"queue_len":0,"signal":1139,"now_ms":1785594925292}
[page] [gpu-worker][wedge] {"kind":"stall","jobDied":false,"stuckJob":true,"jobAgeMs":1040212,"drainTraps":0,"rescuedWakeups":0,"signal":1139,"engine":{"jobs_submitted":1139,"jobs_started":1139,"jobs_finished":1138,"current_job_start_ms":1785593888385,"last_submit_ms":1785593888385,"last_drain_enter_ms":1785593888385,"last_drain_exit_ms":1785593888385,"device_errors":0,"device_lost":1,"caller_stall_probes":203,"pending_readbacks":0,"queue_len":0,"signal":1139,"now_ms":1785594928597},"t":1785594928597}
[page] [gpu-worker][wedge] {"kind":"device","drainTraps":0,"rescuedWakeups":0,"signal":1,"engine":{"jobs_submitted":1,"jobs_started":1,"jobs_finished":1,"current_job_start_ms":0,"last_submit_ms":1785593738490,"last_drain_enter_ms":1785594928450,"last_drain_exit_ms":1785594928450,"device_errors":0,"device_lost":1,"caller_stall_probes":0,"pending_readbacks":0,"queue_len":0,"signal":1,"now_ms":1785594928598},"t":1785594928598}
[page] [jolt-webgpu] engine.run caller stalled 1042047 ms: {"jobs_submitted":1139,"jobs_started":1139,"jobs_finished":1138,"current_job_start_ms":1785593888385,"last_submit_ms":1785593888385,"last_drain_enter_ms":1785593888385,"last_drain_exit_ms":1785593888385,"device_errors":0,"device_lost":1,"caller_stall_probes":204,"pending_readbacks":0,"queue_len":0,"signal":1139,"now_ms":1785594930432}
[page] [gpu-worker][wedge] {"kind":"device","drainTraps":0,"rescuedWakeups":0,"signal":1,"engine":{"jobs_submitted":1,"jobs_started":1,"jobs_finished":1,"current_job_start_ms":0,"last_submit_ms":1785593738490,"last_drain_enter_ms":1785594933507,"last_drain_exit_ms":1785594933507,"device_errors":0,"device_lost":1,"caller_stall_probes":0,"pending_readbacks":0,"queue_len":0,"signal":1,"now_ms":1785594933507},"t":1785594933507}
[page] [gpu-worker][wedge] {"kind":"stall","jobDied":false,"stuckJob":true,"jobAgeMs":1045123,"drainTraps":0,"rescuedWakeups":0,"signal":1139,"engine":{"jobs_submitted":1139,"jobs_started":1139,"jobs_finished":1138,"current_job_start_ms":1785593888385,"last_submit_ms":1785593888385,"last_drain_enter_ms":1785593888385,"last_drain_exit_ms":1785593888385,"device_errors":0,"device_lost":1,"caller_stall_probes":204,"pending_readbacks":0,"queue_len":0,"signal":1139,"now_ms":1785594933508},"t":1785594933508}
[page] [jolt-webgpu] engine.run caller stalled 1047198 ms: {"jobs_submitted":1139,"jobs_started":1139,"jobs_finished":1138,"current_job_start_ms":1785593888385,"last_submit_ms":1785593888385,"last_drain_enter_ms":1785593888385,"last_drain_exit_ms":1785593888385,"device_errors":0,"device_lost":1,"caller_stall_probes":205,"pending_readbacks":0,"queue_len":0,"signal":1139,"now_ms":1785594935583}
[page] [gpu-worker][wedge] {"kind":"device","drainTraps":0,"rescuedWakeups":0,"signal":1,"engine":{"jobs_submitted":1,"jobs_started":1,"jobs_finished":1,"current_job_start_ms":0,"last_submit_ms":1785593738490,"last_drain_enter_ms":1785594938487,"last_drain_exit_ms":1785594938487,"device_errors":0,"device_lost":1,"caller_stall_probes":0,"pending_readbacks":0,"queue_len":0,"signal":1,"now_ms":1785594938523},"t":1785594938523}
[page] [gpu-worker][wedge] {"kind":"stall","jobDied":false,"stuckJob":true,"jobAgeMs":1050139,"drainTraps":0,"rescuedWakeups":0,"signal":1139,"engine":{"jobs_submitted":1139,"jobs_started":1139,"jobs_finished":1138,"current_job_start_ms":1785593888385,"last_submit_ms":1785593888385,"last_drain_enter_ms":1785593888385,"last_drain_exit_ms":1785593888385,"device_errors":0,"device_lost":1,"caller_stall_probes":205,"pending_readbacks":0,"queue_len":0,"signal":1139,"now_ms":1785594938524},"t":1785594938524}
[page] [jolt-webgpu] engine.run caller stalled 1052221 ms: {"jobs_submitted":1139,"jobs_started":1139,"jobs_finished":1138,"current_job_start_ms":1785593888385,"last_submit_ms":1785593888385,"last_drain_enter_ms":1785593888385,"last_drain_exit_ms":1785593888385,"device_errors":0,"device_lost":1,"caller_stall_probes":206,"pending_readbacks":0,"queue_len":0,"signal":1139,"now_ms":1785594940606}
[page] [gpu-worker][wedge] {"kind":"stall","jobDied":false,"stuckJob":true,"jobAgeMs":1055256,"drainTraps":0,"rescuedWakeups":0,"signal":1139,"engine":{"jobs_submitted":1139,"jobs_started":1139,"jobs_finished":1138,"current_job_start_ms":1785593888385,"last_submit_ms":1785593888385,"last_drain_enter_ms":1785593888385,"last_drain_exit_ms":1785593888385,"device_errors":0,"device_lost":1,"caller_stall_probes":206,"pending_readbacks":0,"queue_len":0,"signal":1139,"now_ms":1785594943642},"t":1785594943642}
[page] [gpu-worker][wedge] {"kind":"device","drainTraps":0,"rescuedWakeups":0,"signal":1,"engine":{"jobs_submitted":1,"jobs_started":1,"jobs_finished":1,"current_job_start_ms":0,"last_submit_ms":1785593738490,"last_drain_enter_ms":1785594943423,"last_drain_exit_ms":1785594943423,"device_errors":0,"device_lost":1,"caller_stall_probes":0,"pending_readbacks":0,"queue_len":0,"signal":1,"now_ms":1785594943642},"t":1785594943642}
[page] [jolt-webgpu] engine.run caller stalled 1057372 ms: {"jobs_submitted":1139,"jobs_started":1139,"jobs_finished":1138,"current_job_start_ms":1785593888385,"last_submit_ms":1785593888385,"last_drain_enter_ms":1785593888385,"last_drain_exit_ms":1785593888385,"device_errors":0,"device_lost":1,"caller_stall_probes":207,"pending_readbacks":0,"queue_len":0,"signal":1139,"now_ms":1785594945757}
[page] [gpu-worker][wedge] {"kind":"device","drainTraps":0,"rescuedWakeups":0,"signal":1,"engine":{"jobs_submitted":1,"jobs_started":1,"jobs_finished":1,"current_job_start_ms":0,"last_submit_ms":1785593738490,"last_drain_enter_ms":1785594948551,"last_drain_exit_ms":1785594948551,"device_errors":0,"device_lost":1,"caller_stall_probes":0,"pending_readbacks":0,"queue_len":0,"signal":1,"now_ms":1785594948551},"t":1785594948551}
[page] [gpu-worker][wedge] {"kind":"stall","jobDied":false,"stuckJob":true,"jobAgeMs":1060167,"drainTraps":0,"rescuedWakeups":0,"signal":1139,"engine":{"jobs_submitted":1139,"jobs_started":1139,"jobs_finished":1138,"current_job_start_ms":1785593888385,"last_submit_ms":1785593888385,"last_drain_enter_ms":1785593888385,"last_drain_exit_ms":1785593888385,"device_errors":0,"device_lost":1,"caller_stall_probes":207,"pending_readbacks":0,"queue_len":0,"signal":1139,"now_ms":1785594948552},"t":1785594948552}
[page] [jolt-webgpu] engine.run caller stalled 1062523 ms: {"jobs_submitted":1139,"jobs_started":1139,"jobs_finished":1138,"current_job_start_ms":1785593888385,"last_submit_ms":1785593888385,"last_drain_enter_ms":1785593888385,"last_drain_exit_ms":1785593888385,"device_errors":0,"device_lost":1,"caller_stall_probes":208,"pending_readbacks":0,"queue_len":0,"signal":1139,"now_ms":1785594950908}
[page] [gpu-worker][wedge] {"kind":"stall","jobDied":false,"stuckJob":true,"jobAgeMs":1065232,"drainTraps":0,"rescuedWakeups":0,"signal":1139,"engine":{"jobs_submitted":1139,"jobs_started":1139,"jobs_finished":1138,"current_job_start_ms":1785593888385,"last_submit_ms":1785593888385,"last_drain_enter_ms":1785593888385,"last_drain_exit_ms":1785593888385,"device_errors":0,"device_lost":1,"caller_stall_probes":208,"pending_readbacks":0,"queue_len":0,"signal":1139,"now_ms":1785594953617},"t":1785594953617}
[page] [gpu-worker][wedge] {"kind":"device","drainTraps":0,"rescuedWakeups":0,"signal":1,"engine":{"jobs_submitted":1,"jobs_started":1,"jobs_finished":1,"current_job_start_ms":0,"last_submit_ms":1785593738490,"last_drain_enter_ms":1785594953413,"last_drain_exit_ms":1785594953413,"device_errors":0,"device_lost":1,"caller_stall_probes":0,"pending_readbacks":0,"queue_len":0,"signal":1,"now_ms":1785594953617},"t":1785594953617}
[page] [jolt-webgpu] engine.run caller stalled 1067672 ms: {"jobs_submitted":1139,"jobs_started":1139,"jobs_finished":1138,"current_job_start_ms":1785593888385,"last_submit_ms":1785593888385,"last_drain_enter_ms":1785593888385,"last_drain_exit_ms":1785593888385,"device_errors":0,"device_lost":1,"caller_stall_probes":209,"pending_readbacks":0,"queue_len":0,"signal":1139,"now_ms":1785594956057}
[page] [gpu-worker][wedge] {"kind":"device","drainTraps":0,"rescuedWakeups":0,"signal":1,"engine":{"jobs_submitted":1,"jobs_started":1,"jobs_finished":1,"current_job_start_ms":0,"last_submit_ms":1785593738490,"last_drain_enter_ms":1785594958546,"last_drain_exit_ms":1785594958546,"device_errors":0,"device_lost":1,"caller_stall_probes":0,"pending_readbacks":0,"queue_len":0,"signal":1,"now_ms":1785594958546},"t":1785594958546}
[page] [gpu-worker][wedge] {"kind":"stall","jobDied":false,"stuckJob":true,"jobAgeMs":1070162,"drainTraps":0,"rescuedWakeups":0,"signal":1139,"engine":{"jobs_submitted":1139,"jobs_started":1139,"jobs_finished":1138,"current_job_start_ms":1785593888385,"last_submit_ms":1785593888385,"last_drain_enter_ms":1785593888385,"last_drain_exit_ms":1785593888385,"device_errors":0,"device_lost":1,"caller_stall_probes":209,"pending_readbacks":0,"queue_len":0,"signal":1139,"now_ms":1785594958547},"t":1785594958547}
[page] [jolt-webgpu] engine.run caller stalled 1072768 ms: {"jobs_submitted":1139,"jobs_started":1139,"jobs_finished":1138,"current_job_start_ms":1785593888385,"last_submit_ms":1785593888385,"last_drain_enter_ms":1785593888385,"last_drain_exit_ms":1785593888385,"device_errors":0,"device_lost":1,"caller_stall_probes":210,"pending_readbacks":0,"queue_len":0,"signal":1139,"now_ms":1785594961153}
[page] [gpu-worker][wedge] {"kind":"device","drainTraps":0,"rescuedWakeups":0,"signal":1,"engine":{"jobs_submitted":1,"jobs_started":1,"jobs_finished":1,"current_job_start_ms":0,"last_submit_ms":1785593738490,"last_drain_enter_ms":1785594963450,"last_drain_exit_ms":1785594963450,"device_errors":0,"device_lost":1,"caller_stall_probes":0,"pending_readbacks":0,"queue_len":0,"signal":1,"now_ms":1785594963517},"t":1785594963517}
[page] [gpu-worker][wedge] {"kind":"stall","jobDied":false,"stuckJob":true,"jobAgeMs":1075133,"drainTraps":0,"rescuedWakeups":0,"signal":1139,"engine":{"jobs_submitted":1139,"jobs_started":1139,"jobs_finished":1138,"current_job_start_ms":1785593888385,"last_submit_ms":1785593888385,"last_drain_enter_ms":1785593888385,"last_drain_exit_ms":1785593888385,"device_errors":0,"device_lost":1,"caller_stall_probes":210,"pending_readbacks":0,"queue_len":0,"signal":1139,"now_ms":1785594963518},"t":1785594963518}
[page] [jolt-webgpu] engine.run caller stalled 1077907 ms: {"jobs_submitted":1139,"jobs_started":1139,"jobs_finished":1138,"current_job_start_ms":1785593888385,"last_submit_ms":1785593888385,"last_drain_enter_ms":1785593888385,"last_drain_exit_ms":1785593888385,"device_errors":0,"device_lost":1,"caller_stall_probes":211,"pending_readbacks":0,"queue_len":0,"signal":1139,"now_ms":1785594966292}
[page] [gpu-worker][wedge] {"kind":"device","drainTraps":0,"rescuedWakeups":0,"signal":1,"engine":{"jobs_submitted":1,"jobs_started":1,"jobs_finished":1,"current_job_start_ms":0,"last_submit_ms":1785593738490,"last_drain_enter_ms":1785594968532,"last_drain_exit_ms":1785594968532,"device_errors":0,"device_lost":1,"caller_stall_probes":0,"pending_readbacks":0,"queue_len":0,"signal":1,"now_ms":1785594968533},"t":1785594968533}
[page] [gpu-worker][wedge] {"kind":"stall","jobDied":false,"stuckJob":true,"jobAgeMs":1080148,"drainTraps":0,"rescuedWakeups":0,"signal":1139,"engine":{"jobs_submitted":1139,"jobs_started":1139,"jobs_finished":1138,"current_job_start_ms":1785593888385,"last_submit_ms":1785593888385,"last_drain_enter_ms":1785593888385,"last_drain_exit_ms":1785593888385,"device_errors":0,"device_lost":1,"caller_stall_probes":211,"pending_readbacks":0,"queue_len":0,"signal":1139,"now_ms":1785594968533},"t":1785594968533}
[page] [jolt-webgpu] engine.run caller stalled 1083036 ms: {"jobs_submitted":1139,"jobs_started":1139,"jobs_finished":1138,"current_job_start_ms":1785593888385,"last_submit_ms":1785593888385,"last_drain_enter_ms":1785593888385,"last_drain_exit_ms":1785593888385,"device_errors":0,"device_lost":1,"caller_stall_probes":212,"pending_readbacks":0,"queue_len":0,"signal":1139,"now_ms":1785594971421}
[page] [gpu-worker][wedge] {"kind":"device","drainTraps":0,"rescuedWakeups":0,"signal":1,"engine":{"jobs_submitted":1,"jobs_started":1,"jobs_finished":1,"current_job_start_ms":0,"last_submit_ms":1785593738490,"last_drain_enter_ms":1785594973416,"last_drain_exit_ms":1785594973416,"device_errors":0,"device_lost":1,"caller_stall_probes":0,"pending_readbacks":0,"queue_len":0,"signal":1,"now_ms":1785594973621},"t":1785594973621}
[page] [gpu-worker][wedge] {"kind":"stall","jobDied":false,"stuckJob":true,"jobAgeMs":1085236,"drainTraps":0,"rescuedWakeups":0,"signal":1139,"engine":{"jobs_submitted":1139,"jobs_started":1139,"jobs_finished":1138,"current_job_start_ms":1785593888385,"last_submit_ms":1785593888385,"last_drain_enter_ms":1785593888385,"last_drain_exit_ms":1785593888385,"device_errors":0,"device_lost":1,"caller_stall_probes":212,"pending_readbacks":0,"queue_len":0,"signal":1139,"now_ms":1785594973621},"t":1785594973621}
[page] [jolt-webgpu] engine.run caller stalled 1088172 ms: {"jobs_submitted":1139,"jobs_started":1139,"jobs_finished":1138,"current_job_start_ms":1785593888385,"last_submit_ms":1785593888385,"last_drain_enter_ms":1785593888385,"last_drain_exit_ms":1785593888385,"device_errors":0,"device_lost":1,"caller_stall_probes":213,"pending_readbacks":0,"queue_len":0,"signal":1139,"now_ms":1785594976557}
[page] [gpu-worker][wedge] {"kind":"device","drainTraps":0,"rescuedWakeups":0,"signal":1,"engine":{"jobs_submitted":1,"jobs_started":1,"jobs_finished":1,"current_job_start_ms":0,"last_submit_ms":1785593738490,"last_drain_enter_ms":1785594978416,"last_drain_exit_ms":1785594978416,"device_errors":0,"device_lost":1,"caller_stall_probes":0,"pending_readbacks":0,"queue_len":0,"signal":1,"now_ms":1785594978520},"t":1785594978520}
[page] [gpu-worker][wedge] {"kind":"stall","jobDied":false,"stuckJob":true,"jobAgeMs":1090136,"drainTraps":0,"rescuedWakeups":0,"signal":1139,"engine":{"jobs_submitted":1139,"jobs_started":1139,"jobs_finished":1138,"current_job_start_ms":1785593888385,"last_submit_ms":1785593888385,"last_drain_enter_ms":1785593888385,"last_drain_exit_ms":1785593888385,"device_errors":0,"device_lost":1,"caller_stall_probes":213,"pending_readbacks":0,"queue_len":0,"signal":1139,"now_ms":1785594978521},"t":1785594978521}
[page] [jolt-webgpu] engine.run caller stalled 1093314 ms: {"jobs_submitted":1139,"jobs_started":1139,"jobs_finished":1138,"current_job_start_ms":1785593888385,"last_submit_ms":1785593888385,"last_drain_enter_ms":1785593888385,"last_drain_exit_ms":1785593888385,"device_errors":0,"device_lost":1,"caller_stall_probes":214,"pending_readbacks":0,"queue_len":0,"signal":1139,"now_ms":1785594981699}
[page] [gpu-worker][wedge] {"kind":"device","drainTraps":0,"rescuedWakeups":0,"signal":1,"engine":{"jobs_submitted":1,"jobs_started":1,"jobs_finished":1,"current_job_start_ms":0,"last_submit_ms":1785593738490,"last_drain_enter_ms":1785594983436,"last_drain_exit_ms":1785594983436,"device_errors":0,"device_lost":1,"caller_stall_probes":0,"pending_readbacks":0,"queue_len":0,"signal":1,"now_ms":1785594983593},"t":1785594983593}
[page] [gpu-worker][wedge] {"kind":"stall","jobDied":false,"stuckJob":true,"jobAgeMs":1095208,"drainTraps":0,"rescuedWakeups":0,"signal":1139,"engine":{"jobs_submitted":1139,"jobs_started":1139,"jobs_finished":1138,"current_job_start_ms":1785593888385,"last_submit_ms":1785593888385,"last_drain_enter_ms":1785593888385,"last_drain_exit_ms":1785593888385,"device_errors":0,"device_lost":1,"caller_stall_probes":214,"pending_readbacks":0,"queue_len":0,"signal":1139,"now_ms":1785594983593},"t":1785594983593}
[page] [jolt-webgpu] engine.run caller stalled 1098317 ms: {"jobs_submitted":1139,"jobs_started":1139,"jobs_finished":1138,"current_job_start_ms":1785593888385,"last_submit_ms":1785593888385,"last_drain_enter_ms":1785593888385,"last_drain_exit_ms":1785593888385,"device_errors":0,"device_lost":1,"caller_stall_probes":215,"pending_readbacks":0,"queue_len":0,"signal":1139,"now_ms":1785594986702}
[page] [gpu-worker][wedge] {"kind":"stall","jobDied":false,"stuckJob":true,"jobAgeMs":1100150,"drainTraps":0,"rescuedWakeups":0,"signal":1139,"engine":{"jobs_submitted":1139,"jobs_started":1139,"jobs_finished":1138,"current_job_start_ms":1785593888385,"last_submit_ms":1785593888385,"last_drain_enter_ms":1785593888385,"last_drain_exit_ms":1785593888385,"device_errors":0,"device_lost":1,"caller_stall_probes":215,"pending_readbacks":0,"queue_len":0,"signal":1139,"now_ms":1785594988535},"t":1785594988535}
[page] [gpu-worker][wedge] {"kind":"device","drainTraps":0,"rescuedWakeups":0,"signal":1,"engine":{"jobs_submitted":1,"jobs_started":1,"jobs_finished":1,"current_job_start_ms":0,"last_submit_ms":1785593738490,"last_drain_enter_ms":1785594988408,"last_drain_exit_ms":1785594988408,"device_errors":0,"device_lost":1,"caller_stall_probes":0,"pending_readbacks":0,"queue_len":0,"signal":1,"now_ms":1785594988535},"t":1785594988535}
[page] [jolt-webgpu] engine.run caller stalled 1103423 ms: {"jobs_submitted":1139,"jobs_started":1139,"jobs_finished":1138,"current_job_start_ms":1785593888385,"last_submit_ms":1785593888385,"last_drain_enter_ms":1785593888385,"last_drain_exit_ms":1785593888385,"device_errors":0,"device_lost":1,"caller_stall_probes":216,"pending_readbacks":0,"queue_len":0,"signal":1139,"now_ms":1785594991808}
[page] [gpu-worker][wedge] {"kind":"device","drainTraps":0,"rescuedWakeups":0,"signal":1,"engine":{"jobs_submitted":1,"jobs_started":1,"jobs_finished":1,"current_job_start_ms":0,"last_submit_ms":1785593738490,"last_drain_enter_ms":1785594993590,"last_drain_exit_ms":1785594993590,"device_errors":0,"device_lost":1,"caller_stall_probes":0,"pending_readbacks":0,"queue_len":0,"signal":1,"now_ms":1785594993590},"t":1785594993590}
[page] [gpu-worker][wedge] {"kind":"stall","jobDied":false,"stuckJob":true,"jobAgeMs":1105206,"drainTraps":0,"rescuedWakeups":0,"signal":1139,"engine":{"jobs_submitted":1139,"jobs_started":1139,"jobs_finished":1138,"current_job_start_ms":1785593888385,"last_submit_ms":1785593888385,"last_drain_enter_ms":1785593888385,"last_drain_exit_ms":1785593888385,"device_errors":0,"device_lost":1,"caller_stall_probes":216,"pending_readbacks":0,"queue_len":0,"signal":1139,"now_ms":1785594993591},"t":1785594993591}
[page] [jolt-webgpu] engine.run caller stalled 1108566 ms: {"jobs_submitted":1139,"jobs_started":1139,"jobs_finished":1138,"current_job_start_ms":1785593888385,"last_submit_ms":1785593888385,"last_drain_enter_ms":1785593888385,"last_drain_exit_ms":1785593888385,"device_errors":0,"device_lost":1,"caller_stall_probes":217,"pending_readbacks":0,"queue_len":0,"signal":1139,"now_ms":1785594996951}
[page] [gpu-worker][wedge] {"kind":"device","drainTraps":0,"rescuedWakeups":0,"signal":1,"engine":{"jobs_submitted":1,"jobs_started":1,"jobs_finished":1,"current_job_start_ms":0,"last_submit_ms":1785593738490,"last_drain_enter_ms":1785594998442,"last_drain_exit_ms":1785594998442,"device_errors":0,"device_lost":1,"caller_stall_probes":0,"pending_readbacks":0,"queue_len":0,"signal":1,"now_ms":1785594998553},"t":1785594998553}
[page] [gpu-worker][wedge] {"kind":"stall","jobDied":false,"stuckJob":true,"jobAgeMs":1110168,"drainTraps":0,"rescuedWakeups":0,"signal":1139,"engine":{"jobs_submitted":1139,"jobs_started":1139,"jobs_finished":1138,"current_job_start_ms":1785593888385,"last_submit_ms":1785593888385,"last_drain_enter_ms":1785593888385,"last_drain_exit_ms":1785593888385,"device_errors":0,"device_lost":1,"caller_stall_probes":217,"pending_readbacks":0,"queue_len":0,"signal":1139,"now_ms":1785594998553},"t":1785594998553}
[page] [jolt-webgpu] engine.run caller stalled 1113587 ms: {"jobs_submitted":1139,"jobs_started":1139,"jobs_finished":1138,"current_job_start_ms":1785593888385,"last_submit_ms":1785593888385,"last_drain_enter_ms":1785593888385,"last_drain_exit_ms":1785593888385,"device_errors":0,"device_lost":1,"caller_stall_probes":218,"pending_readbacks":0,"queue_len":0,"signal":1139,"now_ms":1785595001972}
[page] [gpu-worker][wedge] {"kind":"stall","jobDied":false,"stuckJob":true,"jobAgeMs":1115213,"drainTraps":0,"rescuedWakeups":0,"signal":1139,"engine":{"jobs_submitted":1139,"jobs_started":1139,"jobs_finished":1138,"current_job_start_ms":1785593888385,"last_submit_ms":1785593888385,"last_drain_enter_ms":1785593888385,"last_drain_exit_ms":1785593888385,"device_errors":0,"device_lost":1,"caller_stall_probes":218,"pending_readbacks":0,"queue_len":0,"signal":1139,"now_ms":1785595003598},"t":1785595003598}
[page] [gpu-worker][wedge] {"kind":"device","drainTraps":0,"rescuedWakeups":0,"signal":1,"engine":{"jobs_submitted":1,"jobs_started":1,"jobs_finished":1,"current_job_start_ms":0,"last_submit_ms":1785593738490,"last_drain_enter_ms":1785595003433,"last_drain_exit_ms":1785595003433,"device_errors":0,"device_lost":1,"caller_stall_probes":0,"pending_readbacks":0,"queue_len":0,"signal":1,"now_ms":1785595003598},"t":1785595003598}
[page] [jolt-webgpu] engine.run caller stalled 1118738 ms: {"jobs_submitted":1139,"jobs_started":1139,"jobs_finished":1138,"current_job_start_ms":1785593888385,"last_submit_ms":1785593888385,"last_drain_enter_ms":1785593888385,"last_drain_exit_ms":1785593888385,"device_errors":0,"device_lost":1,"caller_stall_probes":219,"pending_readbacks":0,"queue_len":0,"signal":1139,"now_ms":1785595007123}
[page] [gpu-worker][wedge] {"kind":"stall","jobDied":false,"stuckJob":true,"jobAgeMs":1120232,"drainTraps":0,"rescuedWakeups":0,"signal":1139,"engine":{"jobs_submitted":1139,"jobs_started":1139,"jobs_finished":1138,"current_job_start_ms":1785593888385,"last_submit_ms":1785593888385,"last_drain_enter_ms":1785593888385,"last_drain_exit_ms":1785593888385,"device_errors":0,"device_lost":1,"caller_stall_probes":219,"pending_readbacks":0,"queue_len":0,"signal":1139,"now_ms":1785595008617},"t":1785595008617}
[page] [gpu-worker][wedge] {"kind":"device","drainTraps":0,"rescuedWakeups":0,"signal":1,"engine":{"jobs_submitted":1,"jobs_started":1,"jobs_finished":1,"current_job_start_ms":0,"last_submit_ms":1785593738490,"last_drain_enter_ms":1785595008618,"last_drain_exit_ms":1785595008618,"device_errors":0,"device_lost":1,"caller_stall_probes":0,"pending_readbacks":0,"queue_len":0,"signal":1,"now_ms":1785595008618},"t":1785595008618}
[page] [jolt-webgpu] engine.run caller stalled 1123889 ms: {"jobs_submitted":1139,"jobs_started":1139,"jobs_finished":1138,"current_job_start_ms":1785593888385,"last_submit_ms":1785593888385,"last_drain_enter_ms":1785593888385,"last_drain_exit_ms":1785593888385,"device_errors":0,"device_lost":1,"caller_stall_probes":220,"pending_readbacks":0,"queue_len":0,"signal":1139,"now_ms":1785595012274}
[page] [gpu-worker][wedge] {"kind":"device","drainTraps":0,"rescuedWakeups":0,"signal":1,"engine":{"jobs_submitted":1,"jobs_started":1,"jobs_finished":1,"current_job_start_ms":0,"last_submit_ms":1785593738490,"last_drain_enter_ms":1785595013475,"last_drain_exit_ms":1785595013475,"device_errors":0,"device_lost":1,"caller_stall_probes":0,"pending_readbacks":0,"queue_len":0,"signal":1,"now_ms":1785595013619},"t":1785595013619}
[page] [gpu-worker][wedge] {"kind":"stall","jobDied":false,"stuckJob":true,"jobAgeMs":1125235,"drainTraps":0,"rescuedWakeups":0,"signal":1139,"engine":{"jobs_submitted":1139,"jobs_started":1139,"jobs_finished":1138,"current_job_start_ms":1785593888385,"last_submit_ms":1785593888385,"last_drain_enter_ms":1785593888385,"last_drain_exit_ms":1785593888385,"device_errors":0,"device_lost":1,"caller_stall_probes":220,"pending_readbacks":0,"queue_len":0,"signal":1139,"now_ms":1785595013620},"t":1785595013620}
[page] [jolt-webgpu] engine.run caller stalled 1129039 ms: {"jobs_submitted":1139,"jobs_started":1139,"jobs_finished":1138,"current_job_start_ms":1785593888385,"last_submit_ms":1785593888385,"last_drain_enter_ms":1785593888385,"last_drain_exit_ms":1785593888385,"device_errors":0,"device_lost":1,"caller_stall_probes":221,"pending_readbacks":0,"queue_len":0,"signal":1139,"now_ms":1785595017424}
[page] [gpu-worker][wedge] {"kind":"stall","jobDied":false,"stuckJob":true,"jobAgeMs":1130205,"drainTraps":0,"rescuedWakeups":0,"signal":1139,"engine":{"jobs_submitted":1139,"jobs_started":1139,"jobs_finished":1138,"current_job_start_ms":1785593888385,"last_submit_ms":1785593888385,"last_drain_enter_ms":1785593888385,"last_drain_exit_ms":1785593888385,"device_errors":0,"device_lost":1,"caller_stall_probes":221,"pending_readbacks":0,"queue_len":0,"signal":1139,"now_ms":1785595018590},"t":1785595018590}
[page] [gpu-worker][wedge] {"kind":"device","drainTraps":0,"rescuedWakeups":0,"signal":1,"engine":{"jobs_submitted":1,"jobs_started":1,"jobs_finished":1,"current_job_start_ms":0,"last_submit_ms":1785593738490,"last_drain_enter_ms":1785595018590,"last_drain_exit_ms":1785595018590,"device_errors":0,"device_lost":1,"caller_stall_probes":0,"pending_readbacks":0,"queue_len":0,"signal":1,"now_ms":1785595018590},"t":1785595018590}
[page] [jolt-webgpu] engine.run caller stalled 1134055 ms: {"jobs_submitted":1139,"jobs_started":1139,"jobs_finished":1138,"current_job_start_ms":1785593888385,"last_submit_ms":1785593888385,"last_drain_enter_ms":1785593888385,"last_drain_exit_ms":1785593888385,"device_errors":0,"device_lost":1,"caller_stall_probes":222,"pending_readbacks":0,"queue_len":0,"signal":1139,"now_ms":1785595022440}
[page] [gpu-worker][wedge] {"kind":"device","drainTraps":0,"rescuedWakeups":0,"signal":1,"engine":{"jobs_submitted":1,"jobs_started":1,"jobs_finished":1,"current_job_start_ms":0,"last_submit_ms":1785593738490,"last_drain_enter_ms":1785595023418,"last_drain_exit_ms":1785595023418,"device_errors":0,"device_lost":1,"caller_stall_probes":0,"pending_readbacks":0,"queue_len":0,"signal":1,"now_ms":1785595023596},"t":1785595023597}
[page] [gpu-worker][wedge] {"kind":"stall","jobDied":false,"stuckJob":true,"jobAgeMs":1135212,"drainTraps":0,"rescuedWakeups":0,"signal":1139,"engine":{"jobs_submitted":1139,"jobs_started":1139,"jobs_finished":1138,"current_job_start_ms":1785593888385,"last_submit_ms":1785593888385,"last_drain_enter_ms":1785593888385,"last_drain_exit_ms":1785593888385,"device_errors":0,"device_lost":1,"caller_stall_probes":222,"pending_readbacks":0,"queue_len":0,"signal":1139,"now_ms":1785595023597},"t":1785595023597}
[page] [jolt-webgpu] engine.run caller stalled 1139206 ms: {"jobs_submitted":1139,"jobs_started":1139,"jobs_finished":1138,"current_job_start_ms":1785593888385,"last_submit_ms":1785593888385,"last_drain_enter_ms":1785593888385,"last_drain_exit_ms":1785593888385,"device_errors":0,"device_lost":1,"caller_stall_probes":223,"pending_readbacks":0,"queue_len":0,"signal":1139,"now_ms":1785595027591}
[page] [gpu-worker][wedge] {"kind":"device","drainTraps":0,"rescuedWakeups":0,"signal":1,"engine":{"jobs_submitted":1,"jobs_started":1,"jobs_finished":1,"current_job_start_ms":0,"last_submit_ms":1785593738490,"last_drain_enter_ms":1785595028526,"last_drain_exit_ms":1785595028526,"device_errors":0,"device_lost":1,"caller_stall_probes":0,"pending_readbacks":0,"queue_len":0,"signal":1,"now_ms":1785595028526},"t":1785595028526}
[page] [gpu-worker][wedge] {"kind":"stall","jobDied":false,"stuckJob":true,"jobAgeMs":1140141,"drainTraps":0,"rescuedWakeups":0,"signal":1139,"engine":{"jobs_submitted":1139,"jobs_started":1139,"jobs_finished":1138,"current_job_start_ms":1785593888385,"last_submit_ms":1785593888385,"last_drain_enter_ms":1785593888385,"last_drain_exit_ms":1785593888385,"device_errors":0,"device_lost":1,"caller_stall_probes":223,"pending_readbacks":0,"queue_len":0,"signal":1139,"now_ms":1785595028527},"t":1785595028527}
[page] [jolt-webgpu] engine.run caller stalled 1144273 ms: {"jobs_submitted":1139,"jobs_started":1139,"jobs_finished":1138,"current_job_start_ms":1785593888385,"last_submit_ms":1785593888385,"last_drain_enter_ms":1785593888385,"last_drain_exit_ms":1785593888385,"device_errors":0,"device_lost":1,"caller_stall_probes":224,"pending_readbacks":0,"queue_len":0,"signal":1139,"now_ms":1785595032658}
[page] [gpu-worker][wedge] {"kind":"device","drainTraps":0,"rescuedWakeups":0,"signal":1,"engine":{"jobs_submitted":1,"jobs_started":1,"jobs_finished":1,"current_job_start_ms":0,"last_submit_ms":1785593738490,"last_drain_enter_ms":1785595033584,"last_drain_exit_ms":1785595033584,"device_errors":0,"device_lost":1,"caller_stall_probes":0,"pending_readbacks":0,"queue_len":0,"signal":1,"now_ms":1785595033584},"t":1785595033584}
[page] [gpu-worker][wedge] {"kind":"stall","jobDied":false,"stuckJob":true,"jobAgeMs":1145200,"drainTraps":0,"rescuedWakeups":0,"signal":1139,"engine":{"jobs_submitted":1139,"jobs_started":1139,"jobs_finished":1138,"current_job_start_ms":1785593888385,"last_submit_ms":1785593888385,"last_drain_enter_ms":1785593888385,"last_drain_exit_ms":1785593888385,"device_errors":0,"device_lost":1,"caller_stall_probes":224,"pending_readbacks":0,"queue_len":0,"signal":1139,"now_ms":1785595033585},"t":1785595033585}
[page] [jolt-webgpu] engine.run caller stalled 1149423 ms: {"jobs_submitted":1139,"jobs_started":1139,"jobs_finished":1138,"current_job_start_ms":1785593888385,"last_submit_ms":1785593888385,"last_drain_enter_ms":1785593888385,"last_drain_exit_ms":1785593888385,"device_errors":0,"device_lost":1,"caller_stall_probes":225,"pending_readbacks":0,"queue_len":0,"signal":1139,"now_ms":1785595037808}
[page] [gpu-worker][wedge] {"kind":"stall","jobDied":false,"stuckJob":true,"jobAgeMs":1150243,"drainTraps":0,"rescuedWakeups":0,"signal":1139,"engine":{"jobs_submitted":1139,"jobs_started":1139,"jobs_finished":1138,"current_job_start_ms":1785593888385,"last_submit_ms":1785593888385,"last_drain_enter_ms":1785593888385,"last_drain_exit_ms":1785593888385,"device_errors":0,"device_lost":1,"caller_stall_probes":225,"pending_readbacks":0,"queue_len":0,"signal":1139,"now_ms":1785595038628},"t":1785595038628}
[page] [gpu-worker][wedge] {"kind":"device","drainTraps":0,"rescuedWakeups":0,"signal":1,"engine":{"jobs_submitted":1,"jobs_started":1,"jobs_finished":1,"current_job_start_ms":0,"last_submit_ms":1785593738490,"last_drain_enter_ms":1785595038629,"last_drain_exit_ms":1785595038629,"device_errors":0,"device_lost":1,"caller_stall_probes":0,"pending_readbacks":0,"queue_len":0,"signal":1,"now_ms":1785595038629},"t":1785595038629}
[page] [jolt-webgpu] engine.run caller stalled 1154574 ms: {"jobs_submitted":1139,"jobs_started":1139,"jobs_finished":1138,"current_job_start_ms":1785593888385,"last_submit_ms":1785593888385,"last_drain_enter_ms":1785593888385,"last_drain_exit_ms":1785593888385,"device_errors":0,"device_lost":1,"caller_stall_probes":226,"pending_readbacks":0,"queue_len":0,"signal":1139,"now_ms":1785595042959}
[page] [gpu-worker][wedge] {"kind":"device","drainTraps":0,"rescuedWakeups":0,"signal":1,"engine":{"jobs_submitted":1,"jobs_started":1,"jobs_finished":1,"current_job_start_ms":0,"last_submit_ms":1785593738490,"last_drain_enter_ms":1785595043529,"last_drain_exit_ms":1785595043529,"device_errors":0,"device_lost":1,"caller_stall_probes":0,"pending_readbacks":0,"queue_len":0,"signal":1,"now_ms":1785595043529},"t":1785595043529}
[page] [gpu-worker][wedge] {"kind":"stall","jobDied":false,"stuckJob":true,"jobAgeMs":1155145,"drainTraps":0,"rescuedWakeups":0,"signal":1139,"engine":{"jobs_submitted":1139,"jobs_started":1139,"jobs_finished":1138,"current_job_start_ms":1785593888385,"last_submit_ms":1785593888385,"last_drain_enter_ms":1785593888385,"last_drain_exit_ms":1785593888385,"device_errors":0,"device_lost":1,"caller_stall_probes":226,"pending_readbacks":0,"queue_len":0,"signal":1139,"now_ms":1785595043530},"t":1785595043530}
[page] [jolt-webgpu] engine.run caller stalled 1159724 ms: {"jobs_submitted":1139,"jobs_started":1139,"jobs_finished":1138,"current_job_start_ms":1785593888385,"last_submit_ms":1785593888385,"last_drain_enter_ms":1785593888385,"last_drain_exit_ms":1785593888385,"device_errors":0,"device_lost":1,"caller_stall_probes":227,"pending_readbacks":0,"queue_len":0,"signal":1139,"now_ms":1785595048109}
[page] [gpu-worker][wedge] {"kind":"stall","jobDied":false,"stuckJob":true,"jobAgeMs":1160186,"drainTraps":0,"rescuedWakeups":0,"signal":1139,"engine":{"jobs_submitted":1139,"jobs_started":1139,"jobs_finished":1138,"current_job_start_ms":1785593888385,"last_submit_ms":1785593888385,"last_drain_enter_ms":1785593888385,"last_drain_exit_ms":1785593888385,"device_errors":0,"device_lost":1,"caller_stall_probes":227,"pending_readbacks":0,"queue_len":0,"signal":1139,"now_ms":1785595048571},"t":1785595048571}
[page] [gpu-worker][wedge] {"kind":"device","drainTraps":0,"rescuedWakeups":0,"signal":1,"engine":{"jobs_submitted":1,"jobs_started":1,"jobs_finished":1,"current_job_start_ms":0,"last_submit_ms":1785593738490,"last_drain_enter_ms":1785595048571,"last_drain_exit_ms":1785595048571,"device_errors":0,"device_lost":1,"caller_stall_probes":0,"pending_readbacks":0,"queue_len":0,"signal":1,"now_ms":1785595048571},"t":1785595048571}
[page] [jolt-webgpu] engine.run caller stalled 1164870 ms: {"jobs_submitted":1139,"jobs_started":1139,"jobs_finished":1138,"current_job_start_ms":1785593888385,"last_submit_ms":1785593888385,"last_drain_enter_ms":1785593888385,"last_drain_exit_ms":1785593888385,"device_errors":0,"device_lost":1,"caller_stall_probes":228,"pending_readbacks":0,"queue_len":0,"signal":1139,"now_ms":1785595053255}
[page] [gpu-worker][wedge] {"kind":"device","drainTraps":0,"rescuedWakeups":0,"signal":1,"engine":{"jobs_submitted":1,"jobs_started":1,"jobs_finished":1,"current_job_start_ms":0,"last_submit_ms":1785593738490,"last_drain_enter_ms":1785595053450,"last_drain_exit_ms":1785595053450,"device_errors":0,"device_lost":1,"caller_stall_probes":0,"pending_readbacks":0,"queue_len":0,"signal":1,"now_ms":1785595053608},"t":1785595053608}
[page] [gpu-worker][wedge] {"kind":"stall","jobDied":false,"stuckJob":true,"jobAgeMs":1165223,"drainTraps":0,"rescuedWakeups":0,"signal":1139,"engine":{"jobs_submitted":1139,"jobs_started":1139,"jobs_finished":1138,"current_job_start_ms":1785593888385,"last_submit_ms":1785593888385,"last_drain_enter_ms":1785593888385,"last_drain_exit_ms":1785593888385,"device_errors":0,"device_lost":1,"caller_stall_probes":228,"pending_readbacks":0,"queue_len":0,"signal":1139,"now_ms":1785595053608},"t":1785595053608}
[page] [jolt-webgpu] engine.run caller stalled 1169998 ms: {"jobs_submitted":1139,"jobs_started":1139,"jobs_finished":1138,"current_job_start_ms":1785593888385,"last_submit_ms":1785593888385,"last_drain_enter_ms":1785593888385,"last_drain_exit_ms":1785593888385,"device_errors":0,"device_lost":1,"caller_stall_probes":229,"pending_readbacks":0,"queue_len":0,"signal":1139,"now_ms":1785595058383}
[page] [gpu-worker][wedge] {"kind":"device","drainTraps":0,"rescuedWakeups":0,"signal":1,"engine":{"jobs_submitted":1,"jobs_started":1,"jobs_finished":1,"current_job_start_ms":0,"last_submit_ms":1785593738490,"last_drain_enter_ms":1785595058519,"last_drain_exit_ms":1785595058519,"device_errors":0,"device_lost":1,"caller_stall_probes":0,"pending_readbacks":0,"queue_len":0,"signal":1,"now_ms":1785595058519},"t":1785595058519}
[page] [gpu-worker][wedge] {"kind":"stall","jobDied":false,"stuckJob":true,"jobAgeMs":1170134,"drainTraps":0,"rescuedWakeups":0,"signal":1139,"engine":{"jobs_submitted":1139,"jobs_started":1139,"jobs_finished":1138,"current_job_start_ms":1785593888385,"last_submit_ms":1785593888385,"last_drain_enter_ms":1785593888385,"last_drain_exit_ms":1785593888385,"device_errors":0,"device_lost":1,"caller_stall_probes":229,"pending_readbacks":0,"queue_len":0,"signal":1139,"now_ms":1785595058520},"t":1785595058520}
[page] [jolt-webgpu] engine.run caller stalled 1175144 ms: {"jobs_submitted":1139,"jobs_started":1139,"jobs_finished":1138,"current_job_start_ms":1785593888385,"last_submit_ms":1785593888385,"last_drain_enter_ms":1785593888385,"last_drain_exit_ms":1785593888385,"device_errors":0,"device_lost":1,"caller_stall_probes":230,"pending_readbacks":0,"queue_len":0,"signal":1139,"now_ms":1785595063529}
[page] [gpu-worker][wedge] {"kind":"stall","jobDied":false,"stuckJob":true,"jobAgeMs":1175255,"drainTraps":0,"rescuedWakeups":0,"signal":1139,"engine":{"jobs_submitted":1139,"jobs_started":1139,"jobs_finished":1138,"current_job_start_ms":1785593888385,"last_submit_ms":1785593888385,"last_drain_enter_ms":1785593888385,"last_drain_exit_ms":1785593888385,"device_errors":0,"device_lost":1,"caller_stall_probes":230,"pending_readbacks":0,"queue_len":0,"signal":1139,"now_ms":1785595063640},"t":1785595063640}
[page] [gpu-worker][wedge] {"kind":"device","drainTraps":0,"rescuedWakeups":0,"signal":1,"engine":{"jobs_submitted":1,"jobs_started":1,"jobs_finished":1,"current_job_start_ms":0,"last_submit_ms":1785593738490,"last_drain_enter_ms":1785595063424,"last_drain_exit_ms":1785595063424,"device_errors":0,"device_lost":1,"caller_stall_probes":0,"pending_readbacks":0,"queue_len":0,"signal":1,"now_ms":1785595063640},"t":1785595063640}
[page] [gpu-worker][wedge] {"kind":"stall","jobDied":false,"stuckJob":true,"jobAgeMs":1180237,"drainTraps":0,"rescuedWakeups":0,"signal":1139,"engine":{"jobs_submitted":1139,"jobs_started":1139,"jobs_finished":1138,"current_job_start_ms":1785593888385,"last_submit_ms":1785593888385,"last_drain_enter_ms":1785593888385,"last_drain_exit_ms":1785593888385,"device_errors":0,"device_lost":1,"caller_stall_probes":231,"pending_readbacks":0,"queue_len":0,"signal":1139,"now_ms":1785595068622},"t":1785595068622}
[page] [jolt-webgpu] engine.run caller stalled 1180237 ms: {"jobs_submitted":1139,"jobs_started":1139,"jobs_finished":1138,"current_job_start_ms":1785593888385,"last_submit_ms":1785593888385,"last_drain_enter_ms":1785593888385,"last_drain_exit_ms":1785593888385,"device_errors":0,"device_lost":1,"caller_stall_probes":231,"pending_readbacks":0,"queue_len":0,"signal":1139,"now_ms":1785595068622}
[page] [gpu-worker][wedge] {"kind":"device","drainTraps":0,"rescuedWakeups":0,"signal":1,"engine":{"jobs_submitted":1,"jobs_started":1,"jobs_finished":1,"current_job_start_ms":0,"last_submit_ms":1785593738490,"last_drain_enter_ms":1785595068440,"last_drain_exit_ms":1785595068440,"device_errors":0,"device_lost":1,"caller_stall_probes":0,"pending_readbacks":0,"queue_len":0,"signal":1,"now_ms":1785595068622},"t":1785595068622}
[page] [gpu-worker][wedge] {"kind":"device","drainTraps":0,"rescuedWakeups":0,"signal":1,"engine":{"jobs_submitted":1,"jobs_started":1,"jobs_finished":1,"current_job_start_ms":0,"last_submit_ms":1785593738490,"last_drain_enter_ms":1785595073548,"last_drain_exit_ms":1785595073548,"device_errors":0,"device_lost":1,"caller_stall_probes":0,"pending_readbacks":0,"queue_len":0,"signal":1,"now_ms":1785595073548},"t":1785595073548}
[page] [gpu-worker][wedge] {"kind":"stall","jobDied":false,"stuckJob":true,"jobAgeMs":1185164,"drainTraps":0,"rescuedWakeups":0,"signal":1139,"engine":{"jobs_submitted":1139,"jobs_started":1139,"jobs_finished":1138,"current_job_start_ms":1785593888385,"last_submit_ms":1785593888385,"last_drain_enter_ms":1785593888385,"last_drain_exit_ms":1785593888385,"device_errors":0,"device_lost":1,"caller_stall_probes":231,"pending_readbacks":0,"queue_len":0,"signal":1139,"now_ms":1785595073549},"t":1785595073549}
[page] [jolt-webgpu] engine.run caller stalled 1185374 ms: {"jobs_submitted":1139,"jobs_started":1139,"jobs_finished":1138,"current_job_start_ms":1785593888385,"last_submit_ms":1785593888385,"last_drain_enter_ms":1785593888385,"last_drain_exit_ms":1785593888385,"device_errors":0,"device_lost":1,"caller_stall_probes":232,"pending_readbacks":0,"queue_len":0,"signal":1139,"now_ms":1785595073759}
[page] [gpu-worker][wedge] {"kind":"device","drainTraps":0,"rescuedWakeups":0,"signal":1,"engine":{"jobs_submitted":1,"jobs_started":1,"jobs_finished":1,"current_job_start_ms":0,"last_submit_ms":1785593738490,"last_drain_enter_ms":1785595078451,"last_drain_exit_ms":1785595078451,"device_errors":0,"device_lost":1,"caller_stall_probes":0,"pending_readbacks":0,"queue_len":0,"signal":1,"now_ms":1785595078631},"t":1785595078631}
[page] [gpu-worker][wedge] {"kind":"stall","jobDied":false,"stuckJob":true,"jobAgeMs":1190247,"drainTraps":0,"rescuedWakeups":0,"signal":1139,"engine":{"jobs_submitted":1139,"jobs_started":1139,"jobs_finished":1138,"current_job_start_ms":1785593888385,"last_submit_ms":1785593888385,"last_drain_enter_ms":1785593888385,"last_drain_exit_ms":1785593888385,"device_errors":0,"device_lost":1,"caller_stall_probes":232,"pending_readbacks":0,"queue_len":0,"signal":1139,"now_ms":1785595078632},"t":1785595078632}
[page] [jolt-webgpu] engine.run caller stalled 1190523 ms: {"jobs_submitted":1139,"jobs_started":1139,"jobs_finished":1138,"current_job_start_ms":1785593888385,"last_submit_ms":1785593888385,"last_drain_enter_ms":1785593888385,"last_drain_exit_ms":1785593888385,"device_errors":0,"device_lost":1,"caller_stall_probes":233,"pending_readbacks":0,"queue_len":0,"signal":1139,"now_ms":1785595078908}
[page] [gpu-worker][wedge] {"kind":"device","drainTraps":0,"rescuedWakeups":0,"signal":1,"engine":{"jobs_submitted":1,"jobs_started":1,"jobs_finished":1,"current_job_start_ms":0,"last_submit_ms":1785593738490,"last_drain_enter_ms":1785595083560,"last_drain_exit_ms":1785595083560,"device_errors":0,"device_lost":1,"caller_stall_probes":0,"pending_readbacks":0,"queue_len":0,"signal":1,"now_ms":1785595083560},"t":1785595083560}
[page] [gpu-worker][wedge] {"kind":"stall","jobDied":false,"stuckJob":true,"jobAgeMs":1195176,"drainTraps":0,"rescuedWakeups":0,"signal":1139,"engine":{"jobs_submitted":1139,"jobs_started":1139,"jobs_finished":1138,"current_job_start_ms":1785593888385,"last_submit_ms":1785593888385,"last_drain_enter_ms":1785593888385,"last_drain_exit_ms":1785593888385,"device_errors":0,"device_lost":1,"caller_stall_probes":233,"pending_readbacks":0,"queue_len":0,"signal":1139,"now_ms":1785595083561},"t":1785595083561}
[page] [jolt-webgpu] engine.run caller stalled 1195620 ms: {"jobs_submitted":1139,"jobs_started":1139,"jobs_finished":1138,"current_job_start_ms":1785593888385,"last_submit_ms":1785593888385,"last_drain_enter_ms":1785593888385,"last_drain_exit_ms":1785593888385,"device_errors":0,"device_lost":1,"caller_stall_probes":234,"pending_readbacks":0,"queue_len":0,"signal":1139,"now_ms":1785595084005}
[page] [gpu-worker][wedge] {"kind":"device","drainTraps":0,"rescuedWakeups":0,"signal":1,"engine":{"jobs_submitted":1,"jobs_started":1,"jobs_finished":1,"current_job_start_ms":0,"last_submit_ms":1785593738490,"last_drain_enter_ms":1785595088555,"last_drain_exit_ms":1785595088555,"device_errors":0,"device_lost":1,"caller_stall_probes":0,"pending_readbacks":0,"queue_len":0,"signal":1,"now_ms":1785595088555},"t":1785595088555}
[page] [gpu-worker][wedge] {"kind":"stall","jobDied":false,"stuckJob":true,"jobAgeMs":1200171,"drainTraps":0,"rescuedWakeups":0,"signal":1139,"engine":{"jobs_submitted":1139,"jobs_started":1139,"jobs_finished":1138,"current_job_start_ms":1785593888385,"last_submit_ms":1785593888385,"last_drain_enter_ms":1785593888385,"last_drain_exit_ms":1785593888385,"device_errors":0,"device_lost":1,"caller_stall_probes":234,"pending_readbacks":0,"queue_len":0,"signal":1139,"now_ms":1785595088556},"t":1785595088556}
[page] [jolt-webgpu] engine.run caller stalled 1200655 ms: {"jobs_submitted":1139,"jobs_started":1139,"jobs_finished":1138,"current_job_start_ms":1785593888385,"last_submit_ms":1785593888385,"last_drain_enter_ms":1785593888385,"last_drain_exit_ms":1785593888385,"device_errors":0,"device_lost":1,"caller_stall_probes":235,"pending_readbacks":0,"queue_len":0,"signal":1139,"now_ms":1785595089040}
[page] [gpu-worker][wedge] {"kind":"device","drainTraps":0,"rescuedWakeups":0,"signal":1,"engine":{"jobs_submitted":1,"jobs_started":1,"jobs_finished":1,"current_job_start_ms":0,"last_submit_ms":1785593738490,"last_drain_enter_ms":1785595093411,"last_drain_exit_ms":1785595093411,"device_errors":0,"device_lost":1,"caller_stall_probes":0,"pending_readbacks":0,"queue_len":0,"signal":1,"now_ms":1785595093547},"t":1785595093547}
[page] [gpu-worker][wedge] {"kind":"stall","jobDied":false,"stuckJob":true,"jobAgeMs":1205163,"drainTraps":0,"rescuedWakeups":0,"signal":1139,"engine":{"jobs_submitted":1139,"jobs_started":1139,"jobs_finished":1138,"current_job_start_ms":1785593888385,"last_submit_ms":1785593888385,"last_drain_enter_ms":1785593888385,"last_drain_exit_ms":1785593888385,"device_errors":0,"device_lost":1,"caller_stall_probes":235,"pending_readbacks":0,"queue_len":0,"signal":1139,"now_ms":1785595093548},"t":1785595093548}
[page] [jolt-webgpu] engine.run caller stalled 1205799 ms: {"jobs_submitted":1139,"jobs_started":1139,"jobs_finished":1138,"current_job_start_ms":1785593888385,"last_submit_ms":1785593888385,"last_drain_enter_ms":1785593888385,"last_drain_exit_ms":1785593888385,"device_errors":0,"device_lost":1,"caller_stall_probes":236,"pending_readbacks":0,"queue_len":0,"signal":1139,"now_ms":1785595094184}
[page] [gpu-worker][wedge] {"kind":"device","drainTraps":0,"rescuedWakeups":0,"signal":1,"engine":{"jobs_submitted":1,"jobs_started":1,"jobs_finished":1,"current_job_start_ms":0,"last_submit_ms":1785593738490,"last_drain_enter_ms":1785595098533,"last_drain_exit_ms":1785595098533,"device_errors":0,"device_lost":1,"caller_stall_probes":0,"pending_readbacks":0,"queue_len":0,"signal":1,"now_ms":1785595098533},"t":1785595098533}
[page] [gpu-worker][wedge] {"kind":"stall","jobDied":false,"stuckJob":true,"jobAgeMs":1210149,"drainTraps":0,"rescuedWakeups":0,"signal":1139,"engine":{"jobs_submitted":1139,"jobs_started":1139,"jobs_finished":1138,"current_job_start_ms":1785593888385,"last_submit_ms":1785593888385,"last_drain_enter_ms":1785593888385,"last_drain_exit_ms":1785593888385,"device_errors":0,"device_lost":1,"caller_stall_probes":236,"pending_readbacks":0,"queue_len":0,"signal":1139,"now_ms":1785595098534},"t":1785595098534}
[page] [jolt-webgpu] engine.run caller stalled 1210905 ms: {"jobs_submitted":1139,"jobs_started":1139,"jobs_finished":1138,"current_job_start_ms":1785593888385,"last_submit_ms":1785593888385,"last_drain_enter_ms":1785593888385,"last_drain_exit_ms":1785593888385,"device_errors":0,"device_lost":1,"caller_stall_probes":237,"pending_readbacks":0,"queue_len":0,"signal":1139,"now_ms":1785595099290}
[page] [gpu-worker][wedge] {"kind":"device","drainTraps":0,"rescuedWakeups":0,"signal":1,"engine":{"jobs_submitted":1,"jobs_started":1,"jobs_finished":1,"current_job_start_ms":0,"last_submit_ms":1785593738490,"last_drain_enter_ms":1785595103551,"last_drain_exit_ms":1785595103551,"device_errors":0,"device_lost":1,"caller_stall_probes":0,"pending_readbacks":0,"queue_len":0,"signal":1,"now_ms":1785595103551},"t":1785595103551}
[page] [gpu-worker][wedge] {"kind":"stall","jobDied":false,"stuckJob":true,"jobAgeMs":1215167,"drainTraps":0,"rescuedWakeups":0,"signal":1139,"engine":{"jobs_submitted":1139,"jobs_started":1139,"jobs_finished":1138,"current_job_start_ms":1785593888385,"last_submit_ms":1785593888385,"last_drain_enter_ms":1785593888385,"last_drain_exit_ms":1785593888385,"device_errors":0,"device_lost":1,"caller_stall_probes":237,"pending_readbacks":0,"queue_len":0,"signal":1139,"now_ms":1785595103552},"t":1785595103552}
Terminated: 15
page.evaluate: Target page, context or browser has been closed
    at run (/Users/andoroid/dev/jolt-wasm-prover/.worktrees/u3b-verify/bench-chain.mjs:98:34)
